doi,first_seen
doi:10.7910/DVN/A7K5LU,2026-09-28
doi:10.7910/DVN/19MIBB,2026-09-28
doi:10.7910/DVN/SHQKBM,2026-09-28
doi:10.7910/DVN/6HGLTN,2026-09-28
doi:10.7910/DVN/HE1NMG,2026-09-28
doi:10.7910/DVN/EWMIKZ,2026-09-28
doi:10.7910/DVN/PRYYZ5,2026-09-28
doi:10.7910/DVN/XKESGI,2026-09-28
doi:10.7910/DVN/OXSQMU,2026-09-28
doi:10.7910/DVN/LCZERW,2026-09-28
doi:10.7910/DVN/BZOCDJ,2026-09-28
doi:10.7910/DVN/K3CSNQ,2026-09-28
doi:10.7910/DVN/WJQITU,2026-09-28
doi:10.7910/DVN/NHDFFS,2026-09-28
doi:10.7910/DVN/THYJ8J,2026-09-28
doi:10.7910/DVN/HS5R5S,2026-09-28
doi:10.7910/DVN/RCT2YX,2026-09-28
doi:10.7910/DVN/ZQNHB1,2026-09-28
doi:10.7910/DVN/FADR69,2026-09-28
doi:10.7910/DVN/L6YB5I,2026-09-28
doi:10.7910/DVN/SH0F25,2026-09-28
doi:10.7910/DVN/PE5NTH,2026-09-28
doi:10.7910/DVN/SCYAPL,2026-09-28
doi:10.7910/DVN/1F74D0,2026-09-28
doi:10.7910/DVN/G5EMO2,2026-09-28
doi:10.7910/DVN/G2QBDY,2026-09-28
doi:10.7910/DVN/R9DWGH,2026-09-28
doi:10.7910/DVN/CBZSMD,2026-09-28
doi:10.7910/DVN/ACMM3W,2026-09-28
doi:10.7910/DVN/GTUD8P,2026-09-28
doi:10.7910/DVN/O3GDRX,2026-09-28
doi:10.7910/DVN/QJMCID,2026-09-28
doi:10.7910/DVN/9IZ3AB,2026-09-28
doi:10.7910/DVN/O3VHIX,2026-09-28
doi:10.7910/DVN/YGBWHC,2026-09-28
doi:10.7910/DVN/XF0NPN,2026-09-28
doi:10.7910/DVN/M5M7SR,2026-09-28
doi:10.7910/DVN/DYKFEK,2026-09-28
doi:10.7910/DVN/CFAQUC,2026-09-28
doi:10.7910/DVN/PCPPHI,2026-09-28
doi:10.7910/DVN/M1XRXT,2026-09-28
doi:10.7910/DVN/C7S2SI,2026-09-28
doi:10.7910/DVN/KN4UCV,2026-09-28
doi:10.7910/DVN/WSZH4H,2026-09-28
doi:10.7910/DVN/BPVYFD,2026-09-28
doi:10.7910/DVN/2NCI2E,2026-09-28
doi:10.7910/DVN/IFNXYS,2026-09-28
doi:10.7910/DVN/ZWKJTP,2026-09-28
doi:10.7910/DVN/ZJ1I0V,2026-09-28
doi:10.7910/DVN/JGHDYL,2026-09-28
doi:10.7910/DVN/QGH7P4,2026-09-28
doi:10.7910/DVN/TLLZUI,2026-09-28
doi:10.7910/DVN/2JZGDR,2026-09-28
doi:10.7910/DVN/DVFXRB,2026-09-28
doi:10.7910/DVN/G2BK1G,2026-09-28
doi:10.7910/DVN/NHOUXJ,2026-09-28
doi:10.7910/DVN/TAQCKK,2026-09-28
doi:10.7910/DVN/DXRLXI,2026-09-28
doi:10.7910/DVN/W0ZMF8,2026-09-28
doi:10.7910/DVN/VYDUKV,2026-09-28
doi:10.7910/DVN/YUFLFF,2026-09-28
doi:10.7910/DVN/Z3MVU7,2026-09-28
doi:10.7910/DVN/QHGLJS,2026-09-28
doi:10.7910/DVN/1FTZQS,2026-09-28
doi:10.7910/DVN/ES0YIJ,2026-09-28
doi:10.7910/DVN/H62FLL,2026-09-28
doi:10.7910/DVN/D1XSBR,2026-09-28
doi:10.7910/DVN/HKICHB,2026-09-28
doi:10.7910/DVN/CIDZ9H,2026-09-28
doi:10.7910/DVN/AVXHJI,2026-09-28
doi:10.7910/DVN/NXB0W0,2026-09-28
doi:10.7910/DVN/DPNEKE,2026-09-28
doi:10.7910/DVN/O9NYHN,2026-09-28
doi:10.7910/DVN/8OPEAL,2026-09-28
doi:10.7910/DVN/9RJFZF,2026-09-28
doi:10.7910/DVN/AP4IIC,2026-09-28
doi:10.7910/DVN/ALPYDK,2026-09-28
doi:10.7910/DVN/O2MS5I,2026-09-28
doi:10.7910/DVN/O80SKQ,2026-09-28
doi:10.7910/DVN/YMKFPZ,2026-09-28
doi:10.7910/DVN/D67GRI,2026-09-28
doi:10.7910/DVN/WEFPRB,2026-09-28
doi:10.7910/DVN/OG2REM,2026-09-28
doi:10.7910/DVN/XF3LHN,2026-09-28
doi:10.7910/DVN/1JMXYN,2026-09-28
doi:10.7910/DVN/KYPBRP,2026-09-28
doi:10.7910/DVN/EVF0DN,2026-09-28
doi:10.7910/DVN/0HKF6U,2026-09-28
doi:10.7910/DVN/PZCXQZ,2026-09-28
doi:10.7910/DVN/KWWUG7,2026-09-28
doi:10.7910/DVN/2LHT5U,2026-09-28
doi:10.7910/DVN/3QAQ9O,2026-09-28
doi:10.7910/DVN/UBKN7E,2026-09-28
doi:10.7910/DVN/GGKEQ8,2026-09-28
doi:10.7910/DVN/LMBY8P,2026-09-28
doi:10.7910/DVN/UNOOY0,2026-09-28
doi:10.7910/DVN/QBFD2S,2026-09-28
doi:10.7910/DVN/2M3NCJ,2026-09-28
doi:10.7910/DVN/E8SFJP,2026-09-28
doi:10.7910/DVN/NKPW79,2026-09-28
doi:10.7910/DVN/YZUTTK,2026-09-28
doi:10.7910/DVN/7GG1MC,2026-09-28
doi:10.7910/DVN/9ZYFBX,2026-09-28
doi:10.7910/DVN/TELPAY,2026-09-28
doi:10.7910/DVN/1ONKDX,2026-09-28
doi:10.7910/DVN/CXT4YN,2026-09-28
doi:10.7910/DVN/6ZA5NO,2026-09-28
doi:10.7910/DVN/KTMVT9,2026-09-28
doi:10.7910/DVN/WIEULE,2026-09-28
doi:10.7910/DVN/PA2XXO,2026-09-28
doi:10.7910/DVN/9UXYCQ,2026-09-28
doi:10.7910/DVN/SU3R6Y,2026-09-28
doi:10.7910/DVN/BS3DF7,2026-09-28
doi:10.7910/DVN/0BSMHG,2026-09-28
doi:10.7910/DVN/B3P41O,2026-09-28
doi:10.7910/DVN/9PXU5U,2026-09-28
doi:10.7910/DVN/VJQIL1,2026-09-28
doi:10.7910/DVN/CLGI63,2026-09-28
doi:10.7910/DVN/G126SC,2026-09-28
doi:10.7910/DVN/EW2GV5,2026-09-28
doi:10.7910/DVN/B3UBXR,2026-09-28
doi:10.7910/DVN/X9STDF,2026-09-28
doi:10.7910/DVN/IQB5UR,2026-09-28
doi:10.7910/DVN/CUWUYR,2026-09-28
doi:10.7910/DVN/ZU4FMC,2026-09-28
doi:10.7910/DVN/VMC1GO,2026-09-28
doi:10.7910/DVN/VEFZXI,2026-09-28
doi:10.7910/DVN/HDOEPP,2026-09-28
doi:10.7910/DVN/JPKJSJ,2026-09-28
doi:10.7910/DVN/DCOT4D,2026-09-28
doi:10.7910/DVN/8X77JA,2026-09-28
doi:10.7910/DVN/IESQYC,2026-09-28
doi:10.7910/DVN/FDW6CU,2026-09-28
doi:10.7910/DVN/OO6RB0,2026-09-28
doi:10.7910/DVN/MBMU7F,2026-09-28
doi:10.7910/DVN/QRAUDJ,2026-09-28
doi:10.7910/DVN/SNG5BW,2026-09-28
doi:10.7910/DVN/VHNPUO,2026-09-28
doi:10.7910/DVN/ZZYSIZ,2026-09-28
doi:10.7910/DVN/7DOXQY,2026-09-28
doi:10.7910/DVN/FW87Y1,2026-09-28
doi:10.7910/DVN/P1TL97,2026-09-28
doi:10.7910/DVN/EWXQQH,2026-09-28
doi:10.7910/DVN/KEWY2U,2026-09-28
doi:10.7910/DVN/IYN1YN,2026-09-28
doi:10.7910/DVN/S7TOGV,2026-09-28
doi:10.7910/DVN/I8B3VS,2026-09-28
doi:10.7910/DVN/UW9NBY,2026-09-28
doi:10.7910/DVN/YMLR66,2026-09-28
doi:10.7910/DVN/VGLBPX,2026-09-28
doi:10.7910/DVN/BWZ3N0,2026-09-28
doi:10.7910/DVN/FH74D9,2026-09-28
doi:10.7910/DVN/0YGVFR,2026-09-28
doi:10.7910/DVN/X2VJJX,2026-09-28
doi:10.7910/DVN/5O3EOW,2026-09-28
doi:10.7910/DVN/TM8ZDB,2026-09-28
doi:10.7910/DVN/JNV3XO,2026-09-28
doi:10.7910/DVN/ZTVXNL,2026-09-28
doi:10.7910/DVN/GIWOOO,2026-09-28
doi:10.7910/DVN/QLTFXN,2026-09-28
doi:10.7910/DVN/LXYVSA,2026-09-28
doi:10.7910/DVN/9JWDKK,2026-09-28
doi:10.7910/DVN/AIQOZL,2026-09-28
doi:10.7910/DVN/BXIRYE,2026-09-28
doi:10.7910/DVN/9PWJ3Y,2026-09-28
doi:10.7910/DVN/R2NKL3,2026-09-28
doi:10.7910/DVN/MLJQQN,2026-09-28
doi:10.7910/DVN/JADOZL,2026-09-28
doi:10.7910/DVN/P2U84B,2026-09-28
doi:10.7910/DVN/4MOTFS,2026-09-28
doi:10.7910/DVN/16VWOB,2026-09-28
doi:10.7910/DVN/UY2GRM,2026-09-28
doi:10.7910/DVN/XPTMGF,2026-09-28
doi:10.7910/DVN/YZGMQJ,2026-09-28
doi:10.7910/DVN/XAUF3H,2026-09-28
doi:10.7910/DVN/U090WG,2026-09-28
doi:10.7910/DVN/ZSEWM4,2026-09-28
doi:10.7910/DVN/FVCGN8,2026-09-28
doi:10.7910/DVN/OEHBYH,2026-09-28
doi:10.7910/DVN/GH69TI,2026-09-28
doi:10.7910/DVN/WYUGQ9,2026-09-28
doi:10.7910/DVN/WCTOA8,2026-09-28
doi:10.7910/DVN/XWBDPQ,2026-09-28
doi:10.7910/DVN/XNJSV3,2026-09-28
doi:10.7910/DVN/OM2N3X,2026-09-28
doi:10.7910/DVN/C2IATB,2026-09-28
doi:10.7910/DVN/9QJVJ1,2026-09-28
doi:10.7910/DVN/KJBFTT,2026-09-28
doi:10.7910/DVN/IPFOXC,2026-09-28
doi:10.7910/DVN/RKV5ZI,2026-09-28
doi:10.7910/DVN/MNO06W,2026-09-28
doi:10.7910/DVN/C8V44A,2026-09-28
doi:10.7910/DVN/EMAJMQ,2026-09-28
doi:10.7910/DVN/NT7H5O,2026-09-28
doi:10.7910/DVN/OAOJQZ,2026-09-28
doi:10.7910/DVN/LBPSSV,2026-09-28
doi:10.7910/DVN/ERXBAB,2026-09-28
doi:10.7910/DVN/JWTRSC,2026-09-28
doi:10.7910/DVN/SDSUQG,2026-09-28
doi:10.7910/DVN/QIA26P,2026-09-28
doi:10.7910/DVN/MPTSQR,2026-09-28
doi:10.7910/DVN/KKEVEA,2026-09-28
doi:10.7910/DVN/MLZ39X,2026-09-28
doi:10.7910/DVN/YTXZ6X,2026-09-28
doi:10.7910/DVN/PPVWIG,2026-09-28
doi:10.7910/DVN/Z0IGLS,2026-09-28
doi:10.7910/DVN/KOX2GH,2026-09-28
doi:10.7910/DVN/R1S5RP,2026-09-28
doi:10.7910/DVN/TEQYCH,2026-09-28
doi:10.7910/DVN/BFRJDU,2026-09-28
doi:10.7910/DVN/F8SRTA,2026-09-28
doi:10.7910/DVN/XY9TOC,2026-09-28
doi:10.7910/DVN/Y0B0RH,2026-09-28
doi:10.7910/DVN/G9OKGB,2026-09-28
doi:10.7910/DVN/8GNMUY,2026-09-28
doi:10.7910/DVN/BM2A1Q,2026-09-28
doi:10.7910/DVN/GM1VRQ,2026-09-28
doi:10.7910/DVN/6RVZ2P,2026-09-28
doi:10.7910/DVN/PZHUFO,2026-09-28
doi:10.7910/DVN/LJPHFR,2026-09-28
doi:10.7910/DVN/IZWS10,2026-09-28
doi:10.7910/DVN/98WHCF,2026-09-28
doi:10.7910/DVN/ZNRTYA,2026-09-28
doi:10.7910/DVN/HOMED8,2026-09-28
doi:10.7910/DVN/UXB857,2026-09-28
doi:10.7910/DVN/KEWQJS,2026-09-28
doi:10.7910/DVN/GXXUHV,2026-09-28
doi:10.7910/DVN/IBNCWC,2026-09-28
doi:10.7910/DVN/MP1AKL,2026-09-28
doi:10.7910/DVN/F6UCQT,2026-09-28
doi:10.7910/DVN/4GLPII,2026-09-28
doi:10.7910/DVN/FO6OXL,2026-09-28
doi:10.7910/DVN/NE0Y2I,2026-09-28
doi:10.7910/DVN/ZTWRSQ,2026-09-28
doi:10.7910/DVN/UKVOPE,2026-09-28
doi:10.7910/DVN/IAEUVB,2026-09-28
doi:10.7910/DVN/NSC8TJ,2026-09-28
doi:10.7910/DVN/CLYDWU,2026-09-28
doi:10.7910/DVN/EXI9G4,2026-09-28
doi:10.7910/DVN/YYTXOB,2026-09-28
doi:10.7910/DVN/JOZR5H,2026-09-28
doi:10.7910/DVN/BOGTNU,2026-09-28
doi:10.7910/DVN/LKRKQJ,2026-09-28
doi:10.7910/DVN/70UDEG,2026-09-28
doi:10.7910/DVN/BIQZNT,2026-09-28
doi:10.7910/DVN/01HXNF,2026-09-28
doi:10.7910/DVN/NWO52N,2026-09-28
doi:10.7910/DVN/HGFLGK,2026-09-28
doi:10.7910/DVN/LOBC53,2026-09-28
doi:10.7910/DVN/CTGKEJ,2026-09-28
doi:10.7910/DVN/I9E6EX,2026-09-28
doi:10.7910/DVN/SHYPDU,2026-09-28
doi:10.7910/DVN/WVBZNE,2026-09-28
doi:10.7910/DVN/NVXQ0G,2026-09-28
doi:10.7910/DVN/5K89TG,2026-09-28
doi:10.7910/DVN/SAA71U,2026-09-28
doi:10.7910/DVN/U9ZECG,2026-09-28
doi:10.7910/DVN/TPXVM4,2026-09-28
doi:10.7910/DVN/F2LQWC,2026-09-28
doi:10.7910/DVN/OIJ5ZD,2026-09-28
doi:10.7910/DVN/M06IRS,2026-09-28
doi:10.7910/DVN/YO5J2S,2026-09-28
doi:10.7910/DVN/VX5N1V,2026-09-28
doi:10.7910/DVN/Q7UV5W,2026-09-28
doi:10.7910/DVN/KGRITG,2026-09-28
doi:10.7910/DVN/G3X4EW,2026-09-28
doi:10.7910/DVN/EOIIEV,2026-09-28
doi:10.7910/DVN/GYX7GC,2026-09-28
doi:10.7910/DVN/5CNOTD,2026-09-28
doi:10.7910/DVN/OM6ZUR,2026-09-28
doi:10.7910/DVN/FEOKT6,2026-09-28
doi:10.7910/DVN/BLIVUP,2026-09-28
doi:10.7910/DVN/25830,2026-09-28
doi:10.7910/DVN/RK5GOH,2026-09-28
doi:10.7910/DVN/5GP5SI,2026-09-28
doi:10.7910/DVN/DMG0XD,2026-09-28
doi:10.7910/DVN/GS838F,2026-09-28
doi:10.7910/DVN/4DUB7X,2026-09-28
doi:10.7910/DVN/QQKR3F,2026-09-28
doi:10.7910/DVN/DWQLIB,2026-09-28
doi:10.7910/DVN/AV0CMJ,2026-09-28
doi:10.7910/DVN/NX0QGA,2026-09-28
doi:10.7910/DVN/UYKE7T,2026-09-28
doi:10.7910/DVN/RJ97IG,2026-09-28
doi:10.7910/DVN/NYOXTE,2026-09-28
doi:10.7910/DVN/3FF05Y,2026-09-28
doi:10.7910/DVN/YCDJNT,2026-09-28
doi:10.7910/DVN/WOEWJ3,2026-09-28
doi:10.7910/DVN/3GTZRX,2026-09-28
doi:10.7910/DVN/EAHO3I,2026-09-28
doi:10.7910/DVN/L6WBON,2026-09-28
doi:10.7910/DVN/74QEO9,2026-09-28
doi:10.7910/DVN/6OKNOY,2026-09-28
doi:10.7910/DVN/JZLTQR,2026-09-28
doi:10.7910/DVN/GT15SC,2026-09-28
doi:10.7910/DVN/ESR7YG,2026-09-28
doi:10.7910/DVN/I2HEVQ,2026-09-28
doi:10.7910/DVN/XRD6YG,2026-09-28
doi:10.7910/DVN/0PY9EA,2026-09-28
doi:10.7910/DVN/EORLRJ,2026-09-28
doi:10.7910/DVN/1SU7J4,2026-09-28
doi:10.7910/DVN/ASUFTY,2026-09-28
doi:10.7910/DVN/RFC66F,2026-09-28
doi:10.7910/DVN/JTGHQD,2026-09-28
doi:10.7910/DVN/NM0XLV,2026-09-28
doi:10.7910/DVN/H2JL7A,2026-09-28
doi:10.7910/DVN/UOYDHN,2026-09-28
doi:10.7910/DVN/JPHHJV,2026-09-28
doi:10.7910/DVN/MKWIHN,2026-09-28
doi:10.7910/DVN/NJIIPR,2026-09-28
doi:10.7910/DVN/FUAARK,2026-09-28
doi:10.7910/DVN/IOAMVW,2026-09-28
doi:10.7910/DVN/M0LB5V,2026-09-28
doi:10.7910/DVN/NKETXF,2026-09-28
doi:10.7910/DVN/PKI60Z,2026-09-28
doi:10.7910/DVN/3RWCPB,2026-09-28
doi:10.7910/DVN/TA1T4V,2026-09-28
doi:10.7910/DVN/LMW871,2026-09-28
doi:10.7910/DVN/JCT3F7,2026-09-28
doi:10.7910/DVN/VYVNFR,2026-09-28
doi:10.7910/DVN/HRUQZJ,2026-09-28
doi:10.7910/DVN/MXKMSE,2026-09-28
doi:10.7910/DVN/YGTFBW,2026-09-28
doi:10.7910/DVN/RDU9JR,2026-09-28
doi:10.7910/DVN/9JS5AJ,2026-09-28
doi:10.7910/DVN/2YD8IS,2026-09-28
doi:10.7910/DVN/U56Z43,2026-09-28
doi:10.7910/DVN/KAHHWQ,2026-09-28
doi:10.7910/DVN/DBMJQZ,2026-09-28
doi:10.7910/DVN/RKUZT3,2026-09-28
doi:10.7910/DVN/SWHIKY,2026-09-28
doi:10.7910/DVN/EHH9XT,2026-09-28
doi:10.7910/DVN/YDLYLE,2026-09-28
doi:10.7910/DVN/6KCW8Z,2026-09-28
doi:10.7910/DVN/MB8FGY,2026-09-28
doi:10.7910/DVN/DSCREK,2026-09-28
doi:10.7910/DVN/RQNVFW,2026-09-28
doi:10.7910/DVN/ILKRK2,2026-09-28
doi:10.7910/DVN/3EKRSI,2026-09-28
doi:10.7910/DVN/RJY34I,2026-09-28
doi:10.7910/DVN/RMFLKR,2026-09-28
doi:10.7910/DVN/U5IESG,2026-09-28
doi:10.7910/DVN/JPVEX5,2026-09-28
doi:10.7910/DVN/WIJ0PS,2026-09-28
doi:10.7910/DVN/RTGDFW,2026-09-28
doi:10.7910/DVN/IG6ICN,2026-09-28
doi:10.7910/DVN/TE9U5S,2026-09-28
doi:10.7910/DVN/UUDOS0,2026-09-28
doi:10.7910/DVN/THU75A,2026-09-28
doi:10.7910/DVN/AIKUDN,2026-09-28
doi:10.7910/DVN/TNQ7EI,2026-09-28
doi:10.7910/DVN/H90IVD,2026-09-28
doi:10.7910/DVN/WGPHFT,2026-09-28
doi:10.7910/DVN/ALEVIE,2026-09-28
doi:10.7910/DVN/OF1JOF,2026-09-28
doi:10.7910/DVN/QEUF67,2026-09-28
doi:10.7910/DVN/0Y8IKW,2026-09-28
doi:10.7910/DVN/ISBPIH,2026-09-28
doi:10.7910/DVN/8SIOKU,2026-09-28
doi:10.7910/DVN/MFFV3C,2026-09-28
doi:10.7910/DVN/FH5WV4,2026-09-28
doi:10.7910/DVN/SBXFXC,2026-09-28
doi:10.7910/DVN/ZCZ6SG,2026-09-28
doi:10.7910/DVN/G7J6QJ,2026-09-28
doi:10.7910/DVN/AZUWVA,2026-09-28
doi:10.7910/DVN/GMFAUC,2026-09-28
doi:10.7910/DVN/AHQRVR,2026-09-28
doi:10.7910/DVN/OMPDH0,2026-09-28
doi:10.7910/DVN/64HPWB,2026-09-28
doi:10.7910/DVN/HHNZGT,2026-09-28
doi:10.7910/DVN/TKRHZU,2026-09-28
doi:10.7910/DVN/T5LYWS,2026-09-28
doi:10.7910/DVN/TMJWIA,2026-09-28
doi:10.7910/DVN/2IFZR9,2026-09-28
doi:10.7910/DVN/5PEQSS,2026-09-28
doi:10.7910/DVN/M9LGXX,2026-09-28
doi:10.7910/DVN/UECUBY,2026-09-28
doi:10.7910/DVN/G1BZ23,2026-09-28
doi:10.7910/DVN/HNH7BX,2026-09-28
doi:10.7910/DVN/IXTLRP,2026-09-28
doi:10.7910/DVN/7JFVQI,2026-09-28
doi:10.7910/DVN/PHRNTQ,2026-09-28
doi:10.7910/DVN/SI0NQF,2026-09-28
doi:10.7910/DVN/8LQZW9,2026-09-28
doi:10.7910/DVN/EMIDOA,2026-09-28
doi:10.7910/DVN/LKE1WQ,2026-09-28
doi:10.7910/DVN/PATI3W,2026-09-28
doi:10.7910/DVN/PXXUCO,2026-09-28
doi:10.7910/DVN/WTS3ML,2026-09-28
doi:10.7910/DVN/RZVMJW,2026-09-28
doi:10.7910/DVN/CXJBEK,2026-09-28
doi:10.7910/DVN/50M5Z4,2026-09-28
doi:10.7910/DVN/A2XDZP,2026-09-28
doi:10.7910/DVN/SG55BJ,2026-09-28
doi:10.7910/DVN/GHZFJM,2026-09-28
doi:10.7910/DVN/TJK8QV,2026-09-28
doi:10.7910/DVN/NGFLRO,2026-09-28
doi:10.7910/DVN/H8SIXG,2026-09-28
doi:10.7910/DVN/9HXKRA,2026-09-28
doi:10.7910/DVN/JCSOB8,2026-09-28
doi:10.7910/DVN/TVCR8J,2026-09-28
doi:10.7910/DVN/X0ZPH4,2026-09-28
doi:10.7910/DVN/C1SWYV,2026-09-28
doi:10.7910/DVN/DVWV0O,2026-09-28
doi:10.7910/DVN/FUFDYH,2026-09-28
doi:10.7910/DVN/UMFJRG,2026-09-28
doi:10.7910/DVN/YLCN5E,2026-09-28
doi:10.7910/DVN/JV8GBI,2026-09-28
doi:10.7910/DVN/LH67QU,2026-09-28
doi:10.7910/DVN/MUSFYH,2026-09-28
doi:10.7910/DVN/VELEMB,2026-09-28
doi:10.7910/DVN/SPLDTF,2026-09-28
doi:10.7910/DVN/K04IOD,2026-09-28
doi:10.7910/DVN/9QSQIW,2026-09-28
doi:10.7910/DVN/5TBFXL,2026-09-28
doi:10.7910/DVN/E5KOKE,2026-09-28
doi:10.7910/DVN/K0XBXX,2026-09-28
doi:10.7910/DVN/F8JXHR,2026-09-28
doi:10.7910/DVN/DIU0M1,2026-09-28
doi:10.7910/DVN/TYJFQD,2026-09-28
doi:10.7910/DVN/PSSLAC,2026-09-28
doi:10.7910/DVN/P3XVFO,2026-09-28
doi:10.7910/DVN/DG2J0F,2026-09-28
doi:10.7910/DVN/VW1GDD,2026-09-28
doi:10.7910/DVN/MEWHPE,2026-09-28
doi:10.7910/DVN/EQQAT3,2026-09-28
doi:10.7910/DVN/6XGUWQ,2026-09-28
doi:10.7910/DVN/S2SNOT,2026-09-28
doi:10.7910/DVN/LHTRWM,2026-09-28
doi:10.7910/DVN/YABNFF,2026-09-28
doi:10.7910/DVN/MURIT2,2026-09-28
doi:10.7910/DVN/VZZBHE,2026-09-28
doi:10.7910/DVN/SHHVCA,2026-09-28
doi:10.7910/DVN/T9AEBN,2026-09-28
doi:10.7910/DVN/O3DTSF,2026-09-28
doi:10.7910/DVN/GHRHU7,2026-09-28
doi:10.7910/DVN/LCCOH6,2026-09-28
doi:10.7910/DVN/OFCAAE,2026-09-28
doi:10.7910/DVN/WQEQPN,2026-09-28
doi:10.7910/DVN/NDHWX0,2026-09-28
doi:10.7910/DVN/8I6NOT,2026-09-28
doi:10.7910/DVN/GSO5FP,2026-09-28
doi:10.7910/DVN/NYPOQD,2026-09-28
doi:10.7910/DVN/WZI945,2026-09-28
doi:10.7910/DVN/FBKO6N,2026-09-28
doi:10.7910/DVN/TNXRNM,2026-09-28
doi:10.7910/DVN/AYBXMJ,2026-09-28
doi:10.7910/DVN/DYCUSZ,2026-09-28
doi:10.7910/DVN/7WUTWA,2026-09-28
doi:10.7910/DVN/1HOKCH,2026-09-28
doi:10.7910/DVN/LIJSWE,2026-09-28
doi:10.7910/DVN/S5YMS7,2026-09-28
doi:10.7910/DVN/KJ8IH2,2026-09-28
doi:10.7910/DVN/QYZGEI,2026-09-28
doi:10.7910/DVN/ZQMYII,2026-09-28
doi:10.7910/DVN/NVVVUV,2026-09-28
doi:10.7910/DVN/0WIFZU,2026-09-28
doi:10.7910/DVN/ZCEQPS,2026-09-28
doi:10.7910/DVN/R8TUOQ,2026-09-28
doi:10.7910/DVN/KSTD9J,2026-09-28
doi:10.7910/DVN/PNYG29,2026-09-28
doi:10.7910/DVN/Q4VN7A,2026-09-28
doi:10.7910/DVN/1CNMHF,2026-09-28
doi:10.7910/DVN/COFHJL,2026-09-28
doi:10.7910/DVN/F2OX6O,2026-09-28
doi:10.7910/DVN/IK4NUZ,2026-09-28
doi:10.7910/DVN/ITKNX5,2026-09-28
doi:10.7910/DVN/4VHZWW,2026-09-28
doi:10.7910/DVN/G1JCKK,2026-09-28
doi:10.7910/DVN/HKV6YX,2026-09-28
doi:10.7910/DVN/2JKWNS,2026-09-28
doi:10.7910/DVN/15GBXD,2026-09-28
doi:10.7910/DVN/3DRQOB,2026-09-28
doi:10.7910/DVN/WQ1R5X,2026-09-28
doi:10.7910/DVN/QDTLYV,2026-09-28
doi:10.7910/DVN/IM0FZN,2026-09-28
doi:10.7910/DVN/QTJGR5,2026-09-28
doi:10.7910/DVN/UGI0MH,2026-09-28
doi:10.7910/DVN/YXMGMU,2026-09-28
doi:10.7910/DVN/AH6AZK,2026-09-28
doi:10.7910/DVN/YZHHPX,2026-09-28
doi:10.7910/DVN/LIXQUW,2026-09-28
doi:10.7910/DVN/RQE9SO,2026-09-28
doi:10.7910/DVN/A81LPK,2026-09-28
doi:10.7910/DVN/JO8C7A,2026-09-28
doi:10.7910/DVN/M5SDCH,2026-09-28
doi:10.7910/DVN/9MQDK7,2026-09-28
doi:10.7910/DVN/4P2JA3,2026-09-28
doi:10.7910/DVN/Q9E8RF,2026-09-28
doi:10.7910/DVN/H1HRYV,2026-09-28
doi:10.7910/DVN/KDOM7E,2026-09-28
doi:10.7910/DVN/RHPSZD,2026-09-28
doi:10.7910/DVN/UW8G4Y,2026-09-28
doi:10.7910/DVN/082VIU,2026-09-28
doi:10.7910/DVN/9CEQKX,2026-09-28
doi:10.7910/DVN/8BTOHQ,2026-09-28
doi:10.7910/DVN/JH5UU8,2026-09-28
doi:10.7910/DVN/DZWOCK,2026-09-28
doi:10.7910/DVN/EAPKQX,2026-09-28
doi:10.7910/DVN/GNR1ZE,2026-09-28
doi:10.7910/DVN/GYEGW4,2026-09-28
doi:10.7910/DVN/XMKPSQ,2026-09-28
doi:10.7910/DVN/GKVNDS,2026-09-28
doi:10.7910/DVN/IROJ12,2026-09-28
doi:10.7910/DVN/C139OP,2026-09-28
doi:10.7910/DVN/CCV1NN,2026-09-28
doi:10.7910/DVN/FLV8GQ,2026-09-28
doi:10.7910/DVN/P6N636,2026-09-28
doi:10.7910/DVN/BGCVOW,2026-09-28
doi:10.7910/DVN/AP0DHP,2026-09-28
doi:10.7910/DVN/5UEEU2,2026-09-28
doi:10.7910/DVN/BC2HEO,2026-09-28
doi:10.7910/DVN/JTOSEW,2026-09-28
doi:10.7910/DVN/MO3KOQ,2026-09-28
doi:10.7910/DVN/383K6K,2026-09-28
doi:10.7910/DVN/HDDPTB,2026-09-28
doi:10.7910/DVN/BOWEJG,2026-09-28
doi:10.7910/DVN/ZABHCA,2026-09-28
doi:10.7910/DVN/1XXDMW,2026-09-28
doi:10.7910/DVN/XS4P50,2026-09-28
doi:10.7910/DVN/UM0ZOF,2026-09-28
doi:10.7910/DVN/S1EUAF,2026-09-28
doi:10.7910/DVN/2XO7HR,2026-09-28
doi:10.7910/DVN/19FLXV,2026-09-28
doi:10.7910/DVN/VWFKDG,2026-09-28
doi:10.7910/DVN/MOL5B3,2026-09-28
doi:10.7910/DVN/PAMABU,2026-09-28
doi:10.7910/DVN/NRRVJ3,2026-09-28
doi:10.7910/DVN/LCWR7G,2026-09-28
doi:10.7910/DVN/NOMC0H,2026-09-28
doi:10.7910/DVN/IR9XGC,2026-09-28
doi:10.7910/DVN/VRH8ND,2026-09-28
doi:10.7910/DVN/57QESD,2026-09-28
doi:10.7910/DVN/RDIJQC,2026-09-28
doi:10.7910/DVN/N1JX6Y,2026-09-28
doi:10.7910/DVN/YTRCQE,2026-09-28
doi:10.7910/DVN/YF761K,2026-09-28
doi:10.7910/DVN/YUXHZT,2026-09-28
doi:10.7910/DVN/JORLQM,2026-09-28
doi:10.7910/DVN/8ZT2ID,2026-09-28
doi:10.7910/DVN/IUZDQI,2026-09-28
doi:10.7910/DVN/QIWQWL,2026-09-28
doi:10.7910/DVN/4M0HEN,2026-09-28
doi:10.7910/DVN/FCZDKD,2026-09-28
doi:10.7910/DVN/WTYLTK,2026-09-28
doi:10.7910/DVN/EPDD6F,2026-09-28
doi:10.7910/DVN/7WFX1K,2026-09-28
doi:10.7910/DVN/RSSRRV,2026-09-28
doi:10.7910/DVN/6AAGM9,2026-09-28
doi:10.7910/DVN/OVEGLS,2026-09-28
doi:10.7910/DVN/2CITBJ,2026-09-28
doi:10.7910/DVN/TRLSJA,2026-09-28
doi:10.7910/DVN/KQJKY0,2026-09-28
doi:10.7910/DVN/PYRVKV,2026-09-28
doi:10.7910/DVN/QQ2FV9,2026-09-28
doi:10.7910/DVN/CCGPUQ,2026-09-28
doi:10.7910/DVN/QM15HX,2026-09-28
doi:10.7910/DVN/XI7ENB,2026-09-28
doi:10.7910/DVN/HULLNG,2026-09-28
doi:10.7910/DVN/E3BAO5,2026-09-28
doi:10.7910/DVN/TI7ORN,2026-09-28
doi:10.7910/DVN/5LAZ54,2026-09-28
doi:10.7910/DVN/OARGFC,2026-09-28
doi:10.7910/DVN/YDBMNI,2026-09-28
doi:10.7910/DVN/5QBS9A,2026-09-28
doi:10.7910/DVN/HVRCKM,2026-09-28
doi:10.7910/DVN/HD7UUU,2026-09-28
doi:10.7910/DVN/KSSFDI,2026-09-28
doi:10.7910/DVN/MYF97D,2026-09-28
doi:10.7910/DVN/MCEFXL,2026-09-28
doi:10.7910/DVN/CFASH6,2026-09-28
doi:10.7910/DVN/8BFYQO,2026-09-28
doi:10.7910/DVN/HDGUDZ,2026-09-28
doi:10.7910/DVN/5MAQC2,2026-09-28
doi:10.7910/DVN/VCE7KN,2026-09-28
doi:10.7910/DVN/7PZHF6,2026-09-28
doi:10.7910/DVN/GL2WN8,2026-09-28
doi:10.7910/DVN/J0GBTX,2026-09-28
doi:10.7910/DVN/UN3KML,2026-09-28
doi:10.7910/DVN/VWBTL5,2026-09-28
doi:10.7910/DVN/9OK6RH,2026-09-28
doi:10.7910/DVN/9AMKHL,2026-09-28
doi:10.7910/DVN/KFQOCV,2026-09-28
doi:10.7910/DVN/KPS1KY,2026-09-28
doi:10.7910/DVN/B9U5BH,2026-09-28
doi:10.7910/DVN/AQHPTT,2026-09-28
doi:10.7910/DVN/FF3DQM,2026-09-28
doi:10.7910/DVN/VGWNP9,2026-09-28
doi:10.7910/DVN/Z7P7RL,2026-09-28
doi:10.7910/DVN/PUIJIU,2026-09-28
doi:10.7910/DVN/RJL2DK,2026-09-28
doi:10.7910/DVN/FVCGHC,2026-09-28
doi:10.7910/DVN/X7AMNO,2026-09-28
doi:10.7910/DVN/AA96D2,2026-09-28
doi:10.7910/DVN/FECIO3,2026-09-28
doi:10.7910/DVN/M4ARI7,2026-09-28
doi:10.7910/DVN/OLTXFC,2026-09-28
doi:10.7910/DVN/FTYHPJ,2026-09-28
doi:10.7910/DVN/W8HUKY,2026-09-28
doi:10.7910/DVN/QSZMPD,2026-09-28
doi:10.7910/DVN/MM2VWC,2026-09-28
doi:10.7910/DVN/D7ZXZI,2026-09-28
doi:10.7910/DVN/NNNPOU,2026-09-28
doi:10.7910/DVN/ZIXH95,2026-09-28
doi:10.7910/DVN/H1CCWM,2026-09-28
doi:10.7910/DVN/RRBPUD,2026-09-28
doi:10.7910/DVN/KGOUYI,2026-09-28
doi:10.7910/DVN/8IWRBI,2026-09-28
doi:10.7910/DVN/UHUK4P,2026-09-28
doi:10.7910/DVN/9B8HQN,2026-09-28
doi:10.7910/DVN/XYT1VB,2026-09-28
doi:10.7910/DVN/NFZLI3,2026-09-28
doi:10.7910/DVN/H9XGEB,2026-09-28
doi:10.7910/DVN/ZJTLSW,2026-09-28
doi:10.7910/DVN/B1HHGV,2026-09-28
doi:10.7910/DVN/XKMNAO,2026-09-28
doi:10.7910/DVN/DHZBAB,2026-09-28
doi:10.7910/DVN/NOWHWG,2026-09-28
doi:10.7910/DVN/AW6L1P,2026-09-28
doi:10.7910/DVN/EKZQSZ,2026-09-28
doi:10.7910/DVN/TWVXKZ,2026-09-28
doi:10.7910/DVN/QVY8JO,2026-09-28
doi:10.7910/DVN/D64FNB,2026-09-28
doi:10.7910/DVN/QTOIQF,2026-09-28
doi:10.7910/DVN/38BFML,2026-09-28
doi:10.7910/DVN/TI5BPV,2026-09-28
doi:10.7910/DVN/CFTMK2,2026-09-28
doi:10.7910/DVN/IANHOG,2026-09-28
doi:10.7910/DVN/5CYWWF,2026-09-28
doi:10.7910/DVN/YGUHTD,2026-09-28
doi:10.7910/DVN/VKOMCK,2026-09-28
doi:10.7910/DVN/SEOCQ0,2026-09-28
doi:10.7910/DVN/XF1157,2026-09-28
doi:10.7910/DVN/HUKSID,2026-09-28
doi:10.7910/DVN/03CDTK,2026-09-28
doi:10.7910/DVN/SQH6IF,2026-09-28
doi:10.7910/DVN/ARIQT2,2026-09-28
doi:10.7910/DVN/1ZOEEX,2026-09-28
doi:10.7910/DVN/5QUCW7,2026-09-28
doi:10.7910/DVN/EDRAIQ,2026-09-28
doi:10.7910/DVN/K3QWZW,2026-09-28
doi:10.7910/DVN/6A2J2T,2026-09-28
doi:10.7910/DVN/OWQNVF,2026-09-28
doi:10.7910/DVN/OOMI57,2026-09-28
doi:10.7910/DVN/YDSRWF,2026-09-28
doi:10.7910/DVN/VNHM17,2026-09-28
doi:10.7910/DVN/UVANPR,2026-09-28
doi:10.7910/DVN/KTCXTE,2026-09-28
doi:10.7910/DVN/AOTVAU,2026-09-28
doi:10.7910/DVN/YUNDMQ,2026-09-28
doi:10.7910/DVN/SNW8PV,2026-09-28
doi:10.7910/DVN/VTUSLV,2026-09-28
doi:10.7910/DVN/HHMXU3,2026-09-28
doi:10.7910/DVN/LFQZVU,2026-09-28
doi:10.7910/DVN/PSGCJH,2026-09-28
doi:10.7910/DVN/T1TELH,2026-09-28
doi:10.7910/DVN/DAR56O,2026-09-28
doi:10.7910/DVN/RUQ2KP,2026-09-28
doi:10.7910/DVN/SFBX6Z,2026-09-28
doi:10.7910/DVN/PCM2O2,2026-09-28
doi:10.7910/DVN/3KOQWQ,2026-09-28
doi:10.7910/DVN/JSR0OE,2026-09-28
doi:10.7910/DVN/AY32JZ,2026-09-28
doi:10.7910/DVN/KGVBNC,2026-09-28
doi:10.7910/DVN/AJHFHU,2026-09-28
doi:10.7910/DVN/SJI4IA,2026-09-28
doi:10.7910/DVN/SAPQYS,2026-09-28
doi:10.7910/DVN/Q8NRTS,2026-09-28
doi:10.7910/DVN/X8ZRVO,2026-09-28
doi:10.7910/DVN/KZIXI0,2026-09-28
doi:10.7910/DVN/TPGPCR,2026-09-28
doi:10.7910/DVN/UJYEAD,2026-09-28
doi:10.7910/DVN/CTZNJV,2026-09-28
doi:10.7910/DVN/DQZXQB,2026-09-28
doi:10.7910/DVN/GJIRV0,2026-09-28
doi:10.7910/DVN/AL1A4Q,2026-09-28
doi:10.7910/DVN/CRPAA8,2026-09-28
doi:10.7910/DVN/KWPEKK,2026-09-28
doi:10.7910/DVN/TTE3SQ,2026-09-28
doi:10.7910/DVN/AI3VM8,2026-09-28
doi:10.7910/DVN/XEXISR,2026-09-28
doi:10.7910/DVN/E7OQEY,2026-09-28
doi:10.7910/DVN/DO43V5,2026-09-28
doi:10.7910/DVN/SJ8ER9,2026-09-28
doi:10.7910/DVN/NEIYVD,2026-09-28
doi:10.7910/DVN/5UMCKK,2026-09-28
doi:10.7910/DVN/KBRXOR,2026-09-28
doi:10.7910/DVN/VHNHHN,2026-09-28
doi:10.7910/DVN/F4NUMR,2026-09-28
doi:10.7910/DVN/ILZ5QL,2026-09-28
doi:10.7910/DVN/OJQJRM,2026-09-28
doi:10.7910/DVN/0ZRGEE,2026-09-28
doi:10.7910/DVN/ZUMTTN,2026-09-28
doi:10.7910/DVN/RAMHWP,2026-09-28
doi:10.7910/DVN/PENDX4,2026-09-28
doi:10.7910/DVN/10HLY3,2026-09-28
doi:10.7910/DVN/INVDWM,2026-09-28
doi:10.7910/DVN/MYSRXT,2026-09-28
doi:10.7910/DVN/8SR1GY,2026-09-28
doi:10.7910/DVN/1QZ0JZ,2026-09-28
doi:10.7910/DVN/V7SQRW,2026-09-28
doi:10.7910/DVN/T5DKRO,2026-09-28
doi:10.7910/DVN/EY2I6M,2026-09-28
doi:10.7910/DVN/TKU9WH,2026-09-28
doi:10.7910/DVN/GA0X38,2026-09-28
doi:10.7910/DVN/K1XN7Q,2026-09-28
doi:10.7910/DVN/KDSF60,2026-09-28
doi:10.7910/DVN/YFPCBP,2026-09-28
doi:10.7910/DVN/UTAP1V,2026-09-28
doi:10.7910/DVN/2IGRV9,2026-09-28
doi:10.7910/DVN/EHGCOF,2026-09-28
doi:10.7910/DVN1/22636,2026-09-28
doi:10.7910/DVN/NNBZP7,2026-09-28
doi:10.7910/DVN/QR73H6,2026-09-28
doi:10.7910/DVN/HAU0EX,2026-09-28
doi:10.7910/DVN/ZFS7LI,2026-09-28
doi:10.7910/DVN/MT9X84,2026-09-28
doi:10.7910/DVN/QWXPUA,2026-09-28
doi:10.7910/DVN/HQXKJ9,2026-09-28
doi:10.7910/DVN/YMMSIC,2026-09-28
doi:10.7910/DVN/K7292I,2026-09-28
doi:10.7910/DVN/7NC3UL,2026-09-28
doi:10.7910/DVN/27572,2026-09-28
doi:10.7910/DVN/DK4FXA,2026-09-28
doi:10.7910/DVN/IUG2C4,2026-09-28
doi:10.7910/DVN/XBZUUN,2026-09-28
doi:10.7910/DVN/AXVEXM,2026-09-28
doi:10.7910/DVN/28158,2026-09-28
doi:10.7910/DVN/26564,2026-09-28
doi:10.7910/DVN/27176,2026-09-28
doi:10.7910/DVN/QQ1AGU,2026-09-28
doi:10.7910/DVN/27192,2026-09-28
doi:10.7910/DVN/NDS9AT,2026-09-28
doi:10.7910/DVN/KGMQBX,2026-09-28
doi:10.7910/DVN/H5MM1N,2026-09-28
doi:10.7910/DVN/ZGDYNQ,2026-09-28
doi:10.7910/DVN/26937,2026-09-28
doi:10.7910/DVN/CXNXEZ,2026-09-28
doi:10.7910/DVN/23714,2026-09-28
doi:10.7910/DVN/23402,2026-09-28
doi:10.7910/DVN/EGM43G,2026-09-28
doi:10.7910/DVN/WC8DPI,2026-09-28
doi:10.7910/DVN/TJZGPY,2026-09-28
doi:10.7910/DVN/IQW9LQ,2026-09-28
doi:10.7910/DVN/CTQKJA,2026-09-28
doi:10.7910/DVN/Z7RTOQ,2026-09-28
doi:10.7910/DVN/RCMM6E,2026-09-28
doi:10.7910/DVN/X73I3J,2026-09-28
doi:10.7910/DVN/FFXKHO,2026-09-28
doi:10.7910/DVN/NNMDGM,2026-09-28
doi:10.7910/DVN/UH9W2F,2026-09-28
doi:10.7910/DVN/QB3BFP,2026-09-28
doi:10.7910/DVN/92YTR4,2026-09-28
doi:10.7910/DVN/SMPK2N,2026-09-28
doi:10.7910/DVN/OTF0JB,2026-09-28
doi:10.7910/DVN/BHU6SP,2026-09-28
doi:10.7910/DVN/APW0R7,2026-09-28
doi:10.7910/DVN/KOYY8S,2026-09-28
doi:10.7910/DVN/XMVIR7,2026-09-28
doi:10.7910/DVN/EEXSJP,2026-09-28
doi:10.7910/DVN/0GNCP5,2026-09-28
doi:10.7910/DVN/ILENEU,2026-09-28
doi:10.7910/DVN/FLJMRM,2026-09-28
doi:10.7910/DVN/QJGWDY,2026-09-28
doi:10.7910/DVN/DA7BA3,2026-09-28
doi:10.7910/DVN/YYUVW7,2026-09-28
doi:10.7910/DVN/P9UL3O,2026-09-28
doi:10.7910/DVN/H7HDX9,2026-09-28
doi:10.7910/DVN/I9TIIM,2026-09-28
doi:10.7910/DVN/AICW6R,2026-09-28
doi:10.7910/DVN/81MG6A,2026-09-28
doi:10.7910/DVN/AOWHWQ,2026-09-28
doi:10.7910/DVN/RRNIDP,2026-09-28
doi:10.7910/DVN/EZ1UDS,2026-09-28
doi:10.7910/DVN/MBFF92,2026-09-28
doi:10.7910/DVN/X6BG8Q,2026-09-28
doi:10.7910/DVN/BAIWE4,2026-09-28
doi:10.7910/DVN/RBY4G7,2026-09-28
doi:10.7910/DVN/C2SFVF,2026-09-28
doi:10.7910/DVN/D5GE4A,2026-09-28
doi:10.7910/DVN/C6KQCP,2026-09-28
doi:10.7910/DVN/EWWOIP,2026-09-28
doi:10.7910/DVN/D2WJ4B,2026-09-28
doi:10.7910/DVN/HVRAOH,2026-09-28
doi:10.7910/DVN/TCEZEQ,2026-09-28
doi:10.7910/DVN/A4MKWW,2026-09-28
doi:10.7910/DVN/6ZHSUP,2026-09-28
doi:10.7910/DVN/W0OCES,2026-09-28
doi:10.7910/DVN/FBZQH9,2026-09-28
doi:10.7910/DVN/SNH4RC,2026-09-28
doi:10.7910/DVN/NWDZJB,2026-09-28
doi:10.7910/DVN/OENR84,2026-09-28
doi:10.7910/DVN/E3PBWX,2026-09-28
doi:10.7910/DVN/24714,2026-09-28
doi:10.7910/DVN/FZS8RN,2026-09-28
doi:10.7910/DVN/OWAR19,2026-09-28
doi:10.7910/DVN/FSDB86,2026-09-28
doi:10.7910/DVN/ZNCNX3,2026-09-28
doi:10.7910/DVN/YPRUQZ,2026-09-28
doi:10.7910/DVN/NJ0XCI,2026-09-28
doi:10.7910/DVN/XMZSSY,2026-09-28
doi:10.7910/DVN/CGRQU8,2026-09-28
doi:10.7910/DVN/1AB1M7,2026-09-28
doi:10.7910/DVN/BXZL6P,2026-09-28
doi:10.7910/DVN/EO04JH,2026-09-28
doi:10.7910/DVN/SIAKEK,2026-09-28
doi:10.7910/DVN/IBSSC0,2026-09-28
doi:10.7910/DVN/VJKIAX,2026-09-28
doi:10.7910/DVN/DQABDX,2026-09-28
doi:10.7910/DVN/UN95JK,2026-09-28
doi:10.7910/DVN/GWVP2A,2026-09-28
doi:10.7910/DVN/EDWEEI,2026-09-28
doi:10.7910/DVN/VPUA4S,2026-09-28
doi:10.7910/DVN/4SYZHV,2026-09-28
doi:10.7910/DVN/FY2TBC,2026-09-28
doi:10.7910/DVN/XUNL9H,2026-09-28
doi:10.7910/DVN/NCONLM,2026-09-28
doi:10.7910/DVN/SLGAXZ,2026-09-28
doi:10.7910/DVN/XY1FFE,2026-09-28
doi:10.7910/DVN/BKWODJ,2026-09-28
doi:10.7910/DVN/PZ2VKQ,2026-09-28
doi:10.7910/DVN/CWYNS5,2026-09-28
doi:10.7910/DVN/YTSK3R,2026-09-28
doi:10.7910/DVN/UOJNCQ,2026-09-28
doi:10.7910/DVN/U10SJ6,2026-09-28
doi:10.7910/DVN/IMQIF9,2026-09-28
doi:10.7910/DVN/SHHGAH,2026-09-28
doi:10.7910/DVN/AIN4HY,2026-09-28
doi:10.7910/DVN/PRBIAS,2026-09-28
doi:10.7910/DVN/VXA6WY,2026-09-28
doi:10.7910/DVN/PVERG0,2026-09-28
doi:10.7910/DVN/GTY7AQ,2026-09-28
doi:10.7910/DVN/0XQNDR,2026-09-28
doi:10.7910/DVN/GAI1LM,2026-09-28
doi:10.7910/DVN/LWOCWO,2026-09-28
doi:10.7910/DVN/J6C26T,2026-09-28
doi:10.7910/DVN/PTCCAB,2026-09-28
doi:10.7910/DVN/ZXZXLU,2026-09-28
doi:10.7910/DVN/XO4H3J,2026-09-28
doi:10.7910/DVN/E0BJIZ,2026-09-28
doi:10.7910/DVN/YRTJOP,2026-09-28
doi:10.7910/DVN/X87YY2,2026-09-28
doi:10.7910/DVN/7JMQQZ,2026-09-28
doi:10.7910/DVN/3XR9UP,2026-09-28
doi:10.7910/DVN/BNCVZK,2026-09-28
doi:10.7910/DVN/P4AIQI,2026-09-28
doi:10.7910/DVN/YXJFGQ,2026-09-28
doi:10.7910/DVN/E5JUHU,2026-09-28
doi:10.7910/DVN/9GJKJW,2026-09-28
doi:10.7910/DVN/15NAK8,2026-09-28
doi:10.7910/DVN/LUDVT5,2026-09-28
doi:10.7910/DVN/MWS8QF,2026-09-28
doi:10.7910/DVN/OTTHXV,2026-09-28
doi:10.7910/DVN/VESLGI,2026-09-28
doi:10.7910/DVN/FPXUW5,2026-09-28
doi:10.7910/DVN/ELBOXX,2026-09-28
doi:10.7910/DVN/GLMWLB,2026-09-28
doi:10.7910/DVN/TGAL7M,2026-09-28
doi:10.7910/DVN/LOOT8D,2026-09-28
doi:10.7910/DVN/VMXTRC,2026-09-28
doi:10.7910/DVN/VPW1CU,2026-09-28
doi:10.7910/DVN/6LWKUY,2026-09-28
doi:10.7910/DVN/I3WHUA,2026-09-28
doi:10.7910/DVN/QCIJRO,2026-09-28
doi:10.7910/DVN/ZJQOQC,2026-09-28
doi:10.7910/DVN/BC6KYY,2026-09-28
doi:10.7910/DVN/9TKY1T,2026-09-28
doi:10.7910/DVN/OPXLWV,2026-09-28
doi:10.7910/DVN/7CO9EQ,2026-09-28
doi:10.7910/DVN/K3WTHS,2026-09-28
doi:10.7910/DVN/FIGDU9,2026-09-28
doi:10.7910/DVN/8MSBXV,2026-09-28
doi:10.7910/DVN/BLVM1N,2026-09-28
doi:10.7910/DVN/PNYFKH,2026-09-28
doi:10.7910/DVN/CWVQTZ,2026-09-28
doi:10.7910/DVN/J8BBJB,2026-09-28
doi:10.7910/DVN/LTUYNA,2026-09-28
doi:10.7910/DVN/RX4AS5,2026-09-28
doi:10.7910/DVN/UPJ2BE,2026-09-28
doi:10.7910/DVN/XHRC8Y,2026-09-28
doi:10.7910/DVN/JXCCBJ,2026-09-28
doi:10.7910/DVN/OEZDGT,2026-09-28
doi:10.7910/DVN/1GDQYY,2026-09-28
doi:10.7910/DVN/C0VFMH,2026-09-28
doi:10.7910/DVN/AQIBQD,2026-09-28
doi:10.7910/DVN/XAQTLA,2026-09-28
doi:10.7910/DVN/CZOPH3,2026-09-28
doi:10.7910/DVN/BLGFDU,2026-09-28
doi:10.7910/DVN/LIIUJK,2026-09-28
doi:10.7910/DVN/GTEBJA,2026-09-28
doi:10.7910/DVN/RIBWNJ,2026-09-28
doi:10.7910/DVN/87TSER,2026-09-28
doi:10.7910/DVN/I3VHZK,2026-09-28
doi:10.7910/DVN/LUXWMV,2026-09-28
doi:10.7910/DVN/HRUXYI,2026-09-28
doi:10.7910/DVN/JYJLUB,2026-09-28
doi:10.7910/DVN/DFZKB6,2026-09-28
doi:10.7910/DVN/DEDZRZ,2026-09-28
doi:10.7910/DVN/PY0NKM,2026-09-28
doi:10.7910/DVN/DVRNMH,2026-09-28
doi:10.7910/DVN/361LGD,2026-09-28
doi:10.7910/DVN/LLQ5ZL,2026-09-28
doi:10.7910/DVN/ZB9RB1,2026-09-28
doi:10.7910/DVN/HBSARA,2026-09-28
doi:10.7910/DVN/3FNP7Q,2026-09-28
doi:10.7910/DVN/GQ01SY,2026-09-28
doi:10.7910/DVN/IPGCTN,2026-09-28
doi:10.7910/DVN/MGQMTX,2026-09-28
doi:10.7910/DVN/1L325J,2026-09-28
doi:10.7910/DVN/2KAQO1,2026-09-28
doi:10.7910/DVN/RL5N9Y,2026-09-28
doi:10.7910/DVN/HQQJUK,2026-09-28
doi:10.7910/DVN/9FUPQQ,2026-09-28
doi:10.7910/DVN/PGGT4N,2026-09-28
doi:10.7910/DVN/SKKYFB,2026-09-28
doi:10.7910/DVN/BZA22S,2026-09-28
doi:10.7910/DVN/26P4MC,2026-09-28
doi:10.7910/DVN/UBU601,2026-09-28
doi:10.7910/DVN/AJLO8J,2026-09-28
doi:10.7910/DVN/CQ4FZR,2026-09-28
doi:10.7910/DVN/JSQQSR,2026-09-28
doi:10.7910/DVN/EXKA90,2026-09-28
doi:10.7910/DVN/JIVKHE,2026-09-28
doi:10.7910/DVN/AQFTHK,2026-09-28
doi:10.7910/DVN/AL8I2B,2026-09-28
doi:10.7910/DVN/D1NDLH,2026-09-28
doi:10.7910/DVN/AKI6RS,2026-09-28
doi:10.7910/DVN/H7NFJZ,2026-09-28
doi:10.7910/DVN/8WGX9H,2026-09-28
doi:10.7910/DVN/AU1MVC,2026-09-28
doi:10.7910/DVN/UEYVO1,2026-09-28
doi:10.7910/DVN/IJ2DW4,2026-09-28
doi:10.7910/DVN/6RL6ID,2026-09-28
doi:10.7910/DVN/WZOC7H,2026-09-28
doi:10.7910/DVN/GODCXP,2026-09-28
doi:10.7910/DVN/SQSTSC,2026-09-28
doi:10.7910/DVN/EAKKZT,2026-09-28
doi:10.7910/DVN/WGT8QV,2026-09-28
doi:10.7910/DVN/UZFWT7,2026-09-28
doi:10.7910/DVN/2WRQWZ,2026-09-28
doi:10.7910/DVN/U2591T,2026-09-28
doi:10.7910/DVN/5OUHOW,2026-09-28
doi:10.7910/DVN/VBNCF2,2026-09-28
doi:10.7910/DVN/MK5PXM,2026-09-28
doi:10.7910/DVN/XQBUVK,2026-09-28
doi:10.7910/DVN/PLKWUL,2026-09-28
doi:10.7910/DVN/X4Y2FL,2026-09-28
doi:10.7910/DVN/1OPRYA,2026-09-28
doi:10.7910/DVN/OSJD7T,2026-09-28
doi:10.7910/DVN/CYFIDH,2026-09-28
doi:10.7910/DVN/J2MNEU,2026-09-28
doi:10.7910/DVN/FYVP3W,2026-09-28
doi:10.7910/DVN/VPPEAW,2026-09-28
doi:10.7910/DVN/NBIKED,2026-09-28
doi:10.7910/DVN/XERHRF,2026-09-28
doi:10.7910/DVN/SLNPAB,2026-09-28
doi:10.7910/DVN/TEPRY2,2026-09-28
doi:10.7910/DVN/D6CH6C,2026-09-28
doi:10.7910/DVN/9XPV4I,2026-09-28
doi:10.7910/DVN/HJYBA5,2026-09-28
doi:10.7910/DVN/T1NXVQ,2026-09-28
doi:10.7910/DVN/QBKXT3,2026-09-28
doi:10.7910/DVN/ACRFJM,2026-09-28
doi:10.7910/DVN/JW5B3P,2026-09-28
doi:10.7910/DVN/AO7IYJ,2026-09-28
doi:10.7910/DVN/3VFVS7,2026-09-28
doi:10.7910/DVN/WRCPOC,2026-09-28
doi:10.7910/DVN/B6ZNAI,2026-09-28
doi:10.7910/DVN/HWLW0J,2026-09-28
doi:10.7910/DVN/Y01YX7,2026-09-28
doi:10.7910/DVN/XMHS0J,2026-09-28
doi:10.7910/DVN/MDUHGS,2026-09-28
doi:10.7910/DVN/R4USRU,2026-09-28
doi:10.7910/DVN/TJAISA,2026-09-28
doi:10.7910/DVN/ORRRTW,2026-09-28
doi:10.7910/DVN/3RR5RJ,2026-09-28
doi:10.7910/DVN/VULKLW,2026-09-28
doi:10.7910/DVN/KJWKLR,2026-09-28
doi:10.7910/DVN/EIINMP,2026-09-28
doi:10.7910/DVN/0YHJRG,2026-09-28
doi:10.7910/DVN/IBILHS,2026-09-28
doi:10.7910/DVN/4UOQUR,2026-09-28
doi:10.7910/DVN/7TEE2R,2026-09-28
doi:10.7910/DVN/TJK962,2026-09-28
doi:10.7910/DVN/TKLSNE,2026-09-28
doi:10.7910/DVN/RHM7HX,2026-09-28
doi:10.7910/DVN/NGMCDS,2026-09-28
doi:10.7910/DVN/IVILML,2026-09-28
doi:10.7910/DVN/UQDLUB,2026-09-28
doi:10.7910/DVN/CGHTPZ,2026-09-28
doi:10.7910/DVN/KRN6TB,2026-09-28
doi:10.7910/DVN/BNUCX4,2026-09-28
doi:10.7910/DVN/DHMCRC,2026-09-28
doi:10.7910/DVN/AEDRXN,2026-09-28
doi:10.7910/DVN/J7RTIW,2026-09-28
doi:10.7910/DVN/F2RDCJ,2026-09-28
doi:10.7910/DVN/BEW2ME,2026-09-28
doi:10.7910/DVN/M2QGOZ,2026-09-28
doi:10.7910/DVN/DX5T9G,2026-09-28
doi:10.7910/DVN/2E4MOZ,2026-09-28
doi:10.7910/DVN/XB5Q2J,2026-09-28
doi:10.7910/DVN/USYADS,2026-09-28
doi:10.7910/DVN/EGUVG0,2026-09-28
doi:10.7910/DVN/XNCQR8,2026-09-28
doi:10.7910/DVN/RC61ZS,2026-09-28
doi:10.7910/DVN/BXPKHG,2026-09-28
doi:10.7910/DVN/AOEUNN,2026-09-28
doi:10.7910/DVN/RKNNVL,2026-09-28
doi:10.7910/DVN/88XL3K,2026-09-28
doi:10.7910/DVN/HXQOCI,2026-09-28
doi:10.7910/DVN/GRVR99,2026-09-28
doi:10.7910/DVN/TBMFDA,2026-09-28
doi:10.7910/DVN/VOO3TD,2026-09-28
doi:10.7910/DVN/G8F3SN,2026-09-28
doi:10.7910/DVN/DWYLME,2026-09-28
doi:10.7910/DVN/C7A5TN,2026-09-28
doi:10.7910/DVN/NJIXYY,2026-09-28
doi:10.7910/DVN/VSQUJG,2026-09-28
doi:10.7910/DVN/VA00ZI,2026-09-28
doi:10.7910/DVN/A11CD5,2026-09-28
doi:10.7910/DVN/GHJ8JL,2026-09-28
doi:10.7910/DVN/GTSYTZ,2026-09-28
doi:10.7910/DVN/AQ2P12,2026-09-28
doi:10.7910/DVN/26612,2026-09-28
doi:10.7910/DVN/KXDRXB,2026-09-28
doi:10.7910/DVN/4EZPKF,2026-09-28
doi:10.7910/DVN/KFSNWU,2026-09-28
doi:10.7910/DVN/YLUNSN,2026-09-28
doi:10.7910/DVN/WI7WN0,2026-09-28
doi:10.7910/DVN/RK66RN,2026-09-28
doi:10.7910/DVN/2THQJN,2026-09-28
doi:10.7910/DVN/R3XPEJ,2026-09-28
doi:10.7910/DVN/4MZQYH,2026-09-28
doi:10.7910/DVN/ESRIBE,2026-09-28
doi:10.7910/DVN/SZ3K77,2026-09-28
doi:10.7910/DVN/HX6YRD,2026-09-28
doi:10.7910/DVN/IOVCO4,2026-09-28
doi:10.7910/DVN/5M10KG,2026-09-28
doi:10.7910/DVN/MEIMWN,2026-09-28
doi:10.7910/DVN/VEPHLS,2026-09-28
doi:10.7910/DVN/10VFQX,2026-09-28
doi:10.7910/DVN/DAYSCX,2026-09-28
doi:10.7910/DVN/ZVC9W5,2026-09-28
doi:10.7910/DVN/LLPKNG,2026-09-28
doi:10.7910/DVN/RKMKXU,2026-09-28
doi:10.7910/DVN/HNVBZG,2026-09-28
doi:10.7910/DVN/3AOBP2,2026-09-28
doi:10.7910/DVN/EGXUBU,2026-09-28
doi:10.7910/DVN/9D1L1V,2026-09-28
doi:10.7910/DVN/TZVDUQ,2026-09-28
doi:10.7910/DVN/DR0YF2,2026-09-28
doi:10.7910/DVN/SQTQBA,2026-09-28
doi:10.7910/DVN/0UTWWV,2026-09-28
doi:10.7910/DVN/XGXEN6,2026-09-28
doi:10.7910/DVN/WJINZP,2026-09-28
doi:10.7910/DVN/TTPEOE,2026-09-28
doi:10.7910/DVN/WMPXIW,2026-09-28
doi:10.7910/DVN/KRNGAS,2026-09-28
doi:10.7910/DVN/POMIFD,2026-09-28
doi:10.7910/DVN/FVRZYU,2026-09-28
doi:10.7910/DVN/NKCDCO,2026-09-28
doi:10.7910/DVN/CZDGR2,2026-09-28
doi:10.7910/DVN/BTE2BK,2026-09-28
doi:10.7910/DVN/JQGLHX,2026-09-28
doi:10.7910/DVN/2IVKXD,2026-09-28
doi:10.7910/DVN/UEOK3H,2026-09-28
doi:10.7910/DVN/KL36TP,2026-09-28
doi:10.7910/DVN/K4L5YI,2026-09-28
doi:10.7910/DVN/XF2YFQ,2026-09-28
doi:10.7910/DVN/UQPIKX,2026-09-28
doi:10.7910/DVN/BTPZFF,2026-09-28
doi:10.7910/DVN/PTHMQU,2026-09-28
doi:10.7910/DVN/RRV0JZ,2026-09-28
doi:10.7910/DVN/DFGQVW,2026-09-28
doi:10.7910/DVN/ZLAJP6,2026-09-28
doi:10.7910/DVN/1SQ68U,2026-09-28
doi:10.7910/DVN/ZTDHVE,2026-09-28
doi:10.7910/DVN/WPF4RC,2026-09-28
doi:10.7910/DVN/LFLCMA,2026-09-28
doi:10.7910/DVN/RWFBYV,2026-09-28
doi:10.7910/DVN/OL16K3,2026-09-28
doi:10.7910/DVN/OWVXUD,2026-09-28
doi:10.7910/DVN/HFXXEF,2026-09-28
doi:10.7910/DVN/UVFOWU,2026-09-28
doi:10.7910/DVN/0ONBF6,2026-09-28
doi:10.7910/DVN/3GZMQW,2026-09-28
doi:10.7910/DVN/QNG2V0,2026-09-28
doi:10.7910/DVN/7SYM1H,2026-09-28
doi:10.7910/DVN/Y10EQV,2026-09-28
doi:10.7910/DVN/DQTIR4,2026-09-28
doi:10.7910/DVN/EF7R0Z,2026-09-28
doi:10.7910/DVN/EZNXW1,2026-09-28
doi:10.7910/DVN/HFVIYA,2026-09-28
doi:10.7910/DVN/MMYAOY,2026-09-28
doi:10.7910/DVN/CL0RU2,2026-09-28
doi:10.7910/DVN/T0R1GE,2026-09-28
doi:10.7910/DVN/MYM5OB,2026-09-28
doi:10.7910/DVN/IPWGL3,2026-09-28
doi:10.7910/DVN/MIOVA9,2026-09-28
doi:10.7910/DVN/RIXENU,2026-09-28
doi:10.7910/DVN/7M6NIP,2026-09-28
doi:10.7910/DVN/KU4OCK,2026-09-28
doi:10.7910/DVN/3E7JXB,2026-09-28
doi:10.7910/DVN/KDUMRM,2026-09-28
doi:10.7910/DVN/8LXNQK,2026-09-28
doi:10.7910/DVN/KVPF3F,2026-09-28
doi:10.7910/DVN/MVDWCS,2026-09-28
doi:10.7910/DVN/AWSQTW,2026-09-28
doi:10.7910/DVN/LBAV1Q,2026-09-28
doi:10.7910/DVN/S3M5AX,2026-09-28
doi:10.7910/DVN/WFELNG,2026-09-28
doi:10.7910/DVN/SLWCLZ,2026-09-28
doi:10.7910/DVN/YE8VC9,2026-09-28
doi:10.7910/DVN/JHJJW0,2026-09-28
doi:10.7910/DVN/DL8SZL,2026-09-28
doi:10.7910/DVN/ED5O5U,2026-09-28
doi:10.7910/DVN/HAKD7W,2026-09-28
doi:10.7910/DVN/FA8FVF,2026-09-28
doi:10.7910/DVN/GT8NDD,2026-09-28
doi:10.7910/DVN/QTUF6D,2026-09-28
doi:10.7910/DVN/IDI93S,2026-09-28
doi:10.7910/DVN/4RQWXW,2026-09-28
doi:10.7910/DVN/IMBQJB,2026-09-28
doi:10.7910/DVN/YFPQJH,2026-09-28
doi:10.7910/DVN/XOCNK1,2026-09-28
doi:10.7910/DVN/EYAWES,2026-09-28
doi:10.7910/DVN/XTWZZX,2026-09-28
doi:10.7910/DVN/TEPAK4,2026-09-28
doi:10.7910/DVN/EBIHBT,2026-09-28
doi:10.7910/DVN/BN1GVD,2026-09-28
doi:10.7910/DVN/ZLHYSZ,2026-09-28
doi:10.7910/DVN/H8HM6P,2026-09-28
doi:10.7910/DVN/QOVWMM,2026-09-28
doi:10.7910/DVN/IN2E8O,2026-09-28
doi:10.7910/DVN/UTRXT7,2026-09-28
doi:10.7910/DVN/PGGBB4,2026-09-28
doi:10.7910/DVN/SZ9YXZ,2026-09-28
doi:10.7910/DVN/ZHOL6Y,2026-09-28
doi:10.7910/DVN/CMUHBU,2026-09-28
doi:10.7910/DVN/PXIMVL,2026-09-28
doi:10.7910/DVN/QXJDJ5,2026-09-28
doi:10.7910/DVN/UIFXGX,2026-09-28
doi:10.7910/DVN/G9ITHD,2026-09-28
doi:10.7910/DVN/ZFE3NE,2026-09-28
doi:10.7910/DVN/WK0DA7,2026-09-28
doi:10.7910/DVN/QAJQXP,2026-09-28
doi:10.7910/DVN/O059HN,2026-09-28
doi:10.7910/DVN/WB0RNW,2026-09-28
doi:10.7910/DVN/UMP7YP,2026-09-28
doi:10.7910/DVN/PIMURE,2026-09-28
doi:10.7910/DVN/BFEBHQ,2026-09-28
doi:10.7910/DVN/LHOTOK,2026-09-28
doi:10.7910/DVN/WR97GH,2026-09-28
doi:10.7910/DVN/Z5BTCQ,2026-09-28
doi:10.7910/DVN/TUSXIG,2026-09-28
doi:10.7910/DVN/MQRHUZ,2026-09-28
doi:10.7910/DVN/29911,2026-09-28
doi:10.7910/DVN/B8TWK2,2026-09-28
doi:10.7910/DVN/FXI5ZO,2026-09-28
doi:10.7910/DVN/ENVKCB,2026-09-28
doi:10.7910/DVN/33K3EF,2026-09-28
doi:10.7910/DVN/4NEPI7,2026-09-28
doi:10.7910/DVN/AV8PLT,2026-09-28
doi:10.7910/DVN/RJKIUP,2026-09-28
doi:10.7910/DVN/8LKROK,2026-09-28
doi:10.7910/DVN/S3HACJ,2026-09-28
doi:10.7910/DVN/ZWKCPA,2026-09-28
doi:10.7910/DVN/FITPUI,2026-09-28
doi:10.7910/DVN/79RI4R,2026-09-28
doi:10.7910/DVN/R3GZZW,2026-09-28
doi:10.7910/DVN/5S1HRF,2026-09-28
doi:10.7910/DVN/B9JAV0,2026-09-28
doi:10.7910/DVN/OJUCRU,2026-09-28
doi:10.7910/DVN/0MOPI4,2026-09-28
doi:10.7910/DVN/7GPSCA,2026-09-28
doi:10.7910/DVN/93GVWI,2026-09-28
doi:10.7910/DVN/JIFKOU,2026-09-28
doi:10.7910/DVN/Q40RGF,2026-09-28
doi:10.7910/DVN/V8C2HB,2026-09-28
doi:10.7910/DVN/ZEKFG7,2026-09-28
doi:10.7910/DVN/8MV984,2026-09-28
doi:10.7910/DVN/NYONTD,2026-09-28
doi:10.7910/DVN/VJUOOV,2026-09-28
doi:10.7910/DVN/6SRI9K,2026-09-28
doi:10.7910/DVN/Q5PRNX,2026-09-28
doi:10.7910/DVN/TL0PZD,2026-09-28
doi:10.7910/DVN/8L1SHV,2026-09-28
doi:10.7910/DVN/IKM2A4,2026-09-28
doi:10.7910/DVN/YSS19O,2026-09-28
doi:10.7910/DVN/KRIR6G,2026-09-28
doi:10.7910/DVN/HTMX3K,2026-09-28
doi:10.7910/DVN/Q5PV4U,2026-09-28
doi:10.7910/DVN/W08NIR,2026-09-28
doi:10.7910/DVN/YQSBOA,2026-09-28
doi:10.7910/DVN/P5TAFD,2026-09-28
doi:10.7910/DVN/QTMOVG,2026-09-28
doi:10.7910/DVN/QEMNP1,2026-09-28
doi:10.7910/DVN/9QUMY3,2026-09-28
doi:10.7910/DVN/U6EC8N,2026-09-28
doi:10.7910/DVN/0EIQXL,2026-09-28
doi:10.7910/DVN/SLXRVJ,2026-09-28
doi:10.7910/DVN/UEARI0,2026-09-28
doi:10.7910/DVN/8XT86F,2026-09-28
doi:10.7910/DVN/REXZ8H,2026-09-28
doi:10.7910/DVN/Y8KIUK,2026-09-28
doi:10.7910/DVN/PMYBBM,2026-09-28
doi:10.7910/DVN/0MXT0H,2026-09-28
doi:10.7910/DVN/KH9N7W,2026-09-28
doi:10.7910/DVN/0QOVCH,2026-09-28
doi:10.7910/DVN/KQU3RR,2026-09-28
doi:10.7910/DVN/KG2APR,2026-09-28
doi:10.7910/DVN/ZBRTJH,2026-09-28
doi:10.7910/DVN/Y82RW8,2026-09-28
doi:10.7910/DVN/SYYMJ0,2026-09-28
doi:10.7910/DVN/9ZZOTW,2026-09-28
doi:10.7910/DVN/AZFHYN,2026-09-28
doi:10.7910/DVN/BQ9M2U,2026-09-28
doi:10.7910/DVN/8PIIAI,2026-09-28
doi:10.7910/DVN/M046SB,2026-09-28
doi:10.7910/DVN/MS6ZTZ,2026-09-28
doi:10.7910/DVN/RFECVH,2026-09-28
doi:10.7910/DVN/HS9HW3,2026-09-28
doi:10.7910/DVN/ELG3DE,2026-09-28
doi:10.7910/DVN/JYKL9M,2026-09-28
doi:10.7910/DVN/8JHA2X,2026-09-28
doi:10.7910/DVN/AH2PEI,2026-09-28
doi:10.7910/DVN/VG3UFZ,2026-09-28
doi:10.7910/DVN/Y3XHB6,2026-09-28
doi:10.7910/DVN/QWLGGN,2026-09-28
doi:10.7910/DVN/MB2UKU,2026-09-28
doi:10.7910/DVN/YQYZ6O,2026-09-28
doi:10.7910/DVN/PBQRGQ,2026-09-28
doi:10.7910/DVN/NGTWWJ,2026-09-28
doi:10.7910/DVN/HI1CUP,2026-09-28
doi:10.7910/DVN/PXOT5L,2026-09-28
doi:10.7910/DVN/QYG8ZI,2026-09-28
doi:10.7910/DVN/PGFOXW,2026-09-28
doi:10.7910/DVN/6KPFOK,2026-09-28
doi:10.7910/DVN/NOYBCQ,2026-09-28
doi:10.7910/DVN/VSVBTP,2026-09-28
doi:10.7910/DVN/SKPPLH,2026-09-28
doi:10.7910/DVN/QBTECH,2026-09-28
doi:10.7910/DVN/DZ1NFG,2026-09-28
doi:10.7910/DVN/KKQFKA,2026-09-28
doi:10.7910/DVN/MTQEE1,2026-09-28
doi:10.7910/DVN/OKZMIY,2026-09-28
doi:10.7910/DVN/ZUH3UG,2026-09-28
doi:10.7910/DVN/6YNZTE,2026-09-28
doi:10.7910/DVN/OJA7YS,2026-09-28
doi:10.7910/DVN/7ZVSYO,2026-09-28
doi:10.7910/DVN/YU84D7,2026-09-28
doi:10.7910/DVN/RXXQSQ,2026-09-28
doi:10.7910/DVN/UYXRI8,2026-09-28
doi:10.7910/DVN/O6VHZZ,2026-09-28
doi:10.7910/DVN/XJQALC,2026-09-28
doi:10.7910/DVN/VJLVYU,2026-09-28
doi:10.7910/DVN/T21M2M,2026-09-28
doi:10.7910/DVN/FPYKTP,2026-09-28
doi:10.7910/DVN/BZ9Z2D,2026-09-28
doi:10.7910/DVN/QZNGVJ,2026-09-28
doi:10.7910/DVN/STXADQ,2026-09-28
doi:10.7910/DVN/JQEUBQ,2026-09-28
doi:10.7910/DVN/RLLL1V,2026-09-28
doi:10.7910/DVN/T8OYHT,2026-09-28
doi:10.7910/DVN/FTFJTV,2026-09-28
doi:10.7910/DVN/CPVIOF,2026-09-28
doi:10.7910/DVN/29040,2026-09-28
doi:10.7910/DVN/IAPQ3X,2026-09-28
doi:10.7910/DVN/9SF3TI,2026-09-28
doi:10.7910/DVN/SSEN5A,2026-09-28
doi:10.7910/DVN/Y43XZR,2026-09-28
doi:10.7910/DVN/8KNF3I,2026-09-28
doi:10.7910/DVN/AGIMGY,2026-09-28
doi:10.7910/DVN/YUM3K8,2026-09-28
doi:10.7910/DVN/ZRZGTT,2026-09-28
doi:10.7910/DVN/HUZGPJ,2026-09-28
doi:10.7910/DVN/2O7CN0,2026-09-28
doi:10.7910/DVN/QC0RSU,2026-09-28
doi:10.7910/DVN/LP1SQY,2026-09-28
doi:10.7910/DVN/29095,2026-09-28
doi:10.7910/DVN/WPVSMH,2026-09-28
doi:10.7910/DVN/PB8X8P,2026-09-28
doi:10.7910/DVN/OGVWDE,2026-09-28
doi:10.7910/DVN/3DK6JA,2026-09-28
doi:10.7910/DVN/GPRVC6,2026-09-28
doi:10.7910/DVN/2VF2J0,2026-09-28
doi:10.7910/DVN/EWRXPU,2026-09-28
doi:10.7910/DVN/SBOMZD,2026-09-28
doi:10.7910/DVN/KPJUFL,2026-09-28
doi:10.7910/DVN/XYUWYJ,2026-09-28
doi:10.7910/DVN/JNEQYJ,2026-09-28
doi:10.7910/DVN/ZSJA25,2026-09-28
doi:10.7910/DVN/OOIEAO,2026-09-28
doi:10.7910/DVN/CQXHTH,2026-09-28
doi:10.7910/DVN/GSQG1K,2026-09-28
doi:10.7910/DVN/XZ0IZE,2026-09-28
doi:10.7910/DVN/7190MT,2026-09-28
doi:10.7910/DVN/YWZBUJ,2026-09-28
doi:10.7910/DVN/WGWMAV,2026-09-28
doi:10.7910/DVN/RYNSDG,2026-09-28
doi:10.7910/DVN/WKJJ3Z,2026-09-28
doi:10.7910/DVN/ICISE4,2026-09-28
doi:10.7910/DVN/TVZQG6,2026-09-28
doi:10.7910/DVN/I1HVCJ,2026-09-28
doi:10.7910/DVN/QBHGRC,2026-09-28
doi:10.7910/DVN/9IKGYY,2026-09-28
doi:10.7910/DVN/6IOACK,2026-09-28
doi:10.7910/DVN/XU8ZWB,2026-09-28
doi:10.7910/DVN/ROLEY5,2026-09-28
doi:10.7910/DVN/7EWDRF,2026-09-28
doi:10.7910/DVN/LNUYXZ,2026-09-28
doi:10.7910/DVN/2E2M9Z,2026-09-28
doi:10.7910/DVN/SEHMGR,2026-09-28
doi:10.7910/DVN/ZYRC8S,2026-09-28
doi:10.7910/DVN/TJ1ZXX,2026-09-28
doi:10.7910/DVN/WYA1S2,2026-09-28
doi:10.7910/DVN/BRRZSK,2026-09-28
doi:10.7910/DVN/I4KVD1,2026-09-28
doi:10.7910/DVN/K7OCDX,2026-09-28
doi:10.7910/DVN/8ZJBLI,2026-09-28
doi:10.7910/DVN/MZKJDR,2026-09-28
doi:10.7910/DVN/EZSJ1S,2026-09-28
doi:10.7910/DVN/MYDZNF,2026-09-28
doi:10.7910/DVN/8R3LTP,2026-09-28
doi:10.7910/DVN/SNLKUE,2026-09-28
doi:10.7910/DVN/NRAQRH,2026-09-28
doi:10.7910/DVN/HI1X4O,2026-09-28
doi:10.7910/DVN/B9SCDJ,2026-09-28
doi:10.7910/DVN/H13U6G,2026-09-28
doi:10.7910/DVN/XBNJD9,2026-09-28
doi:10.7910/DVN/JTV6W6,2026-09-28
doi:10.7910/DVN/ACYZIC,2026-09-28
doi:10.7910/DVN/SRPTCV,2026-09-28
doi:10.7910/DVN/9AWUYJ,2026-09-28
doi:10.7910/DVN/PL2XFD,2026-09-28
doi:10.7910/DVN/D5DEHM,2026-09-28
doi:10.7910/DVN/TR4OUK,2026-09-28
doi:10.7910/DVN/KYI9AR,2026-09-28
doi:10.7910/DVN/XKC4R4,2026-09-28
doi:10.7910/DVN/LCDBRU,2026-09-28
doi:10.7910/DVN/XRJ43D,2026-09-28
doi:10.7910/DVN/4XI0UG,2026-09-28
doi:10.7910/DVN/QO6EMT,2026-09-28
doi:10.7910/DVN/HIQ4BV,2026-09-28
doi:10.7910/DVN/BPON3K,2026-09-28
doi:10.7910/DVN/J2FA5R,2026-09-28
doi:10.7910/DVN/LD6NL8,2026-09-28
doi:10.7910/DVN/EL6ZCZ,2026-09-28
doi:10.7910/DVN/TJKIWN,2026-09-28
doi:10.7910/DVN/PGCVDP,2026-09-28
doi:10.7910/DVN/BFLPBK,2026-09-28
doi:10.7910/DVN/I0VEMG,2026-09-28
doi:10.7910/DVN/MPQQC0,2026-09-28
doi:10.7910/DVN/PGXO5O,2026-09-28
doi:10.7910/DVN/RW10GZ,2026-09-28
doi:10.7910/DVN/GTXZ4J,2026-09-28
doi:10.7910/DVN/QSXDUN,2026-09-28
doi:10.7910/DVN/YJUIBI,2026-09-28
doi:10.7910/DVN/NMJ4W9,2026-09-28
doi:10.7910/DVN/26652,2026-09-28
doi:10.7910/DVN/XZFHCP,2026-09-28
doi:10.7910/DVN/VWZZLO,2026-09-28
doi:10.7910/DVN/WZV20D,2026-09-28
doi:10.7910/DVN/GZA3GY,2026-09-28
doi:10.7910/DVN/RSD5BV,2026-09-28
doi:10.7910/DVN/GDFJ4N,2026-09-28
doi:10.7910/DVN/UQAIZI,2026-09-28
doi:10.7910/DVN/LVHIYG,2026-09-28
doi:10.7910/DVN/QTG6FQ,2026-09-28
doi:10.7910/DVN/27672,2026-09-28
doi:10.7910/DVN/LZGQOH,2026-09-28
doi:10.7910/DVN/PLLBQJ,2026-09-28
doi:10.7910/DVN/Q8CSU8,2026-09-28
doi:10.7910/DVN/FMJDCD,2026-09-28
doi:10.7910/DVN/DJ2DPZ,2026-09-28
doi:10.7910/DVN/W2HZSO,2026-09-28
doi:10.7910/DVN/BXXWWW,2026-09-28
doi:10.7910/DVN/IXWZZO,2026-09-28
doi:10.7910/DVN/S9MIJU,2026-09-28
doi:10.7910/DVN/W1TDGZ,2026-09-28
doi:10.7910/DVN/KUWA5X,2026-09-28
doi:10.7910/DVN/FZI6NO,2026-09-28
doi:10.7910/DVN/WPKTKJ,2026-09-28
doi:10.7910/DVN/EBF7XW,2026-09-28
doi:10.7910/DVN/3DMNPE,2026-09-28
doi:10.7910/DVN/WOI8EU,2026-09-28
doi:10.7910/DVN/DTFR60,2026-09-28
doi:10.7910/DVN/RJAUNW,2026-09-28
doi:10.7910/DVN/X88LYH,2026-09-28
doi:10.7910/DVN/ZFLG25,2026-09-28
doi:10.7910/DVN/SURSEO,2026-09-28
doi:10.7910/DVN/ZSYWHO,2026-09-28
doi:10.7910/DVN/NS3NMH,2026-09-28
doi:10.7910/DVN/FS90RJ,2026-09-28
doi:10.7910/DVN/KL7J6Z,2026-09-28
doi:10.7910/DVN/2XP8YF,2026-09-28
doi:10.7910/DVN/DSDNX6,2026-09-28
doi:10.7910/DVN/STOQ1Q,2026-09-28
doi:10.7910/DVN/K6ZOOW,2026-09-28
doi:10.7910/DVN/26584,2026-09-28
doi:10.7910/DVN/VT4KJA,2026-09-28
doi:10.7910/DVN/WTUGFZ,2026-09-28
doi:10.7910/DVN/1HOVTU,2026-09-28
doi:10.7910/DVN/TIXGF8,2026-09-28
doi:10.7910/DVN/IIYGGX,2026-09-28
doi:10.7910/DVN/QUHIIE,2026-09-28
doi:10.7910/DVN/8GEYKS,2026-09-28
doi:10.7910/DVN/YZQTAH,2026-09-28
doi:10.7910/DVN/WVQ10L,2026-09-28
doi:10.7910/DVN/03MTMJ,2026-09-28
doi:10.7910/DVN/TMTCZD,2026-09-28
doi:10.7910/DVN/NC06GQ,2026-09-28
doi:10.7910/DVN/OX5CZF,2026-09-28
doi:10.7910/DVN/W1YJZQ,2026-09-28
doi:10.7910/DVN/O3A06T,2026-09-28
doi:10.7910/DVN/AIRCBB,2026-09-28
doi:10.7910/DVN/WTURMZ,2026-09-28
doi:10.7910/DVN/OCUJ2F,2026-09-28
doi:10.7910/DVN/BLXMCY,2026-09-28
doi:10.7910/DVN/HPB1CA,2026-09-28
doi:10.7910/DVN/7D48YB,2026-09-28
doi:10.7910/DVN/4LZXTY,2026-09-28
doi:10.7910/DVN/E9UQ0S,2026-09-28
doi:10.7910/DVN/OJCQ5O,2026-09-28
doi:10.7910/DVN/29591,2026-09-28
doi:10.7910/DVN/INXGMT,2026-09-28
doi:10.7910/DVN/SDUGCC,2026-09-28
doi:10.7910/DVN/ZXZMJB,2026-09-28
doi:10.7910/DVN/4FCVUR,2026-09-28
doi:10.7910/DVN/SPXP04,2026-09-28
doi:10.7910/DVN/GKASQ5,2026-09-28
doi:10.7910/DVN/29405,2026-09-28
doi:10.7910/DVN/UPSRNO,2026-09-28
doi:10.7910/DVN/9OOLQ7,2026-09-28
doi:10.7910/DVN/9TPNOT,2026-09-28
doi:10.7910/DVN/RIOEAY,2026-09-28
doi:10.7910/DVN/ALZVAW,2026-09-28
doi:10.7910/DVN/UJN9C3,2026-09-28
doi:10.7910/DVN/KAQVNP,2026-09-28
doi:10.7910/DVN/IYZWUD,2026-09-28
doi:10.7910/DVN/MIXK94,2026-09-28
doi:10.7910/DVN/UMIBSL,2026-09-28
doi:10.7910/DVN/193ZDD,2026-09-28
doi:10.7910/DVN/MJSMJB,2026-09-28
doi:10.7910/DVN/MWNBXO,2026-09-28
doi:10.7910/DVN/WCH6ZH,2026-09-28
doi:10.7910/DVN/CJMKGX,2026-09-28
doi:10.7910/DVN/5HEB4I,2026-09-28
doi:10.7910/DVN/RPD7KA,2026-09-28
doi:10.7910/DVN/AXI6U1,2026-09-28
doi:10.7910/DVN/2EJIZJ,2026-09-28
doi:10.7910/DVN/22976,2026-09-28
doi:10.7910/DVN/0AQGPL,2026-09-28
doi:10.7910/DVN/NMJAFC,2026-09-28
doi:10.7910/DVN1/22651,2026-09-28
doi:10.7910/DVN/UYGSCI,2026-09-28
doi:10.7910/DVN/E5ZSZR,2026-09-28
doi:10.7910/DVN/Y6I5ZI,2026-09-28
doi:10.7910/DVN/PZAOO6,2026-09-28
doi:10.7910/DVN/T1WGWG,2026-09-28
doi:10.7910/DVN/UJYLT0,2026-09-28
doi:10.7910/DVN/OASXGA,2026-09-28
doi:10.7910/DVN/GMZM4D,2026-09-28
doi:10.7910/DVN/OO8ZCC,2026-09-28
doi:10.7910/DVN/NY6NSO,2026-09-28
doi:10.7910/DVN/OMESOW,2026-09-28
doi:10.7910/DVN/HUZNE2,2026-09-28
doi:10.7910/DVN/PWRN9K,2026-09-28
doi:10.7910/DVN/WDA163,2026-09-28
doi:10.7910/DVN/SQNMPH,2026-09-28
doi:10.7910/DVN/VVCBHZ,2026-09-28
doi:10.7910/DVN/KCPBUO,2026-09-28
doi:10.7910/DVN/AMMI3S,2026-09-28
doi:10.7910/DVN/AARL5V,2026-09-28
doi:10.7910/DVN/NVYIS9,2026-09-28
doi:10.7910/DVN/SRLERE,2026-09-28
doi:10.7910/DVN/PBAW0O,2026-09-28
doi:10.7910/DVN/XA5DRD,2026-09-28
doi:10.7910/DVN/PYKLCA,2026-09-28
doi:10.7910/DVN/UA9G8U,2026-09-28
doi:10.7910/DVN/QQ69RH,2026-09-28
doi:10.7910/DVN/ZMG1IQ,2026-09-28
doi:10.7910/DVN/HZAG9F,2026-09-28
doi:10.7910/DVN/FREK34,2026-09-28
doi:10.7910/DVN/FKNFJJ,2026-09-28
doi:10.7910/DVN/QJD1OW,2026-09-28
doi:10.7910/DVN/AHMMUA,2026-09-28
doi:10.7910/DVN/1YK9ON,2026-09-28
doi:10.7910/DVN/6EBCGA,2026-09-28
doi:10.7910/DVN/6TFUSP,2026-09-28
doi:10.7910/DVN/DMIDY8,2026-09-28
doi:10.7910/DVN/ASBWSA,2026-09-28
doi:10.7910/DVN/H6CUHY,2026-09-28
doi:10.7910/DVN/ZSDJGT,2026-09-28
doi:10.7910/DVN/CV40VF,2026-09-28
doi:10.7910/DVN/K9ARGB,2026-09-28
doi:10.7910/DVN/HBPR8R,2026-09-28
doi:10.7910/DVN/KKTXVB,2026-09-28
doi:10.7910/DVN/E9S0VN,2026-09-28
doi:10.7910/DVN/TLT65Z,2026-09-28
doi:10.7910/DVN/96KNLB,2026-09-28
doi:10.7910/DVN/DPVRA5,2026-09-28
doi:10.7910/DVN/DDTCED,2026-09-28
doi:10.7910/DVN/DYJVD4,2026-09-28
doi:10.7910/DVN/NAY8YW,2026-09-28
doi:10.7910/DVN/HZAXXB,2026-09-28
doi:10.7910/DVN/UQLKRY,2026-09-28
doi:10.7910/DVN/AZTWDW,2026-09-28
doi:10.7910/DVN/FERDAN,2026-09-28
doi:10.7910/DVN/WZR4UH,2026-09-28
doi:10.7910/DVN/0HHML7,2026-09-28
doi:10.7910/DVN/TW5FHR,2026-09-28
doi:10.7910/DVN/DVP0UW,2026-09-28
doi:10.7910/DVN/WO5H2S,2026-09-28
doi:10.7910/DVN/VWBP3L,2026-09-28
doi:10.7910/DVN/LVOSAF,2026-09-28
doi:10.7910/DVN/JCGCT5,2026-09-28
doi:10.7910/DVN/DG6BS4,2026-09-28
doi:10.7910/DVN/NUACCP,2026-09-28
doi:10.7910/DVN/INOLBS,2026-09-28
doi:10.7910/DVN/LUBZFJ,2026-09-28
doi:10.7910/DVN/5CVUVU,2026-09-28
doi:10.7910/DVN/XS1SDX,2026-09-28
doi:10.7910/DVN/SZK4NF,2026-09-28
doi:10.7910/DVN/FHOJ3L,2026-09-28
doi:10.7910/DVN/CNNXPB,2026-09-28
doi:10.7910/DVN/HWW8DP,2026-09-28
doi:10.7910/DVN/R3KIIF,2026-09-28
doi:10.7910/DVN/UDUJEI,2026-09-28
doi:10.7910/DVN/NMA2WY,2026-09-28
doi:10.7910/DVN/27466,2026-09-28
doi:10.7910/DVN/27241,2026-09-28
doi:10.7910/DVN/27682,2026-09-28
doi:10.7910/DVN/27718,2026-09-28
doi:10.7910/DVN/27584,2026-09-28
doi:10.7910/DVN/27371,2026-09-28
doi:10.7910/DVN/27631,2026-09-28
doi:10.7910/DVN/27662,2026-09-28
doi:10.7910/DVN/27217,2026-09-28
doi:10.7910/DVN/27624,2026-09-28
doi:10.7910/DVN/27293,2026-09-28
doi:10.7910/DVN/27597,2026-09-28
doi:10.7910/DVN/27499,2026-09-28
doi:10.7910/DVN/27512,2026-09-28
doi:10.7910/DVN/27701,2026-09-28
doi:10.7910/DVN/27325,2026-09-28
doi:10.7910/DVN/26867,2026-09-28
doi:10.7910/DVN/27063,2026-09-28
doi:10.7910/DVN/26783,2026-09-28
doi:10.7910/DVN/27113,2026-09-28
doi:10.7910/DVN/26943,2026-09-28
doi:10.7910/DVN/26936,2026-09-28
doi:10.7910/DVN/26714,2026-09-28
doi:10.7910/DVN/26721,2026-09-28
doi:10.7910/DVN/26662,2026-09-28
doi:10.7910/DVN/26467,2026-09-28
doi:10.7910/DVN/26638,2026-09-28
doi:10.7910/DVN/26516,2026-09-28
doi:10.7910/DVN/26555,2026-09-28
doi:10.7910/DVN/25540,2026-09-28
doi:10.7910/DVN/26586,2026-09-28
doi:10.7910/DVN/25707,2026-09-28
doi:10.7910/DVN/26461,2026-09-28
doi:10.7910/DVN/26642,2026-09-28
doi:10.7910/DVN/26522,2026-09-28
doi:10.7910/DVN/26490,2026-09-28
doi:10.7910/DVN/26457,2026-09-28
doi:10.7910/DVN/25615,2026-09-28
doi:10.7910/DVN/26570,2026-09-28
doi:10.7910/DVN/24507,2026-09-28
doi:10.7910/DVN/22892,2026-09-28
doi:10.7910/DVN/24724,2026-09-28
doi:10.7910/DVN/24707,2026-09-28
doi:10.7910/DVN/23063,2026-09-28
doi:10.7910/DVN/24591,2026-09-28
doi:10.7910/DVN/25531,2026-09-28
doi:10.7910/DVN/24128,2026-09-28
doi:10.7910/DVN/24859,2026-09-28
doi:10.7910/DVN/24789,2026-09-28
doi:10.7910/DVN/24914,2026-09-28
doi:10.7910/DVN/25505,2026-09-28
doi:10.7910/DVN/25302,2026-09-28
doi:10.7910/DVN/24827,2026-09-28
doi:10.7910/DVN/24506,2026-09-28
doi:10.7910/DVN/23958,2026-09-28
doi:10.7910/DVN/24975,2026-09-28
doi:10.7910/DVN/23972,2026-09-28
doi:10.7910/DVN/O7DDIN,2026-09-28
doi:10.7910/DVN/24937,2026-09-28
doi:10.7910/DVN/23818,2026-09-28
doi:10.7910/DVN/25423,2026-09-28
doi:10.7910/DVN/23851,2026-09-28
doi:10.7910/DVN/24800,2026-09-28
doi:10.7910/DVN/23302,2026-09-28
doi:10.7910/DVN/24220,2026-09-28
doi:10.7910/DVN/24387,2026-09-28
doi:10.7910/DVN/23454,2026-09-28
doi:10.7910/DVN/24797,2026-09-28
doi:10.7910/DVN/24742,2026-09-28
doi:10.7910/DVN/26544,2026-09-28
doi:10.7910/DVN/XDUWWY,2026-09-28
doi:10.7910/DVN/29375,2026-09-28
doi:10.7910/DVN/29243,2026-09-28
doi:10.7910/DVN/28856,2026-09-28
doi:10.7910/DVN/29242,2026-09-28
doi:10.7910/DVN/29129,2026-09-28
doi:10.7910/DVN/29080,2026-09-28
doi:10.7910/DVN/29098,2026-09-28
doi:10.7910/DVN/28870,2026-09-28
doi:10.7910/DVN/28750,2026-09-28
doi:10.7910/DVN/28640,2026-09-28
doi:10.7910/DVN/28582,2026-09-28
doi:10.7910/DVN/27191,2026-09-28
doi:10.7910/DVN/25582,2026-09-28
doi:10.7910/DVN/OIHHPE,2026-09-28
doi:10.7910/DVN/EWG77Q,2026-09-28
doi:10.7910/DVN/VCT28U,2026-09-28
doi:10.7910/DVN/CWGNZR,2026-09-28
doi:10.7910/DVN/TE4MXL,2026-09-28
doi:10.7910/DVN/ZZTL7M,2026-09-28
doi:10.7910/DVN/2LSVIX,2026-09-28
doi:10.7910/DVN/R22WYY,2026-09-28
doi:10.7910/DVN/IU11FD,2026-09-28
doi:10.7910/DVN/HKQIE2,2026-09-28
doi:10.7910/DVN/4HX5P9,2026-09-28
doi:10.7910/DVN/RYINCL,2026-09-28
doi:10.7910/DVN/HSOH71,2026-09-28
doi:10.7910/DVN/YCM4DW,2026-09-28
doi:10.7910/DVN/LZVWUV,2026-09-28
doi:10.7910/DVN/CTCVO9,2026-09-28
doi:10.7910/DVN/NEG3XY,2026-09-28
doi:10.7910/DVN/ITLLDP,2026-09-28
doi:10.7910/DVN/BNY5WS,2026-09-28
doi:10.7910/DVN/2YNCVY,2026-09-28
doi:10.7910/DVN/CDEZIF,2026-09-28
doi:10.7910/DVN/GHRCKV,2026-09-28
doi:10.7910/DVN/ULVNU5,2026-09-28
doi:10.7910/DVN/0HWU0Q,2026-09-28
doi:10.7910/DVN/U5FFYE,2026-09-28
doi:10.7910/DVN/KVXLPW,2026-09-28
doi:10.7910/DVN/KZKJMS,2026-09-28
doi:10.7910/DVN/DGHBUX,2026-09-28
doi:10.7910/DVN/CWHGUN,2026-09-28
doi:10.7910/DVN/5502TA,2026-09-28
doi:10.7910/DVN/YDFMIG,2026-09-28
doi:10.7910/DVN/CEO1KJ,2026-09-28
doi:10.7910/DVN/UBVGSI,2026-09-28
doi:10.7910/DVN/XSIUC9,2026-09-28
doi:10.7910/DVN/HJFEC4,2026-09-28
doi:10.7910/DVN/JOC4UE,2026-09-28
doi:10.7910/DVN/MOC43S,2026-09-28
doi:10.7910/DVN/ON1PPC,2026-09-28
doi:10.7910/DVN/60RZRR,2026-09-28
doi:10.7910/DVN/HKVNTU,2026-09-28
doi:10.7910/DVN/EBKRKU,2026-09-28
doi:10.7910/DVN/IJEUE1,2026-09-28
doi:10.7910/DVN/ZMNGLC,2026-09-28
doi:10.7910/DVN/T5ATKL,2026-09-28
doi:10.7910/DVN/M3TGOL,2026-09-28
doi:10.7910/DVN/TNBFJT,2026-09-28
doi:10.7910/DVN/5HJ4Q4,2026-09-28
doi:10.7910/DVN/7HO1HR,2026-09-28
doi:10.7910/DVN/EKM4B3,2026-09-28
doi:10.7910/DVN/XODSE8,2026-09-28
doi:10.7910/DVN/Z731ON,2026-09-28
doi:10.7910/DVN/JWXTSH,2026-09-28
doi:10.7910/DVN/EOHM5H,2026-09-28
doi:10.7910/DVN/ATICXR,2026-09-28
doi:10.7910/DVN/STPJZA,2026-09-28
doi:10.7910/DVN/TW0LBD,2026-09-28
doi:10.7910/DVN/CLMQ8E,2026-09-28
doi:10.7910/DVN/PVGEM8,2026-09-28
doi:10.7910/DVN/8GBESJ,2026-09-28
doi:10.7910/DVN/JSBIJ1,2026-09-28
doi:10.7910/DVN/D43YRH,2026-09-28
doi:10.7910/DVN/MSI8TR,2026-09-28
doi:10.7910/DVN/OCVIH9,2026-09-28
doi:10.7910/DVN/UQM1B6,2026-09-28
doi:10.7910/DVN/PGHRQJ,2026-09-28
doi:10.7910/DVN/ECRMLT,2026-09-28
doi:10.7910/DVN/YGLUWP,2026-09-28
doi:10.7910/DVN/C3SKON,2026-09-28
doi:10.7910/DVN/NBTR9F,2026-09-28
doi:10.7910/DVN/PT3PBJ,2026-09-28
doi:10.7910/DVN/D9RRXK,2026-09-28
doi:10.7910/DVN/ASDLQX,2026-09-28
doi:10.7910/DVN/YLBVJL,2026-09-28
doi:10.7910/DVN/3YXSDC,2026-09-28
doi:10.7910/DVN/TV8HJX,2026-09-28
doi:10.7910/DVN/RSFH7Y,2026-09-28
doi:10.7910/DVN/JDERBK,2026-09-28
doi:10.7910/DVN/5RNS6K,2026-09-28
doi:10.7910/DVN/CTBTDX,2026-09-28
doi:10.7910/DVN/9VFEDO,2026-09-28
doi:10.7910/DVN/HTBRKH,2026-09-28
doi:10.7910/DVN/81NHTH,2026-09-28
doi:10.7910/DVN/XFNP4H,2026-09-28
doi:10.7910/DVN/VP3NZI,2026-09-28
doi:10.7910/DVN/E9BVAN,2026-09-28
doi:10.7910/DVN/EX0NBW,2026-09-28
doi:10.7910/DVN/0TIFK9,2026-09-28
doi:10.7910/DVN/TP9HFC,2026-09-28
doi:10.7910/DVN/QEAFZF,2026-09-28
doi:10.7910/DVN/8FTPAX,2026-09-28
doi:10.7910/DVN/LSF02S,2026-09-28
doi:10.7910/DVN/B5YNLC,2026-09-28
doi:10.7910/DVN/GIKARJ,2026-09-28
doi:10.7910/DVN/ACQIEF,2026-09-28
doi:10.7910/DVN/LARBX9,2026-09-28
doi:10.7910/DVN/TVQCVD,2026-09-28
doi:10.7910/DVN/IZ4PIZ,2026-09-28
doi:10.7910/DVN/YEVVSD,2026-09-28
doi:10.7910/DVN/TRCYXN,2026-09-28
doi:10.7910/DVN/OO9SJI,2026-09-28
doi:10.7910/DVN/RDXYIR,2026-09-28
doi:10.7910/DVN/YPNXIA,2026-09-28
doi:10.7910/DVN/YFO4FM,2026-09-28
doi:10.7910/DVN/41QRNN,2026-09-28
doi:10.7910/DVN/XVYTN1,2026-09-28
doi:10.7910/DVN/2YQ2CF,2026-09-28
doi:10.7910/DVN/R6BQXR,2026-09-28
doi:10.7910/DVN/QZVCID,2026-09-28
doi:10.7910/DVN/FYGFLS,2026-09-28
doi:10.7910/DVN/FHMH7W,2026-09-28
doi:10.7910/DVN/MXNA8U,2026-09-28
doi:10.7910/DVN/Y9YHPL,2026-09-28
doi:10.7910/DVN/48MJAN,2026-09-28
doi:10.7910/DVN/5DKNDD,2026-09-28
doi:10.7910/DVN/YTKWBV,2026-09-28
doi:10.7910/DVN/TCPKYA,2026-09-28
doi:10.7910/DVN/PYXNDA,2026-09-28
doi:10.7910/DVN/GH2MEM,2026-09-28
doi:10.7910/DVN/FTC4SJ,2026-09-28
doi:10.7910/DVN/O0VMH6,2026-09-28
doi:10.7910/DVN/HHEKZB,2026-09-28
doi:10.7910/DVN/MV23TX,2026-09-28
doi:10.7910/DVN/NQLNFZ,2026-09-28
doi:10.7910/DVN/F5MSOX,2026-09-28
doi:10.7910/DVN/LV2HKD,2026-09-28
doi:10.7910/DVN/FWHDPY,2026-09-28
doi:10.7910/DVN/MP5F85,2026-09-28
doi:10.7910/DVN/LWU8SM,2026-09-28
doi:10.7910/DVN/VWBWGW,2026-09-28
doi:10.7910/DVN/TSOWFO,2026-09-28
doi:10.7910/DVN/PFJUDC,2026-09-28
doi:10.7910/DVN/K3I9J2,2026-09-28
doi:10.7910/DVN/SSVFMI,2026-09-28
doi:10.7910/DVN/UEEZQN,2026-09-28
doi:10.7910/DVN/WGCRY7,2026-09-28
doi:10.7910/DVN/SR0IQI,2026-09-28
doi:10.7910/DVN/FYZANZ,2026-09-28
doi:10.7910/DVN/XT6RRU,2026-09-28
doi:10.7910/DVN/TPXBNO,2026-09-28
doi:10.7910/DVN/ID7TON,2026-09-28
doi:10.7910/DVN/DEKMKT,2026-09-28
doi:10.7910/DVN/ED6NUR,2026-09-28
doi:10.7910/DVN/DAPAOU,2026-09-28
doi:10.7910/DVN/OL2C7R,2026-09-28
doi:10.7910/DVN/Y1O8WN,2026-09-28
doi:10.7910/DVN/BRHY14,2026-09-28
doi:10.7910/DVN/X6C6PV,2026-09-28
doi:10.7910/DVN/ROI9SS,2026-09-28
doi:10.7910/DVN/AKJAGE,2026-09-28
doi:10.7910/DVN/PUJ1AN,2026-09-28
doi:10.7910/DVN/CR60IO,2026-09-28
doi:10.7910/DVN/Y4XFCT,2026-09-28
doi:10.7910/DVN/HL64WC,2026-09-28
doi:10.7910/DVN/FZQWZX,2026-09-28
doi:10.7910/DVN/MVBLYR,2026-09-28
doi:10.7910/DVN/OTSJX2,2026-09-28
doi:10.7910/DVN/WY5KVE,2026-09-28
doi:10.7910/DVN/C7LAYQ,2026-09-28
doi:10.7910/DVN/6U9FHM,2026-09-28
doi:10.7910/DVN/KBWPE3,2026-09-28
doi:10.7910/DVN/KIWZGR,2026-09-28
doi:10.7910/DVN/MGC9FF,2026-09-28
doi:10.7910/DVN/2TZKB3,2026-09-28
doi:10.7910/DVN/1KQN5U,2026-09-28
doi:10.7910/DVN/EJQCXP,2026-09-28
doi:10.7910/DVN/ZD5M98,2026-09-28
doi:10.7910/DVN/JJEKTR,2026-09-28
doi:10.7910/DVN/G82AU0,2026-09-28
doi:10.7910/DVN/LCVHJU,2026-09-28
doi:10.7910/DVN/IGOI1N,2026-09-28
doi:10.7910/DVN/G8HOL6,2026-09-28
doi:10.7910/DVN/TKXP4A,2026-09-28
doi:10.7910/DVN/0T9DIZ,2026-09-28
doi:10.7910/DVN/U5ZRGK,2026-09-28
doi:10.7910/DVN/CVNXLW,2026-09-28
doi:10.7910/DVN/1V3H2N,2026-09-28
doi:10.7910/DVN/HYOHMJ,2026-09-28
doi:10.7910/DVN/WLKM8J,2026-09-28
doi:10.7910/DVN/L4YOQO,2026-09-28
doi:10.7910/DVN/2BBHZV,2026-09-28
doi:10.7910/DVN/M2VHZT,2026-09-28
doi:10.7910/DVN/ECUDW4,2026-09-28
doi:10.7910/DVN/WYQTTN,2026-09-28
doi:10.7910/DVN/NWKSHA,2026-09-28
doi:10.7910/DVN/OUI9LS,2026-09-28
doi:10.7910/DVN/NHSDN7,2026-09-28
doi:10.7910/DVN/CCSWHH,2026-09-28
doi:10.7910/DVN/E4OOYT,2026-09-28
doi:10.7910/DVN/GFENDZ,2026-09-28
doi:10.7910/DVN/F16G4P,2026-09-28
doi:10.7910/DVN/RTYPSG,2026-09-28
doi:10.7910/DVN/0NQPXZ,2026-09-28
doi:10.7910/DVN/TTE5CU,2026-09-28
doi:10.7910/DVN/2JDXSQ,2026-09-28
doi:10.7910/DVN/SNLHH6,2026-09-28
doi:10.7910/DVN/VIIPYQ,2026-09-28
doi:10.7910/DVN/YFGDA4,2026-09-28
doi:10.7910/DVN/INHODY,2026-09-28
doi:10.7910/DVN/L0USQU,2026-09-28
doi:10.7910/DVN/RZKLTA,2026-09-28
doi:10.7910/DVN/VJJBXC,2026-09-28
doi:10.7910/DVN/RITJ3U,2026-09-28
doi:10.7910/DVN/JFDERD,2026-09-28
doi:10.7910/DVN/CV8I6N,2026-09-28
doi:10.7910/DVN/911VIX,2026-09-28
doi:10.7910/DVN/SJL3S8,2026-09-28
doi:10.7910/DVN/FDTPZA,2026-09-28
doi:10.7910/DVN/742910,2026-09-28
doi:10.7910/DVN/Y9CHHO,2026-09-28
doi:10.7910/DVN/JGN8KR,2026-09-28
doi:10.7910/DVN/LXFYVH,2026-09-28
doi:10.7910/DVN/3F1RGQ,2026-09-28
doi:10.7910/DVN/ALBUXJ,2026-09-28
doi:10.7910/DVN/KZCEF1,2026-09-28
doi:10.7910/DVN/SZFCUJ,2026-09-28
doi:10.7910/DVN/DIAW9A,2026-09-28
doi:10.7910/DVN/PPNPH5,2026-09-28
doi:10.7910/DVN/JWCN9A,2026-09-28
doi:10.7910/DVN/VELXO1,2026-09-28
doi:10.7910/DVN/4OYKMX,2026-09-28
doi:10.7910/DVN/HVHKDQ,2026-09-28
doi:10.7910/DVN/PIBK5I,2026-09-28
doi:10.7910/DVN/JYWRBV,2026-09-28
doi:10.7910/DVN/QWLDPQ,2026-09-28
doi:10.7910/DVN/CQYWHM,2026-09-28
doi:10.7910/DVN/WMAPGB,2026-09-28
doi:10.7910/DVN/CJLHMT,2026-09-28
doi:10.7910/DVN/OQSQSO,2026-09-28
doi:10.7910/DVN/VWU2BY,2026-09-28
doi:10.7910/DVN/BHOLGN,2026-09-28
doi:10.7910/DVN/B0QATM,2026-09-28
doi:10.7910/DVN/9LWQKQ,2026-09-28
doi:10.7910/DVN/XNTMGS,2026-09-28
doi:10.7910/DVN/HHDLFN,2026-09-28
doi:10.7910/DVN/NVHGIQ,2026-09-28
doi:10.7910/DVN/RXOZEZ,2026-09-28
doi:10.7910/DVN/P9S5TI,2026-09-28
doi:10.7910/DVN/2YA2VU,2026-09-28
doi:10.7910/DVN/DYJYUW,2026-09-28
doi:10.7910/DVN/YJWRAB,2026-09-28
doi:10.7910/DVN/GRHQ3W,2026-09-28
doi:10.7910/DVN/CUR5RR,2026-09-28
doi:10.7910/DVN/NDONA4,2026-09-28
doi:10.7910/DVN/AJWTLI,2026-09-28
doi:10.7910/DVN/LAKKDP,2026-09-28
doi:10.7910/DVN/USWU3O,2026-09-28
doi:10.7910/DVN/5KC1FM,2026-09-28
doi:10.7910/DVN/Y0LFRY,2026-09-28
doi:10.7910/DVN/KN6XAR,2026-09-28
doi:10.7910/DVN/AGSROX,2026-09-28
doi:10.7910/DVN/VXXBNY,2026-09-28
doi:10.7910/DVN/EZ8XCG,2026-09-28
doi:10.7910/DVN/R6WRTG,2026-09-28
doi:10.7910/DVN/SSVE5E,2026-09-28
doi:10.7910/DVN/THBT8N,2026-09-28
doi:10.7910/DVN/DEX6EW,2026-09-28
doi:10.7910/DVN/BPT0A8,2026-09-28
doi:10.7910/DVN/FUCPCW,2026-09-28
doi:10.7910/DVN/4T7Q6U,2026-09-28
doi:10.7910/DVN/6FHV5B,2026-09-28
doi:10.7910/DVN/DJ28RU,2026-09-28
doi:10.7910/DVN/KCAY0B,2026-09-28
doi:10.7910/DVN/POQR6F,2026-09-28
doi:10.7910/DVN/8TEZ2R,2026-09-28
doi:10.7910/DVN/WW5HMR,2026-09-28
doi:10.7910/DVN/SKBHD4,2026-09-28
doi:10.7910/DVN/VGOANQ,2026-09-28
doi:10.7910/DVN/N2XICI,2026-09-28
doi:10.7910/DVN/QINQ6H,2026-09-28
doi:10.7910/DVN/MTNQOP,2026-09-28
doi:10.7910/DVN/BGSCO4,2026-09-28
doi:10.7910/DVN/JHMBAS,2026-09-28
doi:10.7910/DVN/TXNYH0,2026-09-28
doi:10.7910/DVN/D5DXCE,2026-09-28
doi:10.7910/DVN/ZUPYMN,2026-09-28
doi:10.7910/DVN/HD47YD,2026-09-28
doi:10.7910/DVN/SQR820,2026-09-28
doi:10.7910/DVN/KESYTW,2026-09-28
doi:10.7910/DVN/3IWMAY,2026-09-28
doi:10.7910/DVN/LPEGN1,2026-09-28
doi:10.7910/DVN/FCQ6S5,2026-09-28
doi:10.7910/DVN/H7NBXG,2026-09-28
doi:10.7910/DVN/T8R1AI,2026-09-28
doi:10.7910/DVN/MP3TMM,2026-09-28
doi:10.7910/DVN/QXIMQI,2026-09-28
doi:10.7910/DVN/EPT8OF,2026-09-28
doi:10.7910/DVN/AMWWZE,2026-09-28
doi:10.7910/DVN/XTBKSC,2026-09-28
doi:10.7910/DVN/BCPIDC,2026-09-28
doi:10.7910/DVN/TGOS5I,2026-09-28
doi:10.7910/DVN/G2AVLP,2026-09-28
doi:10.7910/DVN/QTCNQD,2026-09-28
doi:10.7910/DVN/DCENGS,2026-09-28
doi:10.7910/DVN/1UZGWL,2026-09-28
doi:10.7910/DVN/4QQHW7,2026-09-28
doi:10.7910/DVN/DVSWOR,2026-09-28
doi:10.7910/DVN/OOC5JJ,2026-09-28
doi:10.7910/DVN/78YQLD,2026-09-28
doi:10.7910/DVN/UMMAJU,2026-09-28
doi:10.7910/DVN/MLHJYN,2026-09-28
doi:10.7910/DVN/FUCDTT,2026-09-28
doi:10.7910/DVN/VY4FMR,2026-09-28
doi:10.7910/DVN/CCHUMC,2026-09-28
doi:10.7910/DVN/2CVG5E,2026-09-28
doi:10.7910/DVN/FLDXM9,2026-09-28
doi:10.7910/DVN/ADQPHQ,2026-09-28
doi:10.7910/DVN/UDYUTJ,2026-09-28
doi:10.7910/DVN/NNAFVA,2026-09-28
doi:10.7910/DVN/EIJB9Y,2026-09-28
doi:10.7910/DVN/EGXA5F,2026-09-28
doi:10.7910/DVN/FAGZ1L,2026-09-28
doi:10.7910/DVN/F3K3MA,2026-09-28
doi:10.7910/DVN/SOEWUZ,2026-09-28
doi:10.7910/DVN/NRWVUD,2026-09-28
doi:10.7910/DVN/DS9KHC,2026-09-28
doi:10.7910/DVN/GEOYDX,2026-09-28
doi:10.7910/DVN/CKXW7L,2026-09-28
doi:10.7910/DVN/LU6CNM,2026-09-28
doi:10.7910/DVN/ZW6BUN,2026-09-28
doi:10.7910/DVN/JZYKHX,2026-09-28
doi:10.7910/DVN/FUSY37,2026-09-28
doi:10.7910/DVN/XE3R0V,2026-09-28
doi:10.7910/DVN/PBVGIB,2026-09-28
doi:10.7910/DVN/BGLGBZ,2026-09-28
doi:10.7910/DVN/HQYKXX,2026-09-28
doi:10.7910/DVN/DESLIU,2026-09-28
doi:10.7910/DVN/6LCLMW,2026-09-28
doi:10.7910/DVN/EWSQPJ,2026-09-28
doi:10.7910/DVN/YPTP96,2026-09-28
doi:10.7910/DVN/IX1JQG,2026-09-28
doi:10.7910/DVN/VINQSS,2026-09-28
doi:10.7910/DVN/U1USCI,2026-09-28
doi:10.7910/DVN/GK3TMY,2026-09-28
doi:10.7910/DVN/D737FP,2026-09-28
doi:10.7910/DVN/1E8HF3,2026-09-28
doi:10.7910/DVN/MRCC5Z,2026-09-28
doi:10.7910/DVN/MTLKIF,2026-09-28
doi:10.7910/DVN/J9RCVH,2026-09-28
doi:10.7910/DVN/SUCNTD,2026-09-28
doi:10.7910/DVN/VUHMHF,2026-09-28
doi:10.7910/DVN/FLGPW8,2026-09-28
doi:10.7910/DVN/3FGLKN,2026-09-28
doi:10.7910/DVN/SYFWXB,2026-09-28
doi:10.7910/DVN/XOYEMU,2026-09-28
doi:10.7910/DVN/GO75QE,2026-09-28
doi:10.7910/DVN/4YRDQA,2026-09-28
doi:10.7910/DVN/T0UKCN,2026-09-28
doi:10.7910/DVN/HOTD5N,2026-09-28
doi:10.7910/DVN/DNCHBF,2026-09-28
doi:10.7910/DVN/3TZAEB,2026-09-28
doi:10.7910/DVN/NJWJ0D,2026-09-28
doi:10.7910/DVN/5DHMYI,2026-09-28
doi:10.7910/DVN/EUJ9SH,2026-09-28
doi:10.7910/DVN/UI3NTB,2026-09-28
doi:10.7910/DVN/OA8D7L,2026-09-28
doi:10.7910/DVN/5KK0RE,2026-09-28
doi:10.7910/DVN/OF0P2S,2026-09-28
doi:10.7910/DVN/FXVIUR,2026-09-28
doi:10.7910/DVN/ABTKSK,2026-09-28
doi:10.7910/DVN/BODM79,2026-09-28
doi:10.7910/DVN/DH6QMZ,2026-09-28
doi:10.7910/DVN/ZVZQQR,2026-09-28
doi:10.7910/DVN/4ZTDMU,2026-09-28
doi:10.7910/DVN/IIHXFP,2026-09-28
doi:10.7910/DVN/7UOT14,2026-09-28
doi:10.7910/DVN/JK4FMH,2026-09-28
doi:10.7910/DVN/S61MIY,2026-09-28
doi:10.7910/DVN/IHMU6B,2026-09-28
doi:10.7910/DVN/IEADS4,2026-09-28
doi:10.7910/DVN/LFT8R2,2026-09-28
doi:10.7910/DVN/HBH799,2026-09-28
doi:10.7910/DVN/EVRMBG,2026-09-28
doi:10.7910/DVN/EENNBW,2026-09-28
doi:10.7910/DVN/GZBI4X,2026-09-28
doi:10.7910/DVN/PZZB1Z,2026-09-28
doi:10.7910/DVN/IZ39YU,2026-09-28
doi:10.7910/DVN/LMRRZB,2026-09-28
doi:10.7910/DVN/HBXTHG,2026-09-28
doi:10.7910/DVN/AYSHR4,2026-09-28
doi:10.7910/DVN/XE6FWK,2026-09-28
doi:10.7910/DVN/2X2QYS,2026-09-28
doi:10.7910/DVN/JM7LGF,2026-09-28
doi:10.7910/DVN/EBWFA9,2026-09-28
doi:10.7910/DVN/IIXFMG,2026-09-28
doi:10.7910/DVN/97KSIK,2026-09-28
doi:10.7910/DVN/QWSLYN,2026-09-28
doi:10.7910/DVN/RJUHQC,2026-09-28
doi:10.7910/DVN/BTYHKP,2026-09-28
doi:10.7910/DVN/TDW7VU,2026-09-28
doi:10.7910/DVN/FQFH7Y,2026-09-28
doi:10.7910/DVN/J4OWC0,2026-09-28
doi:10.7910/DVN/FOSH90,2026-09-28
doi:10.7910/DVN/ET4UO9,2026-09-28
doi:10.7910/DVN/MQ5WES,2026-09-28
doi:10.7910/DVN/CXAVEF,2026-09-28
doi:10.7910/DVN/QOVXPR,2026-09-28
doi:10.7910/DVN/8RHZR1,2026-09-28
doi:10.7910/DVN/VDF4JW,2026-09-28
doi:10.7910/DVN/KNT6YQ,2026-09-28
doi:10.7910/DVN/Q9C7UX,2026-09-28
doi:10.7910/DVN/VDQF6I,2026-09-28
doi:10.7910/DVN/S1USLQ,2026-09-28
doi:10.7910/DVN/KO2VPS,2026-09-28
doi:10.7910/DVN/UZSKZJ,2026-09-28
doi:10.7910/DVN/XUQE7Z,2026-09-28
doi:10.7910/DVN/1PZSCI,2026-09-28
doi:10.7910/DVN/TZ9PSJ,2026-09-28
doi:10.7910/DVN/CG9VPE,2026-09-28
doi:10.7910/DVN/SITBOE,2026-09-28
doi:10.7910/DVN/QU3YES,2026-09-28
doi:10.7910/DVN/ZA6YEN,2026-09-28
doi:10.7910/DVN/GXWHFG,2026-09-28
doi:10.7910/DVN/W188CY,2026-09-28
doi:10.7910/DVN/LABIJN,2026-09-28
doi:10.7910/DVN/URWVHV,2026-09-28
doi:10.7910/DVN/7PCO1L,2026-09-28
doi:10.7910/DVN/U4ND12,2026-09-28
doi:10.7910/DVN/CHLLZ4,2026-09-28
doi:10.7910/DVN/K2CGSN,2026-09-28
doi:10.7910/DVN/VWXJCZ,2026-09-28
doi:10.7910/DVN/LP0TZR,2026-09-28
doi:10.7910/DVN/BJN7OG,2026-09-28
doi:10.7910/DVN/IPXFX7,2026-09-28
doi:10.7910/DVN/OILORM,2026-09-28
doi:10.7910/DVN/AIDUDC,2026-09-28
doi:10.7910/DVN/46UDEI,2026-09-28
doi:10.7910/DVN/SYNP73,2026-09-28
doi:10.7910/DVN/LQY3UD,2026-09-28
doi:10.7910/DVN/JEZ0FF,2026-09-28
doi:10.7910/DVN/AFBRSQ,2026-09-28
doi:10.7910/DVN/TXBN6G,2026-09-28
doi:10.7910/DVN/DBNBEU,2026-09-28
doi:10.7910/DVN/0TBFD4,2026-09-28
doi:10.7910/DVN/UMBLQS,2026-09-28
doi:10.7910/DVN/0LCYN5,2026-09-28
doi:10.7910/DVN/9JTFHS,2026-09-28
doi:10.7910/DVN/XGBMW9,2026-09-28
doi:10.7910/DVN/KI7UFM,2026-09-28
doi:10.7910/DVN/6VJ2WK,2026-09-28
doi:10.7910/DVN/COS3BS,2026-09-28
doi:10.7910/DVN/2XIFZW,2026-09-28
doi:10.7910/DVN/ATSYM6,2026-09-28
doi:10.7910/DVN/A9P7TV,2026-09-28
doi:10.7910/DVN/UNEBPY,2026-09-28
doi:10.7910/DVN/RXA9TL,2026-09-28
doi:10.7910/DVN/S6ZMEN,2026-09-28
doi:10.7910/DVN/BOKBQQ,2026-09-28
doi:10.7910/DVN/WRBQX1,2026-09-28
doi:10.7910/DVN/QIH3D7,2026-09-28
doi:10.7910/DVN/FQJ8WF,2026-09-28
doi:10.7910/DVN/VZURJ6,2026-09-28
doi:10.7910/DVN/HR14IN,2026-09-28
doi:10.7910/DVN/D3VZX3,2026-09-28
doi:10.7910/DVN/5E3D0F,2026-09-28
doi:10.7910/DVN/WJBFEO,2026-09-28
doi:10.7910/DVN/VINNTX,2026-09-28
doi:10.7910/DVN/7C5RYJ,2026-09-28
doi:10.7910/DVN/H2JWXV,2026-09-28
doi:10.7910/DVN/CGXPF5,2026-09-28
doi:10.7910/DVN/NZH7UB,2026-09-28
doi:10.7910/DVN/VJWOG1,2026-09-28
doi:10.7910/DVN/UPLZAK,2026-09-28
doi:10.7910/DVN/XV27OQ,2026-09-28
doi:10.7910/DVN/FHTM1F,2026-09-28
doi:10.7910/DVN/AFYKUH,2026-09-28
doi:10.7910/DVN/U7JD6S,2026-09-28
doi:10.7910/DVN/UTHBDT,2026-09-28
doi:10.7910/DVN/ADDPK5,2026-09-28
doi:10.7910/DVN/OTM5B5,2026-09-28
doi:10.7910/DVN/Z4GY1O,2026-09-28
doi:10.7910/DVN/SYQE2H,2026-09-28
doi:10.7910/DVN/TVI1AR,2026-09-28
doi:10.7910/DVN/DLEOQD,2026-09-28
doi:10.7910/DVN/9Q1WI3,2026-09-28
doi:10.7910/DVN/OXGMLI,2026-09-28
doi:10.7910/DVN/TVUZEC,2026-09-28
doi:10.7910/DVN/AUHSMD,2026-09-28
doi:10.7910/DVN/HC1X9S,2026-09-28
doi:10.7910/DVN/LAXOSG,2026-09-28
doi:10.7910/DVN/SBVR8T,2026-09-28
doi:10.7910/DVN/MOAKFJ,2026-09-28
doi:10.7910/DVN/VKXDGO,2026-09-28
doi:10.7910/DVN/WDQB4C,2026-09-28
doi:10.7910/DVN/W8PHXM,2026-09-28
doi:10.7910/DVN/GEZMQL,2026-09-28
doi:10.7910/DVN/VWWAHK,2026-09-28
doi:10.7910/DVN/MH1VLZ,2026-09-28
doi:10.7910/DVN/JBXFCE,2026-09-28
doi:10.7910/DVN/4OYWQH,2026-09-28
doi:10.7910/DVN/ZFOTRO,2026-09-28
doi:10.7910/DVN/WKUAFD,2026-09-28
doi:10.7910/DVN/LZR8DJ,2026-09-28
doi:10.7910/DVN/AQQ3GG,2026-09-28
doi:10.7910/DVN/UBAIEF,2026-09-28
doi:10.7910/DVN/FAA9EA,2026-09-28
doi:10.7910/DVN/Q1WIDV,2026-09-28
doi:10.7910/DVN/KIFE1G,2026-09-28
doi:10.7910/DVN/NOMRHB,2026-09-28
doi:10.7910/DVN/MPJ50I,2026-09-28
doi:10.7910/DVN/AV3OQM,2026-09-28
doi:10.7910/DVN/SMZD06,2026-09-28
doi:10.7910/DVN/QR1EIR,2026-09-28
doi:10.7910/DVN/YGSKJT,2026-09-28
doi:10.7910/DVN/U768QN,2026-09-28
doi:10.7910/DVN/RELTP0,2026-09-28
doi:10.7910/DVN/PE06KW,2026-09-28
doi:10.7910/DVN/MZH4I2,2026-09-28
doi:10.7910/DVN/CNQKTH,2026-09-28
doi:10.7910/DVN/U41MXY,2026-09-28
doi:10.7910/DVN/W0FWBT,2026-09-28
doi:10.7910/DVN/MDDS0T,2026-09-28
doi:10.7910/DVN/A4UV9D,2026-09-28
doi:10.7910/DVN/EARLA4,2026-09-28
doi:10.7910/DVN/PLZ9LJ,2026-09-28
doi:10.7910/DVN/RWPSHO,2026-09-28
doi:10.7910/DVN/VU1TGI,2026-09-28
doi:10.7910/DVN/AEZKWE,2026-09-28
doi:10.7910/DVN/CSKA4Q,2026-09-28
doi:10.7910/DVN/RVV8SD,2026-09-28
doi:10.7910/DVN/OMABN4,2026-09-28
doi:10.7910/DVN/4KRZCG,2026-09-28
doi:10.7910/DVN/9GSJ6V,2026-09-28
doi:10.7910/DVN/NN0OXE,2026-09-28
doi:10.7910/DVN/GIXQ2I,2026-09-28
doi:10.7910/DVN/JM1WCY,2026-09-28
doi:10.7910/DVN/JOYQYP,2026-09-28
doi:10.7910/DVN/JGST70,2026-09-28
doi:10.7910/DVN/KHUT6X,2026-09-28
doi:10.7910/DVN/G2KEB2,2026-09-28
doi:10.7910/DVN/2VHCON,2026-09-28
doi:10.7910/DVN/0DCWT7,2026-09-28
doi:10.7910/DVN/NVMD6X,2026-09-28
doi:10.7910/DVN/SJ9OMJ,2026-09-28
doi:10.7910/DVN/GQOYSS,2026-09-28
doi:10.7910/DVN/APLEYS,2026-09-28
doi:10.7910/DVN/LZV8LU,2026-09-28
doi:10.7910/DVN/1BZJOW,2026-09-28
doi:10.7910/DVN/5XG84N,2026-09-28
doi:10.7910/DVN/PORBIU,2026-09-28
doi:10.7910/DVN/JQAAJL,2026-09-28
doi:10.7910/DVN/K0BFAG,2026-09-28
doi:10.7910/DVN/SVYQRT,2026-09-28
doi:10.7910/DVN/LJMNV9,2026-09-28
doi:10.7910/DVN/DQ1WFB,2026-09-28
doi:10.7910/DVN/MQTZG1,2026-09-28
doi:10.7910/DVN/WPYAB2,2026-09-28
doi:10.7910/DVN/ZCX84G,2026-09-28
doi:10.7910/DVN/9H3DFP,2026-09-28
doi:10.7910/DVN/JZ4WG4,2026-09-28
doi:10.7910/DVN/UL6YWP,2026-09-28
doi:10.7910/DVN/DNH9XV,2026-09-28
doi:10.7910/DVN/UPHCUE,2026-09-28
doi:10.7910/DVN/LAVHXW,2026-09-28
doi:10.7910/DVN/S3CGUV,2026-09-28
doi:10.7910/DVN/IZA24F,2026-09-28
doi:10.7910/DVN/ADE2SJ,2026-09-28
doi:10.7910/DVN/0XS5NX,2026-09-28
doi:10.7910/DVN/MME5SS,2026-09-28
doi:10.7910/DVN/WCLV9B,2026-09-28
doi:10.7910/DVN/RM7VAL,2026-09-28
doi:10.7910/DVN/MZIANQ,2026-09-28
doi:10.7910/DVN/FSOVA7,2026-09-28
doi:10.7910/DVN/GHHZO4,2026-09-28
doi:10.7910/DVN/3YFBR8,2026-09-28
doi:10.7910/DVN/5HXT8K,2026-09-28
doi:10.7910/DVN/8JFNSN,2026-09-28
doi:10.7910/DVN/F9L41L,2026-09-28
doi:10.7910/DVN/VDK5HS,2026-09-28
doi:10.7910/DVN/ZEDEAD,2026-09-28
doi:10.7910/DVN/X5RBRB,2026-09-28
doi:10.7910/DVN/SS0UEI,2026-09-28
doi:10.7910/DVN/AYFAFF,2026-09-28
doi:10.7910/DVN/MQVUUD,2026-09-28
doi:10.7910/DVN/TFCBSD,2026-09-28
doi:10.7910/DVN/W5GQNZ,2026-09-28
doi:10.7910/DVN/RX4JGK,2026-09-28
doi:10.7910/DVN/EWDCQX,2026-09-28
doi:10.7910/DVN/9TCK0G,2026-09-28
doi:10.7910/DVN/SIHBRN,2026-09-28
doi:10.7910/DVN/N6LIMH,2026-09-28
doi:10.7910/DVN/TE1YA6,2026-09-28
doi:10.7910/DVN/BNINNL,2026-09-28
doi:10.7910/DVN/ZI48LK,2026-09-28
doi:10.7910/DVN/EV5BGV,2026-09-28
doi:10.7910/DVN/2LH0BZ,2026-09-28
doi:10.7910/DVN/XHNAFO,2026-09-28
doi:10.7910/DVN/AW5LU8,2026-09-28
doi:10.7910/DVN/LJOIYF,2026-09-28
doi:10.7910/DVN/YRJ6E3,2026-09-28
doi:10.7910/DVN/AM3LJF,2026-09-28
doi:10.7910/DVN/N71MOK,2026-09-28
doi:10.7910/DVN/TFQ2UK,2026-09-28
doi:10.7910/DVN/UGEP3P,2026-09-28
doi:10.7910/DVN/RO1YK7,2026-09-28
doi:10.7910/DVN/IDXWKA,2026-09-28
doi:10.7910/DVN/EUISZU,2026-09-28
doi:10.7910/DVN/TS4XRA,2026-09-28
doi:10.7910/DVN/KQGKD0,2026-09-28
doi:10.7910/DVN/LHWSBT,2026-09-28
doi:10.7910/DVN/XIIAVW,2026-09-28
doi:10.7910/DVN/FUSIWA,2026-09-28
doi:10.7910/DVN/IYC3GR,2026-09-28
doi:10.7910/DVN/HUYOHI,2026-09-28
doi:10.7910/DVN/B8Y17J,2026-09-28
doi:10.7910/DVN/YEEWVX,2026-09-28
doi:10.7910/DVN/HGD6CG,2026-09-28
doi:10.7910/DVN/GCDJ25,2026-09-28
doi:10.7910/DVN/TGJQUL,2026-09-28
doi:10.7910/DVN/S8LSKA,2026-09-28
doi:10.7910/DVN/6IRAEM,2026-09-28
doi:10.7910/DVN/18XSG8,2026-09-28
doi:10.7910/DVN/YILXB4,2026-09-28
doi:10.7910/DVN/MSNWPY,2026-09-28
doi:10.7910/DVN/FMOR6K,2026-09-28
doi:10.7910/DVN/RXA4JB,2026-09-28
doi:10.7910/DVN/NXDEGT,2026-09-28
doi:10.7910/DVN/FWD9Q9,2026-09-28
doi:10.7910/DVN/X5ALUA,2026-09-28
doi:10.7910/DVN/YOBUVS,2026-09-28
doi:10.7910/DVN/JTKVX2,2026-09-28
doi:10.7910/DVN/PRAQI2,2026-09-28
doi:10.7910/DVN/SUKHMB,2026-09-28
doi:10.7910/DVN/LEV1RR,2026-09-28
doi:10.7910/DVN/TYNEDE,2026-09-28
doi:10.7910/DVN/PGNYUJ,2026-09-28
doi:10.7910/DVN/DAQ9PK,2026-09-28
doi:10.7910/DVN/SB6JQF,2026-09-28
doi:10.7910/DVN/DKXD2X,2026-09-28
doi:10.7910/DVN/PGJPKQ,2026-09-28
doi:10.7910/DVN/UTPOTW,2026-09-28
doi:10.7910/DVN/TR9NAB,2026-09-28
doi:10.7910/DVN/5KDUTD,2026-09-28
doi:10.7910/DVN/N01LDH,2026-09-28
doi:10.7910/DVN/8Y6BR1,2026-09-28
doi:10.7910/DVN/0Y1E2B,2026-09-28
doi:10.7910/DVN/GCTLYJ,2026-09-28
doi:10.7910/DVN/BY4OBR,2026-09-28
doi:10.7910/DVN/C4CLNR,2026-09-28
doi:10.7910/DVN/8B31FG,2026-09-28
doi:10.7910/DVN/BZZ9VF,2026-09-28
doi:10.7910/DVN/P3RXDM,2026-09-28
doi:10.7910/DVN/NBMH7M,2026-09-28
doi:10.7910/DVN/GOOVNS,2026-09-28
doi:10.7910/DVN/XTRWKG,2026-09-28
doi:10.7910/DVN/VFBVRG,2026-09-28
doi:10.7910/DVN/IFZXQX,2026-09-28
doi:10.7910/DVN/FDML2N,2026-09-28
doi:10.7910/DVN/HFWFRG,2026-09-28
doi:10.7910/DVN/TNFDDX,2026-09-28
doi:10.7910/DVN/GHVQGB,2026-09-28
doi:10.7910/DVN/XEMMCN,2026-09-28
doi:10.7910/DVN/AKGWBL,2026-09-28
doi:10.7910/DVN/Y5RRV5,2026-09-28
doi:10.7910/DVN/8ZTQNM,2026-09-28
doi:10.7910/DVN/JMNFLR,2026-09-28
doi:10.7910/DVN/QVTCYP,2026-09-28
doi:10.7910/DVN/3DVZYY,2026-09-28
doi:10.7910/DVN/X3LITS,2026-09-28
doi:10.7910/DVN/VIXZD1,2026-09-28
doi:10.7910/DVN/4WNEE9,2026-09-28
doi:10.7910/DVN/LQ1VPA,2026-09-28
doi:10.7910/DVN/2LDLAE,2026-09-28
doi:10.7910/DVN/00CIUU,2026-09-28
doi:10.7910/DVN/7NP2XH,2026-09-28
doi:10.7910/DVN/Q0CNZA,2026-09-28
doi:10.7910/DVN/Q20FB7,2026-09-28
doi:10.7910/DVN/NDHKSG,2026-09-28
doi:10.7910/DVN/R27ULT,2026-09-28
doi:10.7910/DVN/OYIAYK,2026-09-28
doi:10.7910/DVN/GLT4FX,2026-09-28
doi:10.7910/DVN/CMOWUL,2026-09-28
doi:10.7910/DVN/8WZ793,2026-09-28
doi:10.7910/DVN/J7IS5Q,2026-09-28
doi:10.7910/DVN/M2E5OI,2026-09-28
doi:10.7910/DVN/D2WL5I,2026-09-28
doi:10.7910/DVN/MWBXDN,2026-09-28
doi:10.7910/DVN/HOLUME,2026-09-28
doi:10.7910/DVN/XSMCY5,2026-09-28
doi:10.7910/DVN/Q7EXX4,2026-09-28
doi:10.7910/DVN/4VCBQB,2026-09-28
doi:10.7910/DVN/06ITCK,2026-09-28
doi:10.7910/DVN/0JNE3M,2026-09-28
doi:10.7910/DVN/EVCSCQ,2026-09-28
doi:10.7910/DVN/QBNFFR,2026-09-28
doi:10.7910/DVN/UYWQ7U,2026-09-28
doi:10.7910/DVN/HPZWJR,2026-09-28
doi:10.7910/DVN/R0FXPH,2026-09-28
doi:10.7910/DVN/4LWC1R,2026-09-28
doi:10.7910/DVN/NDPXND,2026-09-28
doi:10.7910/DVN/J3UBZ6,2026-09-28
doi:10.7910/DVN/96XSFG,2026-09-28
doi:10.7910/DVN/F4LSCN,2026-09-28
doi:10.7910/DVN/US75B4,2026-09-28
doi:10.7910/DVN/CKLJL3,2026-09-28
doi:10.7910/DVN/8VBGXO,2026-09-28
doi:10.7910/DVN/QUZ2BN,2026-09-28
doi:10.7910/DVN/2KLNFX,2026-09-28
doi:10.7910/DVN/BLVJJH,2026-09-28
doi:10.7910/DVN/CCKENU,2026-09-28
doi:10.7910/DVN/VLXRIK,2026-09-28
doi:10.7910/DVN/WXTUIL,2026-09-28
doi:10.7910/DVN/V8U06V,2026-09-28
doi:10.7910/DVN/IEQVC7,2026-09-28
doi:10.7910/DVN/BAFF8Q,2026-09-28
doi:10.7910/DVN/YUB3PC,2026-09-28
doi:10.7910/DVN/ECPIYP,2026-09-28
doi:10.7910/DVN/66XBA5,2026-09-28
doi:10.7910/DVN/5AFKDK,2026-09-28
doi:10.7910/DVN/1Y2DLT,2026-09-28
doi:10.7910/DVN/5NWF7G,2026-09-28
doi:10.7910/DVN/OKYC0B,2026-09-28
doi:10.7910/DVN/DNDSPS,2026-09-28
doi:10.7910/DVN/BHVEBZ,2026-09-28
doi:10.7910/DVN/QVLR1C,2026-09-28
doi:10.7910/DVN/PBHNHR,2026-09-28
doi:10.7910/DVN/BTJYHC,2026-09-28
doi:10.7910/DVN/8YS0BB,2026-09-28
doi:10.7910/DVN/WJWRWN,2026-09-28
doi:10.7910/DVN/FEWFTX,2026-09-28
doi:10.7910/DVN/2DCQZV,2026-09-28
doi:10.7910/DVN/VR12G4,2026-09-28
doi:10.7910/DVN/PEHPBY,2026-09-28
doi:10.7910/DVN/NIMLAR,2026-09-28
doi:10.7910/DVN/18EH2Y,2026-09-28
doi:10.7910/DVN/DAPNOX,2026-09-28
doi:10.7910/DVN/O7BPYZ,2026-09-28
doi:10.7910/DVN/OHHVPY,2026-09-28
doi:10.7910/DVN/KNFPV6,2026-09-28
doi:10.7910/DVN/EAYHSN,2026-09-28
doi:10.7910/DVN/XASCZ1,2026-09-28
doi:10.7910/DVN/9ULNMU,2026-09-28
doi:10.7910/DVN/UT25HQ,2026-09-28
doi:10.7910/DVN/CMCZBR,2026-09-28
doi:10.7910/DVN/TOP7OV,2026-09-28
doi:10.7910/DVN/VVV3AN,2026-09-28
doi:10.7910/DVN/XMUSDC,2026-09-28
doi:10.7910/DVN/M98FXF,2026-09-28
doi:10.7910/DVN/QB1TUJ,2026-09-28
doi:10.7910/DVN/NC28F3,2026-09-28
doi:10.7910/DVN/9ERCTY,2026-09-28
doi:10.7910/DVN/AOGRAV,2026-09-28
doi:10.7910/DVN/3ADWK8,2026-09-28
doi:10.7910/DVN/TPZPIO,2026-09-28
doi:10.7910/DVN/NKJR7Z,2026-09-28
doi:10.7910/DVN/P7NAJW,2026-09-28
doi:10.7910/DVN/CV7GYN,2026-09-28
doi:10.7910/DVN/K1LJOL,2026-09-28
doi:10.7910/DVN/RFYOH6,2026-09-28
doi:10.7910/DVN/E43MOQ,2026-09-28
doi:10.7910/DVN/NCUSPZ,2026-09-28
doi:10.7910/DVN/BHKSZR,2026-09-28
doi:10.7910/DVN/M402TU,2026-09-28
doi:10.7910/DVN/NIWSMI,2026-09-28
doi:10.7910/DVN/HJSQNL,2026-09-28
doi:10.7910/DVN/4KFU8S,2026-09-28
doi:10.7910/DVN/MKW8CS,2026-09-28
doi:10.7910/DVN/TQ9TK1,2026-09-28
doi:10.7910/DVN/CQUVCV,2026-09-28
doi:10.7910/DVN/2CLJPA,2026-09-28
doi:10.7910/DVN/MN1OON,2026-09-28
doi:10.7910/DVN/ON8RBD,2026-09-28
doi:10.7910/DVN/HMI4WY,2026-09-28
doi:10.7910/DVN/BDYVK7,2026-09-28
doi:10.7910/DVN/A3M7PY,2026-09-28
doi:10.7910/DVN/JFQV7S,2026-09-28
doi:10.7910/DVN/SXFB9E,2026-09-28
doi:10.7910/DVN/98LMD0,2026-09-28
doi:10.7910/DVN/FIL6J1,2026-09-28
doi:10.7910/DVN/KPCLFQ,2026-09-28
doi:10.7910/DVN/J7WOKC,2026-09-28
doi:10.7910/DVN/EHWM14,2026-09-28
doi:10.7910/DVN/HGBOKF,2026-09-28
doi:10.7910/DVN/MLTZIE,2026-09-28
doi:10.7910/DVN/CGINSA,2026-09-28
doi:10.7910/DVN/G8JVZY,2026-09-28
doi:10.7910/DVN/GSMBFX,2026-09-28
doi:10.7910/DVN/3EOAOL,2026-09-28
doi:10.7910/DVN/RP8Z94,2026-09-28
doi:10.7910/DVN/GYEAIG,2026-09-28
doi:10.7910/DVN/MPBGXL,2026-09-28
doi:10.7910/DVN/WX6ZPC,2026-09-28
doi:10.7910/DVN/FB3O9W,2026-09-28
doi:10.7910/DVN/COOVRP,2026-09-28
doi:10.7910/DVN/D5VRDE,2026-09-28
doi:10.7910/DVN/DXGVAW,2026-09-28
doi:10.7910/DVN/TRIEF2,2026-09-28
doi:10.7910/DVN/YWONK4,2026-09-28
doi:10.7910/DVN/GWD4HA,2026-09-28
doi:10.7910/DVN/C8DCCW,2026-09-28
doi:10.7910/DVN/LEKKGT,2026-09-28
doi:10.7910/DVN/TXFTKV,2026-09-28
doi:10.7910/DVN/19FSQZ,2026-09-28
doi:10.7910/DVN/GBR02C,2026-09-28
doi:10.7910/DVN/DMWWS5,2026-09-28
doi:10.7910/DVN/85RL5E,2026-09-28
doi:10.7910/DVN/PLS50O,2026-09-28
doi:10.7910/DVN/DUW1QY,2026-09-28
doi:10.7910/DVN/GBZZXL,2026-09-28
doi:10.7910/DVN/CRV0IP,2026-09-28
doi:10.7910/DVN/SXLXNV,2026-09-28
doi:10.7910/DVN/9TFMSG,2026-09-28
doi:10.7910/DVN/GIJBUU,2026-09-28
doi:10.7910/DVN/V83FXD,2026-09-28
doi:10.7910/DVN/3RNFFH,2026-09-28
doi:10.7910/DVN/KVIJSY,2026-09-28
doi:10.7910/DVN/O0JVDU,2026-09-28
doi:10.7910/DVN/DQCFUN,2026-09-28
doi:10.7910/DVN/ZBVYXZ,2026-09-28
doi:10.7910/DVN/IOPELZ,2026-09-28
doi:10.7910/DVN/8HFVU8,2026-09-28
doi:10.7910/DVN/UMSSKG,2026-09-28
doi:10.7910/DVN/QNCRWS,2026-09-28
doi:10.7910/DVN/I32PHE,2026-09-28
doi:10.7910/DVN/OOLBO9,2026-09-28
doi:10.7910/DVN/ZTTCOX,2026-09-28
doi:10.7910/DVN/DWOBT4,2026-09-28
doi:10.7910/DVN/RQZWE6,2026-09-28
doi:10.7910/DVN/M89XMZ,2026-09-28
doi:10.7910/DVN/NAMZXJ,2026-09-28
doi:10.7910/DVN/8GABL3,2026-09-28
doi:10.7910/DVN/N4RK1D,2026-09-28
doi:10.7910/DVN/ZK7QPH,2026-09-28
doi:10.7910/DVN/XG6QQX,2026-09-28
doi:10.7910/DVN/9F0SMU,2026-09-28
doi:10.7910/DVN/WG8VCK,2026-09-28
doi:10.7910/DVN/IIE50D,2026-09-28
doi:10.7910/DVN/M3O9O6,2026-09-28
doi:10.7910/DVN/KXIN0A,2026-09-28
doi:10.7910/DVN/FMX62W,2026-09-28
doi:10.7910/DVN/9NYAP7,2026-09-28
doi:10.7910/DVN/JWJRME,2026-09-28
doi:10.7910/DVN/U07SDB,2026-09-28
doi:10.7910/DVN/PUIROM,2026-09-28
doi:10.7910/DVN/BQGWYI,2026-09-28
doi:10.7910/DVN/UQVN70,2026-09-28
doi:10.7910/DVN/IUXG2I,2026-09-28
doi:10.7910/DVN/70SNIS,2026-09-28
doi:10.7910/DVN/UFZTYU,2026-09-28
doi:10.7910/DVN/3EONKV,2026-09-28
doi:10.7910/DVN/LXIBYP,2026-09-28
doi:10.7910/DVN/2UUQ25,2026-09-28
doi:10.7910/DVN/QNMUA1,2026-09-28
doi:10.7910/DVN/VWPPVQ,2026-09-28
doi:10.7910/DVN/1CKNTW,2026-09-28
doi:10.7910/DVN/UYGWOB,2026-09-28
doi:10.7910/DVN/0DLNBL,2026-09-28
doi:10.7910/DVN/WKIJST,2026-09-28
doi:10.7910/DVN/DJVNZF,2026-09-28
doi:10.7910/DVN/E3FDAV,2026-09-28
doi:10.7910/DVN/QOCGZA,2026-09-28
doi:10.7910/DVN/YCQCWJ,2026-09-28
doi:10.7910/DVN/MZHZYQ,2026-09-28
doi:10.7910/DVN/GDZTK8,2026-09-28
doi:10.7910/DVN/E6H9FU,2026-09-28
doi:10.7910/DVN/SUQC9N,2026-09-28
doi:10.7910/DVN/VXQUBN,2026-09-28
doi:10.7910/DVN/T8VCOF,2026-09-28
doi:10.7910/DVN/XTIHGR,2026-09-28
doi:10.7910/DVN/DJKH4H,2026-09-28
doi:10.7910/DVN/XTS8IE,2026-09-28
doi:10.7910/DVN/UNWIHE,2026-09-28
doi:10.7910/DVN/9WNYEU,2026-09-28
doi:10.7910/DVN/KGK9QO,2026-09-28
doi:10.7910/DVN/KGHEU4,2026-09-28
doi:10.7910/DVN/AMJXCB,2026-09-28
doi:10.7910/DVN/SMLV5D,2026-09-28
doi:10.7910/DVN/XSCFX5,2026-09-28
doi:10.7910/DVN/SOQH9L,2026-09-28
doi:10.7910/DVN/E2OS8R,2026-09-28
doi:10.7910/DVN/OAPCH9,2026-09-28
doi:10.7910/DVN/46RXC8,2026-09-28
doi:10.7910/DVN/Q2MHDM,2026-09-28
doi:10.7910/DVN/V3DHAS,2026-09-28
doi:10.7910/DVN/5H1HFF,2026-09-28
doi:10.7910/DVN/GS8IFM,2026-09-28
doi:10.7910/DVN/ZLUQPL,2026-09-28
doi:10.7910/DVN/XN2TZL,2026-09-28
doi:10.7910/DVN/XZLGAZ,2026-09-28
doi:10.7910/DVN/XONPX2,2026-09-28
doi:10.7910/DVN/IUB62M,2026-09-28
doi:10.7910/DVN/WAEHOI,2026-09-28
doi:10.7910/DVN/SXG7BF,2026-09-28
doi:10.7910/DVN/SFTMNO,2026-09-28
doi:10.7910/DVN/KJ6X76,2026-09-28
doi:10.7910/DVN/P1PEGO,2026-09-28
doi:10.7910/DVN/XY2HZV,2026-09-28
doi:10.7910/DVN/2UFPMP,2026-09-28
doi:10.7910/DVN/SDXJUV,2026-09-28
doi:10.7910/DVN/QUEQIG,2026-09-28
doi:10.7910/DVN/8YPPLM,2026-09-28
doi:10.7910/DVN/KSWI03,2026-09-28
doi:10.7910/DVN/W2MFYX,2026-09-28
doi:10.7910/DVN/MVD5VP,2026-09-28
doi:10.7910/DVN/GSNXV7,2026-09-28
doi:10.7910/DVN/WNMLPA,2026-09-28
doi:10.7910/DVN/BXBJFW,2026-09-28
doi:10.7910/DVN/XHBJLO,2026-09-28
doi:10.7910/DVN/WUOAB7,2026-09-28
doi:10.7910/DVN/AK10AT,2026-09-28
doi:10.7910/DVN/MZIKCS,2026-09-28
doi:10.7910/DVN/ARMDLY,2026-09-28
doi:10.7910/DVN/NMCOBF,2026-09-28
doi:10.7910/DVN/ECBF7Y,2026-09-28
doi:10.7910/DVN/HJ4KH7,2026-09-28
doi:10.7910/DVN/ROFNV2,2026-09-28
doi:10.7910/DVN/3TTQL2,2026-09-28
doi:10.7910/DVN/L4IOHC,2026-09-28
doi:10.7910/DVN/E852VT,2026-09-28
doi:10.7910/DVN/2CS1VF,2026-09-28
doi:10.7910/DVN/OFK4L6,2026-09-28
doi:10.7910/DVN/3QNR8Q,2026-09-28
doi:10.7910/DVN/EJRNK0,2026-09-28
doi:10.7910/DVN/Y1EUAY,2026-09-28
doi:10.7910/DVN/8OKVHY,2026-09-28
doi:10.7910/DVN/C15VOD,2026-09-28
doi:10.7910/DVN/8JW4Q7,2026-09-28
doi:10.7910/DVN/XQ9RJT,2026-09-28
doi:10.7910/DVN/VRMH3I,2026-09-28
doi:10.7910/DVN/VHNONI,2026-09-28
doi:10.7910/DVN/ICBCM2,2026-09-28
doi:10.7910/DVN/1HNIFT,2026-09-28
doi:10.7910/DVN/7UBRAC,2026-09-28
doi:10.7910/DVN/QJ9E9M,2026-09-28
doi:10.7910/DVN/G4XAGY,2026-09-28
doi:10.7910/DVN/XL73P4,2026-09-28
doi:10.7910/DVN/5JLGEL,2026-09-28
doi:10.7910/DVN/YAGHTA,2026-09-28
doi:10.7910/DVN/HK213D,2026-09-28
doi:10.7910/DVN/C1SICS,2026-09-28
doi:10.7910/DVN/D4IDA9,2026-09-28
doi:10.7910/DVN/6NDYHC,2026-09-28
doi:10.7910/DVN/S2Y1PA,2026-09-28
doi:10.7910/DVN/I72HB0,2026-09-28
doi:10.7910/DVN/HVHUIP,2026-09-28
doi:10.7910/DVN/NK4SQT,2026-09-28
doi:10.7910/DVN/XAQMIA,2026-09-28
doi:10.7910/DVN/VSXTFS,2026-09-28
doi:10.7910/DVN/ZSB0BL,2026-09-28
doi:10.7910/DVN/O4P8J1,2026-09-28
doi:10.7910/DVN/MLFYNX,2026-09-28
doi:10.7910/DVN/78JPNJ,2026-09-28
doi:10.7910/DVN/KGZGLT,2026-09-28
doi:10.7910/DVN/ZFQMCP,2026-09-28
doi:10.7910/DVN/ROUWNS,2026-09-28
doi:10.7910/DVN/TTK06U,2026-09-28
doi:10.7910/DVN/EEMRS9,2026-09-28
doi:10.7910/DVN/PNYLIY,2026-09-28
doi:10.7910/DVN/AMMFVZ,2026-09-28
doi:10.7910/DVN/F2JF6G,2026-09-28
doi:10.7910/DVN/C2LWHA,2026-09-28
doi:10.7910/DVN/LOBXKJ,2026-09-28
doi:10.7910/DVN/JT6GFR,2026-09-28
doi:10.7910/DVN/DKKP4I,2026-09-28
doi:10.7910/DVN/OYAZ7H,2026-09-28
doi:10.7910/DVN/CA8GZZ,2026-09-28
doi:10.7910/DVN/D73LV3,2026-09-28
doi:10.7910/DVN/RYKJKS,2026-09-28
doi:10.7910/DVN/LDRTZI,2026-09-28
doi:10.7910/DVN/RQFCQH,2026-09-28
doi:10.7910/DVN/JNFMNQ,2026-09-28
doi:10.7910/DVN/VAY7ZQ,2026-09-28
doi:10.7910/DVN/28POAO,2026-09-28
doi:10.7910/DVN/CF44OW,2026-09-28
doi:10.7910/DVN/92SKA2,2026-09-28
doi:10.7910/DVN/WJXCT8,2026-09-28
doi:10.7910/DVN/LBUXPQ,2026-09-28
doi:10.7910/DVN/QV7AJH,2026-09-28
doi:10.7910/DVN/IUJPYK,2026-09-28
doi:10.7910/DVN/6NSLSM,2026-09-28
doi:10.7910/DVN/01LN9W,2026-09-28
doi:10.7910/DVN/4G2DBT,2026-09-28
doi:10.7910/DVN/MLH2FY,2026-09-28
doi:10.7910/DVN/61JJI3,2026-09-28
doi:10.7910/DVN/KHBDWU,2026-09-28
doi:10.7910/DVN/4QRUPR,2026-09-28
doi:10.7910/DVN/LNPAOC,2026-09-28
doi:10.7910/DVN/0RWXQO,2026-09-28
doi:10.7910/DVN/GB5BFN,2026-09-28
doi:10.7910/DVN/CSNTTG,2026-09-28
doi:10.7910/DVN/QQBARG,2026-09-28
doi:10.7910/DVN/GR7BOP,2026-09-28
doi:10.7910/DVN/MAIVMY,2026-09-28
doi:10.7910/DVN/OOLFGP,2026-09-28
doi:10.7910/DVN/RKQEJD,2026-09-28
doi:10.7910/DVN/IWTPVO,2026-09-28
doi:10.7910/DVN/CEJSVJ,2026-09-28
doi:10.7910/DVN/QG7FMX,2026-09-28
doi:10.7910/DVN/Y6RYUY,2026-09-28
doi:10.7910/DVN/F2F827,2026-09-28
doi:10.7910/DVN/56EZPS,2026-09-28
doi:10.7910/DVN/K3P78R,2026-09-28
doi:10.7910/DVN/TNWENH,2026-09-28
doi:10.7910/DVN/CV9AYE,2026-09-28
doi:10.7910/DVN/F1VLBI,2026-09-28
doi:10.7910/DVN/AE5BPK,2026-09-28
doi:10.7910/DVN/XWAREK,2026-09-28
doi:10.7910/DVN/R163AN,2026-09-28
doi:10.7910/DVN/SEXLPX,2026-09-28
doi:10.7910/DVN/TXEFZI,2026-09-28
doi:10.7910/DVN/WM0XNF,2026-09-28
doi:10.7910/DVN/QKJHCI,2026-09-28
doi:10.7910/DVN/C6XJAT,2026-09-28
doi:10.7910/DVN/CDFEGV,2026-09-28
doi:10.7910/DVN/MOTRM2,2026-09-28
doi:10.7910/DVN/IO89OI,2026-09-28
doi:10.7910/DVN/MMS1P2,2026-09-28
doi:10.7910/DVN/WDRHTS,2026-09-28
doi:10.7910/DVN/5AN3RU,2026-09-28
doi:10.7910/DVN/EVYI2H,2026-09-28
doi:10.7910/DVN/OAGZZD,2026-09-28
doi:10.7910/DVN/V9QSWK,2026-09-28
doi:10.7910/DVN/BWYJKB,2026-09-28
doi:10.7910/DVN/URHLUO,2026-09-28
doi:10.7910/DVN/7Q9ZSR,2026-09-28
doi:10.7910/DVN/R677HD,2026-09-28
doi:10.7910/DVN/TLBBUX,2026-09-28
doi:10.7910/DVN/JSDUTQ,2026-09-28
doi:10.7910/DVN/KDRXD0,2026-09-28
doi:10.7910/DVN/UV7ZPZ,2026-09-28
doi:10.7910/DVN/5EIKNG,2026-09-28
doi:10.7910/DVN/Q5M4UQ,2026-09-28
doi:10.7910/DVN/MP1NSJ,2026-09-28
doi:10.7910/DVN/OJUPMY,2026-09-28
doi:10.7910/DVN/ZUE1BI,2026-09-28
doi:10.7910/DVN/UTJGTF,2026-09-28
doi:10.7910/DVN/T17S0X,2026-09-28
doi:10.7910/DVN/6SRL9X,2026-09-28
doi:10.7910/DVN/WO3NXS,2026-09-28
doi:10.7910/DVN/DF4DFH,2026-09-28
doi:10.7910/DVN/SODVHZ,2026-09-28
doi:10.7910/DVN/XAWZVS,2026-09-28
doi:10.7910/DVN/LJVBT6,2026-09-28
doi:10.7910/DVN/EKNEIH,2026-09-28
doi:10.7910/DVN/E5DJFS,2026-09-28
doi:10.7910/DVN/UOABFB,2026-09-28
doi:10.7910/DVN/XNHHDO,2026-09-28
doi:10.7910/DVN/SJBWC3,2026-09-28
doi:10.7910/DVN/U1CB0K,2026-09-28
doi:10.7910/DVN/EHVYNN,2026-09-28
doi:10.7910/DVN/VS3CG6,2026-09-28
doi:10.7910/DVN/WZE08F,2026-09-28
doi:10.7910/DVN/7QLCV1,2026-09-28
doi:10.7910/DVN/1U5WZT,2026-09-28
doi:10.7910/DVN/ZSTE1X,2026-09-28
doi:10.7910/DVN/M9VJAV,2026-09-28
doi:10.7910/DVN/ZAD5UE,2026-09-28
doi:10.7910/DVN/61JSZQ,2026-09-28
doi:10.7910/DVN/ZUY1KJ,2026-09-28
doi:10.7910/DVN/XOERIO,2026-09-28
doi:10.7910/DVN/5A0JOI,2026-09-28
doi:10.7910/DVN/T9WESH,2026-09-28
doi:10.7910/DVN/DCTPJI,2026-09-28
doi:10.7910/DVN/E40AFU,2026-09-28
doi:10.7910/DVN/LBMRFX,2026-09-28
doi:10.7910/DVN/ULTUUC,2026-09-28
doi:10.7910/DVN/ELWP8V,2026-09-28
doi:10.7910/DVN/1GLFE1,2026-09-28
doi:10.7910/DVN/BANJL7,2026-09-28
doi:10.7910/DVN/LTPPVH,2026-09-28
doi:10.7910/DVN/IZC5P1,2026-09-28
doi:10.7910/DVN/TWDSBW,2026-09-28
doi:10.7910/DVN/J4KRBG,2026-09-28
doi:10.7910/DVN/SNQG8P,2026-09-28
doi:10.7910/DVN/D0LEX4,2026-09-28
doi:10.7910/DVN/ZIYOQ3,2026-09-28
doi:10.7910/DVN/96H4DV,2026-09-28
doi:10.7910/DVN/SIUR6A,2026-09-28
doi:10.7910/DVN/ASLTVG,2026-09-28
doi:10.7910/DVN/0XEUCP,2026-09-28
doi:10.7910/DVN/2OFTAW,2026-09-28
doi:10.7910/DVN/UCCJIB,2026-09-28
doi:10.7910/DVN/6WBQ7U,2026-09-28
doi:10.7910/DVN/PTOYUX,2026-09-28
doi:10.7910/DVN/KC73TR,2026-09-28
doi:10.7910/DVN/HKOBWC,2026-09-28
doi:10.7910/DVN/LGDIZD,2026-09-28
doi:10.7910/DVN/14RSGX,2026-09-28
doi:10.7910/DVN/MVN4DP,2026-09-28
doi:10.7910/DVN/FIKXKD,2026-09-28
doi:10.7910/DVN/VOF11U,2026-09-28
doi:10.7910/DVN/ABX2WA,2026-09-28
doi:10.7910/DVN/CWQYIB,2026-09-28
doi:10.7910/DVN/TPW36W,2026-09-28
doi:10.7910/DVN/WT2XZQ,2026-09-28
doi:10.7910/DVN/JIIICD,2026-09-28
doi:10.7910/DVN/8LDZFF,2026-09-28
doi:10.7910/DVN/99NXTT,2026-09-28
doi:10.7910/DVN/3RA7YG,2026-09-28
doi:10.7910/DVN/UCRHWN,2026-09-28
doi:10.7910/DVN/1O8LCD,2026-09-28
doi:10.7910/DVN/WM6JE5,2026-09-28
doi:10.7910/DVN/RMHOHL,2026-09-28
doi:10.7910/DVN/ONDIIU,2026-09-28
doi:10.7910/DVN/XNXZGB,2026-09-28
doi:10.7910/DVN/GOLMTC,2026-09-28
doi:10.7910/DVN/8PVW9D,2026-09-28
doi:10.7910/DVN/UFNXMK,2026-09-28
doi:10.7910/DVN/A2EIZC,2026-09-28
doi:10.7910/DVN/FDLG0X,2026-09-28
doi:10.7910/DVN/9SAX3K,2026-09-28
doi:10.7910/DVN/0E9KON,2026-09-28
doi:10.7910/DVN/UDVEXN,2026-09-28
doi:10.7910/DVN/9U6QXP,2026-09-28
doi:10.7910/DVN/QDPQUD,2026-09-28
doi:10.7910/DVN/RTJ38N,2026-09-28
doi:10.7910/DVN/L17KS1,2026-09-28
doi:10.7910/DVN/IVPUQT,2026-09-28
doi:10.7910/DVN/RCINPF,2026-09-28
doi:10.7910/DVN/KKS1R0,2026-09-28
doi:10.7910/DVN/TYIVYZ,2026-09-28
doi:10.7910/DVN/XSLKBP,2026-09-28
doi:10.7910/DVN/YNOR7Q,2026-09-28
doi:10.7910/DVN/2YQX37,2026-09-28
doi:10.7910/DVN/HQ1N6A,2026-09-28
doi:10.7910/DVN/D5WS0Y,2026-09-28
doi:10.7910/DVN/NFMXO1,2026-09-28
doi:10.7910/DVN/GJLYGI,2026-09-28
doi:10.7910/DVN/CFT901,2026-09-28
doi:10.7910/DVN/K8SC39,2026-09-28
doi:10.7910/DVN/HQKQCQ,2026-09-28
doi:10.7910/DVN/Q92PMT,2026-09-28
doi:10.7910/DVN/GMWOY6,2026-09-28
doi:10.7910/DVN/EDGRDC,2026-09-28
doi:10.7910/DVN/L8YLCJ,2026-09-28
doi:10.7910/DVN/BYFTMD,2026-09-28
doi:10.7910/DVN/FL08PZ,2026-09-28
doi:10.7910/DVN/UAWGPU,2026-09-28
doi:10.7910/DVN/SJJ158,2026-09-28
doi:10.7910/DVN/JOXCZY,2026-09-28
doi:10.7910/DVN/CSHNIS,2026-09-28
doi:10.7910/DVN/XBBOHV,2026-09-28
doi:10.7910/DVN/NGRGS5,2026-09-28
doi:10.7910/DVN/AKMM0S,2026-09-28
doi:10.7910/DVN/VVCGN3,2026-09-28
doi:10.7910/DVN/6N2PN4,2026-09-28
doi:10.7910/DVN/EB0BGA,2026-09-28
doi:10.7910/DVN/NIGQBX,2026-09-28
doi:10.7910/DVN/WBWWUO,2026-09-28
doi:10.7910/DVN/CMUYCM,2026-09-28
doi:10.7910/DVN/CAEEG7,2026-09-28
doi:10.7910/DVN/HC5AA7,2026-09-28
doi:10.7910/DVN/DUB0MU,2026-09-28
doi:10.7910/DVN/SR0NMB,2026-09-28
doi:10.7910/DVN/WSJX0X,2026-09-28
doi:10.7910/DVN/FEP8O2,2026-09-28
doi:10.7910/DVN/HKURUI,2026-09-28
doi:10.7910/DVN/2JVEEE,2026-09-28
doi:10.7910/DVN/88FIAR,2026-09-28
doi:10.7910/DVN/SUPM3R,2026-09-28
doi:10.7910/DVN/SYSOPW,2026-09-28
doi:10.7910/DVN/PTIERC,2026-09-28
doi:10.7910/DVN/QQENMZ,2026-09-28
doi:10.7910/DVN/MSTR3F,2026-09-28
doi:10.7910/DVN/8XPBSA,2026-09-28
doi:10.7910/DVN/ER3D0H,2026-09-28
doi:10.7910/DVN/WFVMKD,2026-09-28
doi:10.7910/DVN/CVBXQX,2026-09-28
doi:10.7910/DVN/EWW2GX,2026-09-28
doi:10.7910/DVN/9RTI0V,2026-09-28
doi:10.7910/DVN/V2HIVR,2026-09-28
doi:10.7910/DVN/FDNWME,2026-09-28
doi:10.7910/DVN/96WYRS,2026-09-28
doi:10.7910/DVN/E2187A,2026-09-28
doi:10.7910/DVN/F6LJP8,2026-09-28
doi:10.7910/DVN/Q0XAPV,2026-09-28
doi:10.7910/DVN/GLA1FB,2026-09-28
doi:10.7910/DVN/NKN0E8,2026-09-28
doi:10.7910/DVN/4HFPNH,2026-09-28
doi:10.7910/DVN/EP7DXB,2026-09-28
doi:10.7910/DVN/ECIZHV,2026-09-28
doi:10.7910/DVN/OB00VG,2026-09-28
doi:10.7910/DVN/6IO5ET,2026-09-28
doi:10.7910/DVN/4J5FGJ,2026-09-28
doi:10.7910/DVN/WBBAE3,2026-09-28
doi:10.7910/DVN/PYWNTB,2026-09-28
doi:10.7910/DVN/DDQDMS,2026-09-28
doi:10.7910/DVN/3M9OD8,2026-09-28
doi:10.7910/DVN/6LTHVZ,2026-09-28
doi:10.7910/DVN/SK8AGA,2026-09-28
doi:10.7910/DVN/FXRIOS,2026-09-28
doi:10.7910/DVN/7YEK7H,2026-09-28
doi:10.7910/DVN/YJMGPP,2026-09-28
doi:10.7910/DVN/5TWA0G,2026-09-28
doi:10.7910/DVN/JDPNNU,2026-09-28
doi:10.7910/DVN/DAGL4S,2026-09-28
doi:10.7910/DVN/VGI93T,2026-09-28
doi:10.7910/DVN/HL0OUD,2026-09-28
doi:10.7910/DVN/VNTVO6,2026-09-28
doi:10.7910/DVN/UE1JXM,2026-09-28
doi:10.7910/DVN/BYLEA4,2026-09-28
doi:10.7910/DVN/ZE3ITV,2026-09-28
doi:10.7910/DVN/EPEDIE,2026-09-28
doi:10.7910/DVN/S2DNT6,2026-09-28
doi:10.7910/DVN/VDH088,2026-09-28
doi:10.7910/DVN/XTQJEN,2026-09-28
doi:10.7910/DVN/VPTIEZ,2026-09-28
doi:10.7910/DVN/7KSNCE,2026-09-28
doi:10.7910/DVN/A3NQDR,2026-09-28
doi:10.7910/DVN/DGXXH9,2026-09-28
doi:10.7910/DVN/ASKRHF,2026-09-28
doi:10.7910/DVN/YBMKUX,2026-09-28
doi:10.7910/DVN/AOL6XC,2026-09-28
doi:10.7910/DVN/NJRZXP,2026-09-28
doi:10.7910/DVN/GKWF0N,2026-09-28
doi:10.7910/DVN/PAKFM8,2026-09-28
doi:10.7910/DVN/DGHX1E,2026-09-28
doi:10.7910/DVN/29743,2026-09-28
doi:10.7910/DVN/29566,2026-09-28
doi:10.7910/DVN/29559,2026-09-28
doi:10.7910/DVN/29487,2026-09-28
doi:10.7910/DVN/29446,2026-09-28
doi:10.7910/DVN/29427,2026-09-28
doi:10.7910/DVN/29379,2026-09-28
doi:10.7910/DVN/29314,2026-09-28
doi:10.7910/DVN/29286,2026-09-28
doi:10.7910/DVN/29259,2026-09-28
doi:10.7910/DVN/29179,2026-09-28
doi:10.7910/DVN/29231,2026-09-28
doi:10.7910/DVN/29205,2026-09-28
doi:10.7910/DVN/29108,2026-09-28
doi:10.7910/DVN/29117,2026-09-28
doi:10.7910/DVN/29101,2026-09-28
doi:10.7910/DVN/29076,2026-09-28
doi:10.7910/DVN/29026,2026-09-28
doi:10.7910/DVN/28929,2026-09-28
doi:10.7910/DVN/28930,2026-09-28
doi:10.7910/DVN/ENHRWY,2026-09-28
doi:10.7910/DVN/JKH9OJ,2026-09-28
doi:10.7910/DVN/IA69DM,2026-09-28
doi:10.7910/DVN/9MNIY3,2026-09-28
doi:10.7910/DVN/PGL0OZ,2026-09-28
doi:10.7910/DVN/AXZL37,2026-09-28
doi:10.7910/DVN/ZCMRZM,2026-09-28
doi:10.7910/DVN/JGDD59,2026-09-28
doi:10.7910/DVN/Z59UUU,2026-09-28
doi:10.7910/DVN/GDYXDT,2026-09-28
doi:10.7910/DVN/AE8UCI,2026-09-28
doi:10.7910/DVN/HH6GQM,2026-09-28
doi:10.7910/DVN/1FRIK0,2026-09-28
doi:10.7910/DVN/AO47PF,2026-09-28
doi:10.7910/DVN/OXMPTR,2026-09-28
doi:10.7910/DVN/EDR2E3,2026-09-28
doi:10.7910/DVN/J5IQFG,2026-09-28
doi:10.7910/DVN/AXXKJF,2026-09-28
doi:10.7910/DVN/TABFXZ,2026-09-28
doi:10.7910/DVN/ISU6UB,2026-09-28
doi:10.7910/DVN/WMSCTS,2026-09-28
doi:10.7910/DVN/S0J0BZ,2026-09-28
doi:10.7910/DVN/FAIOHS,2026-09-28
doi:10.7910/DVN/F53FQ1,2026-09-28
doi:10.7910/DVN/CUT5RQ,2026-09-28
doi:10.7910/DVN/LH4FM1,2026-09-28
doi:10.7910/DVN/941WKY,2026-09-28
doi:10.7910/DVN/AD7GJY,2026-09-28
doi:10.7910/DVN/RDQWTY,2026-09-28
doi:10.7910/DVN/FQWVOS,2026-09-28
doi:10.7910/DVN/FJFWEI,2026-09-28
doi:10.7910/DVN/BOCGOQ,2026-09-28
doi:10.7910/DVN/071QHF,2026-09-28
doi:10.7910/DVN/QPU5ZH,2026-09-28
doi:10.7910/DVN/AXYSCF,2026-09-28
doi:10.7910/DVN/HMY2LE,2026-09-28
doi:10.7910/DVN/QNZWDY,2026-09-28
doi:10.7910/DVN/ZRI0TW,2026-09-28
doi:10.7910/DVN/OSSXEC,2026-09-28
doi:10.7910/DVN/YWMRHS,2026-09-28
doi:10.7910/DVN/3QK5O1,2026-09-28
doi:10.7910/DVN/E54HQW,2026-09-28
doi:10.7910/DVN/TESJMM,2026-09-28
doi:10.7910/DVN/GCFXTO,2026-09-28
doi:10.7910/DVN/OD80AH,2026-09-28
doi:10.7910/DVN/W1X0JQ,2026-09-28
doi:10.7910/DVN/XPKHC0,2026-09-28
doi:10.7910/DVN/DZLCQL,2026-09-28
doi:10.7910/DVN/RI7FB7,2026-09-28
doi:10.7910/DVN/W00BC2,2026-09-28
doi:10.7910/DVN/50RWSI,2026-09-28
doi:10.7910/DVN/89H7PS,2026-09-28
doi:10.7910/DVN/7QITZS,2026-09-28
doi:10.7910/DVN/1KQCDN,2026-09-28
doi:10.7910/DVN/MFAWCE,2026-09-28
doi:10.7910/DVN/DBNFYU,2026-09-28
doi:10.7910/DVN/R6ABJ2,2026-09-28
doi:10.7910/DVN/BKXWMX,2026-09-28
doi:10.7910/DVN/VOWSEV,2026-09-28
doi:10.7910/DVN/TEDDPX,2026-09-28
doi:10.7910/DVN/JSC7H7,2026-09-28
doi:10.7910/DVN/C3NMA7,2026-09-28
doi:10.7910/DVN/0B3CNJ,2026-09-28
doi:10.7910/DVN/S1PAIZ,2026-09-28
doi:10.7910/DVN/1NOW6U,2026-09-28
doi:10.7910/DVN/PQE0QS,2026-09-28
doi:10.7910/DVN/OXBTRM,2026-09-28
doi:10.7910/DVN/EGLKEI,2026-09-28
doi:10.7910/DVN/HM2UAJ,2026-09-28
doi:10.7910/DVN/IK26V9,2026-09-28
doi:10.7910/DVN/X22XKN,2026-09-28
doi:10.7910/DVN/5EWYTN,2026-09-28
doi:10.7910/DVN/SLC5YO,2026-09-28
doi:10.7910/DVN/NYZD8Z,2026-09-28
doi:10.7910/DVN/K9EZ32,2026-09-28
doi:10.7910/DVN/VMFSOZ,2026-09-28
doi:10.7910/DVN/FMGLOU,2026-09-28
doi:10.7910/DVN/XEEGIR,2026-09-28
doi:10.7910/DVN/PVUCFJ,2026-09-28
doi:10.7910/DVN/WVZIXQ,2026-09-28
doi:10.7910/DVN/DQEJ7P,2026-09-28
doi:10.7910/DVN/DDVFCL,2026-09-28
doi:10.7910/DVN/HH1YUN,2026-09-28
doi:10.7910/DVN/LEFTNE,2026-09-28
doi:10.7910/DVN/VNDPGO,2026-09-28
doi:10.7910/DVN/ZTIXBM,2026-09-28
doi:10.7910/DVN/GT6VQT,2026-09-28
doi:10.7910/DVN/9OOKLP,2026-09-28
doi:10.7910/DVN/U0ZMOR,2026-09-28
doi:10.7910/DVN/JDUUGI,2026-09-28
doi:10.7910/DVN/LPSUBC,2026-09-28
doi:10.7910/DVN/PF8CWD,2026-09-28
doi:10.7910/DVN/THJKMI,2026-09-28
doi:10.7910/DVN/ZTIBQC,2026-09-28
doi:10.7910/DVN/KMCZ2Z,2026-09-28
doi:10.7910/DVN/TUH3IB,2026-09-28
doi:10.7910/DVN/SQWI1A,2026-09-28
doi:10.7910/DVN/MQBORA,2026-09-28
doi:10.7910/DVN/DPALO6,2026-09-28
doi:10.7910/DVN/47SXKJ,2026-09-28
doi:10.7910/DVN/LHPMSU,2026-09-28
doi:10.7910/DVN/LQJNM1,2026-09-28
doi:10.7910/DVN/PYJZ0V,2026-09-28
doi:10.7910/DVN/WINOQM,2026-09-28
doi:10.7910/DVN/TP42YG,2026-09-28
doi:10.7910/DVN/MYZFJJ,2026-09-28
doi:10.7910/DVN/VLCCUV,2026-09-28
doi:10.7910/DVN/VWCZWD,2026-09-28
doi:10.7910/DVN/YPRKVC,2026-09-28
doi:10.7910/DVN/GRZZQ1,2026-09-28
doi:10.7910/DVN/MMJKNV,2026-09-28
doi:10.7910/DVN/URUCHI,2026-09-28
doi:10.7910/DVN/QCOQ0T,2026-09-28
doi:10.7910/DVN/BBMZ1H,2026-09-28
doi:10.7910/DVN/OPU9FT,2026-09-28
doi:10.7910/DVN/KRTVHD,2026-09-28
doi:10.7910/DVN/IHJVAM,2026-09-28
doi:10.7910/DVN/26LH3W,2026-09-28
doi:10.7910/DVN/YLYF9K,2026-09-28
doi:10.7910/DVN/PAXCRR,2026-09-28
doi:10.7910/DVN/ZCPZGF,2026-09-28
doi:10.7910/DVN/QF5PAY,2026-09-28
doi:10.7910/DVN/66ANEK,2026-09-28
doi:10.7910/DVN/POMRS8,2026-09-28
doi:10.7910/DVN/SOTDEV,2026-09-28
doi:10.7910/DVN/9NUMP8,2026-09-28
doi:10.7910/DVN/GSVYA0,2026-09-28
doi:10.7910/DVN/W19IUO,2026-09-28
doi:10.7910/DVN/AKYBJJ,2026-09-28
doi:10.7910/DVN/T1BR1S,2026-09-28
doi:10.7910/DVN/V9ZRZ4,2026-09-28
doi:10.7910/DVN/S2K8HA,2026-09-28
doi:10.7910/DVN/GEG7WJ,2026-09-28
doi:10.7910/DVN/DDIVVK,2026-09-28
doi:10.7910/DVN/8FULWB,2026-09-28
doi:10.7910/DVN/R2LLBV,2026-09-28
doi:10.7910/DVN/6ABQ0H,2026-09-28
doi:10.7910/DVN/B7XTST,2026-09-28
doi:10.7910/DVN/GBM3DR,2026-09-28
doi:10.7910/DVN/XY7EM6,2026-09-28
doi:10.7910/DVN/VD6ZBX,2026-09-28
doi:10.7910/DVN/GDOPMX,2026-09-28
doi:10.7910/DVN/O4YLNO,2026-09-28
doi:10.7910/DVN/TQLONO,2026-09-28
doi:10.7910/DVN/ZIKPBD,2026-09-28
doi:10.7910/DVN/WFO1N1,2026-09-28
doi:10.7910/DVN/Z1PNPY,2026-09-28
doi:10.7910/DVN/MARUOB,2026-09-28
doi:10.7910/DVN/UKNMXM,2026-09-28
doi:10.7910/DVN/SWPFL8,2026-09-28
doi:10.7910/DVN/1YJQGW,2026-09-28
doi:10.7910/DVN/9B1SKJ,2026-09-28
doi:10.7910/DVN/VECW81,2026-09-28
doi:10.7910/DVN/TWPM9X,2026-09-28
doi:10.7910/DVN/XKY5PI,2026-09-28
doi:10.7910/DVN/NAVJVQ,2026-09-28
doi:10.7910/DVN/XZTVXM,2026-09-28
doi:10.7910/DVN/E6YVYQ,2026-09-28
doi:10.7910/DVN/383IMF,2026-09-28
doi:10.7910/DVN/YG6354,2026-09-28
doi:10.7910/DVN/M7AFDM,2026-09-28
doi:10.7910/DVN/KL4UWH,2026-09-28
doi:10.7910/DVN/48R5PG,2026-09-28
doi:10.7910/DVN/B0OKER,2026-09-28
doi:10.7910/DVN/SOLAAJ,2026-09-28
doi:10.7910/DVN/AWJOYM,2026-09-28
doi:10.7910/DVN/V4AUE7,2026-09-28
doi:10.7910/DVN/RBXLI0,2026-09-28
doi:10.7910/DVN/HL0NKK,2026-09-28
doi:10.7910/DVN/YEUYS0,2026-09-28
doi:10.7910/DVN/HYSZT2,2026-09-28
doi:10.7910/DVN/AYJNRH,2026-09-28
doi:10.7910/DVN/RRC5BU,2026-09-28
doi:10.7910/DVN/GS6N40,2026-09-28
doi:10.7910/DVN/SWIPBZ,2026-09-28
doi:10.7910/DVN/3NDSF4,2026-09-28
doi:10.7910/DVN/DS6YVV,2026-09-28
doi:10.7910/DVN/3VJTZG,2026-09-28
doi:10.7910/DVN/XRNZC7,2026-09-28
doi:10.7910/DVN/WFSSWC,2026-09-28
doi:10.7910/DVN/VBWUVG,2026-09-28
doi:10.7910/DVN/DHRH5Y,2026-09-28
doi:10.7910/DVN/JIZM3L,2026-09-28
doi:10.7910/DVN/WSNNIE,2026-09-28
doi:10.7910/DVN/9BVJGU,2026-09-28
doi:10.7910/DVN/UIBZSC,2026-09-28
doi:10.7910/DVN/HAJHSG,2026-09-28
doi:10.7910/DVN/EESD8D,2026-09-28
doi:10.7910/DVN/AKYFQ3,2026-09-28
doi:10.7910/DVN/D6JI4M,2026-09-28
doi:10.7910/DVN/PAED1M,2026-09-28
doi:10.7910/DVN/NEATCB,2026-09-28
doi:10.7910/DVN/S0J76S,2026-09-28
doi:10.7910/DVN/321H1X,2026-09-28
doi:10.7910/DVN/Y5TZ5B,2026-09-28
doi:10.7910/DVN/PZCP0B,2026-09-28
doi:10.7910/DVN/LFQCOO,2026-09-28
doi:10.7910/DVN/KGYJFJ,2026-09-28
doi:10.7910/DVN/K6MKOS,2026-09-28
doi:10.7910/DVN/7GYE2M,2026-09-28
doi:10.7910/DVN/CXHUNT,2026-09-28
doi:10.7910/DVN/GRARW6,2026-09-28
doi:10.7910/DVN/L1SP40,2026-09-28
doi:10.7910/DVN/N5UUIV,2026-09-28
doi:10.7910/DVN/VOB5JL,2026-09-28
doi:10.7910/DVN/ZNAECE,2026-09-28
doi:10.7910/DVN/WL3OXK,2026-09-28
doi:10.7910/DVN/BWW9LQ,2026-09-28
doi:10.7910/DVN/MQELVF,2026-09-28
doi:10.7910/DVN/3BXMON,2026-09-28
doi:10.7910/DVN/T3Y1ZQ,2026-09-28
doi:10.7910/DVN/FGQFAX,2026-09-28
doi:10.7910/DVN/ONCDXW,2026-09-28
doi:10.7910/DVN/1FRQWC,2026-09-28
doi:10.7910/DVN/X6AVRZ,2026-09-28
doi:10.7910/DVN/BHLOJA,2026-09-28
doi:10.7910/DVN/7QYL3N,2026-09-28
doi:10.7910/DVN/10ECQZ,2026-09-28
doi:10.7910/DVN/3VZQVP,2026-09-28
doi:10.7910/DVN/IMJCJT,2026-09-28
doi:10.7910/DVN/MJDFG8,2026-09-28
doi:10.7910/DVN/XDEKBT,2026-09-28
doi:10.7910/DVN/ECV72Y,2026-09-28
doi:10.7910/DVN/M5RJ0T,2026-09-28
doi:10.7910/DVN/FOVEPZ,2026-09-28
doi:10.7910/DVN/DE74Q4,2026-09-28
doi:10.7910/DVN/RZP4OP,2026-09-28
doi:10.7910/DVN/JDB0SE,2026-09-28
doi:10.7910/DVN/V9CJEI,2026-09-28
doi:10.7910/DVN/XU36YL,2026-09-28
doi:10.7910/DVN/MD0UYZ,2026-09-28
doi:10.7910/DVN/OM7ZWL,2026-09-28
doi:10.7910/DVN/UTMSHV,2026-09-28
doi:10.7910/DVN/IRVZUU,2026-09-28
doi:10.7910/DVN/GYXVPQ,2026-09-28
doi:10.7910/DVN/WF51RQ,2026-09-28
doi:10.7910/DVN/FXPEFT,2026-09-28
doi:10.7910/DVN/HBGOEJ,2026-09-28
doi:10.7910/DVN/LOGVPZ,2026-09-28
doi:10.7910/DVN/KENHFH,2026-09-28
doi:10.7910/DVN/5INAYT,2026-09-28
doi:10.7910/DVN/YETU0O,2026-09-28
doi:10.7910/DVN/GCCULO,2026-09-28
doi:10.7910/DVN/XQDMIN,2026-09-28
doi:10.7910/DVN/FJIQQR,2026-09-28
doi:10.7910/DVN/A6115X,2026-09-28
doi:10.7910/DVN/STXBCC,2026-09-28
doi:10.7910/DVN/F58FVN,2026-09-28
doi:10.7910/DVN/FXRQUJ,2026-09-28
doi:10.7910/DVN/XJIWUL,2026-09-28
doi:10.7910/DVN/VCBKP4,2026-09-28
doi:10.7910/DVN/Q1X3RZ,2026-09-28
doi:10.7910/DVN/KQJL5K,2026-09-28
doi:10.7910/DVN/U5PDBR,2026-09-28
doi:10.7910/DVN/30XCF8,2026-09-28
doi:10.7910/DVN/DWUHRI,2026-09-28
doi:10.7910/DVN/0TCU7L,2026-09-28
doi:10.7910/DVN/7MYOFM,2026-09-28
doi:10.7910/DVN/FWCKSE,2026-09-28
doi:10.7910/DVN/OIV11K,2026-09-28
doi:10.7910/DVN/7GIJPI,2026-09-28
doi:10.7910/DVN/ZJBOFQ,2026-09-28
doi:10.7910/DVN/PEX9AR,2026-09-28
doi:10.7910/DVN/W8VGJF,2026-09-28
doi:10.7910/DVN/SNL0PX,2026-09-28
doi:10.7910/DVN/EOWDU0,2026-09-28
doi:10.7910/DVN/MZDNBE,2026-09-28
doi:10.7910/DVN/D8JDDC,2026-09-28
doi:10.7910/DVN/VOAPGE,2026-09-28
doi:10.7910/DVN/X5AQO6,2026-09-28
doi:10.7910/DVN/AR7KGK,2026-09-28
doi:10.7910/DVN/WDZZ1V,2026-09-28
doi:10.7910/DVN/Y7EIEC,2026-09-28
doi:10.7910/DVN/V4PO0T,2026-09-28
doi:10.7910/DVN/YWWXEP,2026-09-28
doi:10.7910/DVN/OTSAF2,2026-09-28
doi:10.7910/DVN/XKNPBO,2026-09-28
doi:10.7910/DVN/F8CF0A,2026-09-28
doi:10.7910/DVN/73MWPS,2026-09-28
doi:10.7910/DVN/ZKQZP2,2026-09-28
doi:10.7910/DVN/RV8AKC,2026-09-28
doi:10.7910/DVN/UUQKHQ,2026-09-28
doi:10.7910/DVN/LC4QVF,2026-09-28
doi:10.7910/DVN/RSAM58,2026-09-28
doi:10.7910/DVN/PAE6GB,2026-09-28
doi:10.7910/DVN/JHOD7C,2026-09-28
doi:10.7910/DVN/9FO6LD,2026-09-28
doi:10.7910/DVN/DNUXY9,2026-09-28
doi:10.7910/DVN/QKUDKJ,2026-09-28
doi:10.7910/DVN/AY7TU6,2026-09-28
doi:10.7910/DVN/YPVYZO,2026-09-28
doi:10.7910/DVN/HQUS12,2026-09-28
doi:10.7910/DVN/XGRETE,2026-09-28
doi:10.7910/DVN/BY1SN7,2026-09-28
doi:10.7910/DVN/D2REB3,2026-09-28
doi:10.7910/DVN/FCPFWQ,2026-09-28
doi:10.7910/DVN/M4PW7C,2026-09-28
doi:10.7910/DVN/T1LA6E,2026-09-28
doi:10.7910/DVN/NIZT5R,2026-09-28
doi:10.7910/DVN/GNIJVE,2026-09-28
doi:10.7910/DVN/CGMMHG,2026-09-28
doi:10.7910/DVN/YPZFEK,2026-09-28
doi:10.7910/DVN/LUFHIS,2026-09-28
doi:10.7910/DVN/NJFAQV,2026-09-28
doi:10.7910/DVN/EJNNJB,2026-09-28
doi:10.7910/DVN/FK2NEV,2026-09-28
doi:10.7910/DVN/1QFIA1,2026-09-28
doi:10.7910/DVN/BMJD0G,2026-09-28
doi:10.7910/DVN/RYUSL4,2026-09-28
doi:10.7910/DVN/F8XTVP,2026-09-28
doi:10.7910/DVN/XNA5LF,2026-09-28
doi:10.7910/DVN/4ATZPC,2026-09-28
doi:10.7910/DVN/W50QAY,2026-09-28
doi:10.7910/DVN/WQXZUP,2026-09-28
doi:10.7910/DVN/TDB0C5,2026-09-28
doi:10.7910/DVN/A9GYNP,2026-09-28
doi:10.7910/DVN/ZN9U5I,2026-09-28
doi:10.7910/DVN/KMDXD7,2026-09-28
doi:10.7910/DVN/XI3ACQ,2026-09-28
doi:10.7910/DVN/Z3EWZD,2026-09-28
doi:10.7910/DVN/MOHAPX,2026-09-28
doi:10.7910/DVN/OOWHY5,2026-09-28
doi:10.7910/DVN/5DEGYP,2026-09-28
doi:10.7910/DVN/RCO69B,2026-09-28
doi:10.7910/DVN/AU6FCP,2026-09-28
doi:10.7910/DVN/KIXUIF,2026-09-28
doi:10.7910/DVN/54AQPW,2026-09-28
doi:10.7910/DVN/LZ4NKW,2026-09-28
doi:10.7910/DVN/DJ6OMJ,2026-09-28
doi:10.7910/DVN/4QEWQK,2026-09-28
doi:10.7910/DVN/WEHJBP,2026-09-28
doi:10.7910/DVN/HGLHM5,2026-09-28
doi:10.7910/DVN/RIUFHT,2026-09-28
doi:10.7910/DVN/FKKJTQ,2026-09-28
doi:10.7910/DVN/T3UP6R,2026-09-28
doi:10.7910/DVN/BSDKUR,2026-09-28
doi:10.7910/DVN/RMJUR5,2026-09-28
doi:10.7910/DVN/ACRF5X,2026-09-28
doi:10.7910/DVN/EFLXKS,2026-09-28
doi:10.7910/DVN/TS9ERD,2026-09-28
doi:10.7910/DVN/UVDDBD,2026-09-28
doi:10.7910/DVN/PUOUD4,2026-09-28
doi:10.7910/DVN/LULYEB,2026-09-28
doi:10.7910/DVN/GPGWKJ,2026-09-28
doi:10.7910/DVN/B2PLGD,2026-09-28
doi:10.7910/DVN/RTLDXF,2026-09-28
doi:10.7910/DVN/N6MS1N,2026-09-28
doi:10.7910/DVN/GFCNG9,2026-09-28
doi:10.7910/DVN/XKSUPV,2026-09-28
doi:10.7910/DVN/LPMWSZ,2026-09-28
doi:10.7910/DVN/CVQ0V9,2026-09-28
doi:10.7910/DVN/LQ5LYL,2026-09-28
doi:10.7910/DVN/6LJEGI,2026-09-28
doi:10.7910/DVN/11V2P6,2026-09-28
doi:10.7910/DVN/WQVJDO,2026-09-28
doi:10.7910/DVN/WFW1JO,2026-09-28
doi:10.7910/DVN/X8SC8B,2026-09-28
doi:10.7910/DVN/THQLIH,2026-09-28
doi:10.7910/DVN/TEI3YZ,2026-09-28
doi:10.7910/DVN/SYGABT,2026-09-28
doi:10.7910/DVN/GHHVFV,2026-09-28
doi:10.7910/DVN/FEQSC7,2026-09-28
doi:10.7910/DVN/ITBVI2,2026-09-28
doi:10.7910/DVN/FWU1G9,2026-09-28
doi:10.7910/DVN/ADZECE,2026-09-28
doi:10.7910/DVN/A3XIFC,2026-09-28
doi:10.7910/DVN/PQ4JEZ,2026-09-28
doi:10.7910/DVN/TAI0UW,2026-09-28
doi:10.7910/DVN/I4NZXM,2026-09-28
doi:10.7910/DVN/JNGCZT,2026-09-28
doi:10.7910/DVN/PPSFLT,2026-09-28
doi:10.7910/DVN/KHBT9D,2026-09-28
doi:10.7910/DVN/PQ63DN,2026-09-28
doi:10.7910/DVN/OAJJIY,2026-09-28
doi:10.7910/DVN/UI1DBG,2026-09-28
doi:10.7910/DVN/ENAZAA,2026-09-28
doi:10.7910/DVN/U66LRL,2026-09-28
doi:10.7910/DVN/UY3HTY,2026-09-28
doi:10.7910/DVN/B02HVQ,2026-09-28
doi:10.7910/DVN/WUTLH8,2026-09-28
doi:10.7910/DVN/AC1GCB,2026-09-28
doi:10.7910/DVN/TOJZPZ,2026-09-28
doi:10.7910/DVN/4V2ZII,2026-09-28
doi:10.7910/DVN/2BUYQV,2026-09-28
doi:10.7910/DVN/4LVL7Y,2026-09-28
doi:10.7910/DVN/D7G1LO,2026-09-28
doi:10.7910/DVN/K1A9U0,2026-09-28
doi:10.7910/DVN/ZURHQA,2026-09-28
doi:10.7910/DVN/AQ0MM8,2026-09-28
doi:10.7910/DVN/YZZFTK,2026-09-28
doi:10.7910/DVN/HT35YO,2026-09-28
doi:10.7910/DVN/PZ9OMY,2026-09-28
doi:10.7910/DVN/8ZFY3U,2026-09-28
doi:10.7910/DVN/X73XUM,2026-09-28
doi:10.7910/DVN/GD92NS,2026-09-28
doi:10.7910/DVN/LOO1QN,2026-09-28
doi:10.7910/DVN/DTN3JF,2026-09-28
doi:10.7910/DVN/WAEFB1,2026-09-28
doi:10.7910/DVN/QBJ3JS,2026-09-28
doi:10.7910/DVN/FVZ8TR,2026-09-28
doi:10.7910/DVN/MKRPE5,2026-09-28
doi:10.7910/DVN/RYIERX,2026-09-28
doi:10.7910/DVN/PI2OVC,2026-09-28
doi:10.7910/DVN/POXKUY,2026-09-28
doi:10.7910/DVN/MY3GI1,2026-09-28
doi:10.7910/DVN/EV8CBE,2026-09-28
doi:10.7910/DVN/D9FL9Z,2026-09-28
doi:10.7910/DVN/F9D6TH,2026-09-28
doi:10.7910/DVN/UMUEOK,2026-09-28
doi:10.7910/DVN/RLXYCJ,2026-09-28
doi:10.7910/DVN/QOLOQ6,2026-09-28
doi:10.7910/DVN/HEZ7ZV,2026-09-28
doi:10.7910/DVN/FK6N8R,2026-09-28
doi:10.7910/DVN/QKGQQI,2026-09-28
doi:10.7910/DVN/YLEY0R,2026-09-28
doi:10.7910/DVN/SXLSXE,2026-09-28
doi:10.7910/DVN/NRC1ZD,2026-09-28
doi:10.7910/DVN/PXTOK9,2026-09-28
doi:10.7910/DVN/H0IB1M,2026-09-28
doi:10.7910/DVN/SHL8DM,2026-09-28
doi:10.7910/DVN/FYOEWG,2026-09-28
doi:10.7910/DVN/1WZRY2,2026-09-28
doi:10.7910/DVN/EGARNT,2026-09-28
doi:10.7910/DVN/HINSEA,2026-09-28
doi:10.7910/DVN/XMEDZD,2026-09-28
doi:10.7910/DVN/RR6BRU,2026-09-28
doi:10.7910/DVN/IGMSA4,2026-09-28
doi:10.7910/DVN/GYSEGP,2026-09-28
doi:10.7910/DVN/QPQUW5,2026-09-28
doi:10.7910/DVN/BNSXB2,2026-09-28
doi:10.7910/DVN/WAYA0D,2026-09-28
doi:10.7910/DVN/YKVN5D,2026-09-28
doi:10.7910/DVN/DDVYJI,2026-09-28
doi:10.7910/DVN/X1JL2H,2026-09-28
doi:10.7910/DVN/QZMPSN,2026-09-28
doi:10.7910/DVN/DHL5UR,2026-09-28
doi:10.7910/DVN/WZI2BZ,2026-09-28
doi:10.7910/DVN/DNPEI8,2026-09-28
doi:10.7910/DVN/VZPMC2,2026-09-28
doi:10.7910/DVN/SACJHE,2026-09-28
doi:10.7910/DVN/WBLE7E,2026-09-28
doi:10.7910/DVN/SWRGQI,2026-09-28
doi:10.7910/DVN/ENOEQS,2026-09-28
doi:10.7910/DVN/29SA7P,2026-09-28
doi:10.7910/DVN/W14GCV,2026-09-28
doi:10.7910/DVN/BTZ9UN,2026-09-28
doi:10.7910/DVN/MDLQKC,2026-09-28
doi:10.7910/DVN/MOXPEM,2026-09-28
doi:10.7910/DVN/VSESCP,2026-09-28
doi:10.7910/DVN/GD0DL9,2026-09-28
doi:10.7910/DVN/6TNALY,2026-09-28
doi:10.7910/DVN/ZJGHKK,2026-09-28
doi:10.7910/DVN/XJB2Z8,2026-09-28
doi:10.7910/DVN/WU2WSE,2026-09-28
doi:10.7910/DVN/QXBZOZ,2026-09-28
doi:10.7910/DVN/XCN5HY,2026-09-28
doi:10.7910/DVN/ZNG7PM,2026-09-28
doi:10.7910/DVN/SZGS68,2026-09-28
doi:10.7910/DVN/GSWXOL,2026-09-28
doi:10.7910/DVN/HZLAF0,2026-09-28
doi:10.7910/DVN/7FF70O,2026-09-28
doi:10.7910/DVN/2GWLWP,2026-09-28
doi:10.7910/DVN/UW5CSR,2026-09-28
doi:10.7910/DVN/QUNOJS,2026-09-28
doi:10.7910/DVN/RNPR9U,2026-09-28
doi:10.7910/DVN/SFYMSY,2026-09-28
doi:10.7910/DVN/WL77WT,2026-09-28
doi:10.7910/DVN/F3W9M8,2026-09-28
doi:10.7910/DVN/4HSUXH,2026-09-28
doi:10.7910/DVN/TRA0B6,2026-09-28
doi:10.7910/DVN/8PMMVT,2026-09-28
doi:10.7910/DVN/KWS9UD,2026-09-28
doi:10.7910/DVN/VHS0J3,2026-09-28
doi:10.7910/DVN/BVNZC8,2026-09-28
doi:10.7910/DVN/DDLCMO,2026-09-28
doi:10.7910/DVN/GNL6XG,2026-09-28
doi:10.7910/DVN/RZRIK5,2026-09-28
doi:10.7910/DVN/DJR0YC,2026-09-28
doi:10.7910/DVN/SMRBPN,2026-09-28
doi:10.7910/DVN/YJIZBJ,2026-09-28
doi:10.7910/DVN/WJPSJ2,2026-09-28
doi:10.7910/DVN/R5YV1L,2026-09-28
doi:10.7910/DVN/Y5Y6VD,2026-09-28
doi:10.7910/DVN/811M8C,2026-09-28
doi:10.7910/DVN/INUMDT,2026-09-28
doi:10.7910/DVN/9TSJTY,2026-09-28
doi:10.7910/DVN/5VEL6S,2026-09-28
doi:10.7910/DVN/OLMVP5,2026-09-28
doi:10.7910/DVN/NZTGVE,2026-09-28
doi:10.7910/DVN/S4YXQB,2026-09-28
doi:10.7910/DVN/35M5CV,2026-09-28
doi:10.7910/DVN/OOBP2S,2026-09-28
doi:10.7910/DVN/AN1SDD,2026-09-28
doi:10.7910/DVN/YFFNSX,2026-09-28
doi:10.7910/DVN/4SRS4X,2026-09-28
doi:10.7910/DVN/O7R8FT,2026-09-28
doi:10.7910/DVN/CMKMGF,2026-09-28
doi:10.7910/DVN/T24N31,2026-09-28
doi:10.7910/DVN/EJWXAO,2026-09-28
doi:10.7910/DVN/OSSY4B,2026-09-28
doi:10.7910/DVN/SVXE7L,2026-09-28
doi:10.7910/DVN/YOABB5,2026-09-28
doi:10.7910/DVN/U1JEC0,2026-09-28
doi:10.7910/DVN/JZZWER,2026-09-28
doi:10.7910/DVN/0UX9AN,2026-09-28
doi:10.7910/DVN/C4QGBT,2026-09-28
doi:10.7910/DVN/AX0ADR,2026-09-28
doi:10.7910/DVN/0A1AM3,2026-09-28
doi:10.7910/DVN/XERE2A,2026-09-28
doi:10.7910/DVN/BB6IFG,2026-09-28
doi:10.7910/DVN/LFD20F,2026-09-28
doi:10.7910/DVN/PDPQFB,2026-09-28
doi:10.7910/DVN/JLJUB4,2026-09-28
doi:10.7910/DVN/V6HXIZ,2026-09-28
doi:10.7910/DVN/CW7SXR,2026-09-28
doi:10.7910/DVN/8FK7PC,2026-09-28
doi:10.7910/DVN/4C1KJT,2026-09-28
doi:10.7910/DVN/FO4HLG,2026-09-28
doi:10.7910/DVN/DQ1W55,2026-09-28
doi:10.7910/DVN/IJNZWK,2026-09-28
doi:10.7910/DVN/GYMPE7,2026-09-28
doi:10.7910/DVN/OXIOI9,2026-09-28
doi:10.7910/DVN/EDHLIN,2026-09-28
doi:10.7910/DVN/OVLKN9,2026-09-28
doi:10.7910/DVN/YPYMH8,2026-09-28
doi:10.7910/DVN/X0EC41,2026-09-28
doi:10.7910/DVN/V7TQOZ,2026-09-28
doi:10.7910/DVN/3RF1X0,2026-09-28
doi:10.7910/DVN/T3CGGV,2026-09-28
doi:10.7910/DVN/CTKZIG,2026-09-28
doi:10.7910/DVN/BKI1X3,2026-09-28
doi:10.7910/DVN/MPQGZP,2026-09-28
doi:10.7910/DVN/L5PBPL,2026-09-28
doi:10.7910/DVN/HWJI6N,2026-09-28
doi:10.7910/DVN/QBBVOL,2026-09-28
doi:10.7910/DVN/EB1T26,2026-09-28
doi:10.7910/DVN/EHW8MI,2026-09-28
doi:10.7910/DVN/2HXTR8,2026-09-28
doi:10.7910/DVN/1VWM7S,2026-09-28
doi:10.7910/DVN/DICJVR,2026-09-28
doi:10.7910/DVN/XDDN2Y,2026-09-28
doi:10.7910/DVN/QBPIVL,2026-09-28
doi:10.7910/DVN/QICYLQ,2026-09-28
doi:10.7910/DVN/E3NJN8,2026-09-28
doi:10.7910/DVN/NEAG2L,2026-09-28
doi:10.7910/DVN/MOMRJK,2026-09-28
doi:10.7910/DVN/9HKISQ,2026-09-28
doi:10.7910/DVN/UWMHET,2026-09-28
doi:10.7910/DVN/DHWZYE,2026-09-28
doi:10.7910/DVN/R2X0VR,2026-09-28
doi:10.7910/DVN/GOGH2L,2026-09-28
doi:10.7910/DVN/9JLCSY,2026-09-28
doi:10.7910/DVN/MSIW8E,2026-09-28
doi:10.7910/DVN/VIXNNE,2026-09-28
doi:10.7910/DVN/7H6XQO,2026-09-28
doi:10.7910/DVN/RIKYVD,2026-09-28
doi:10.7910/DVN/CMMQRK,2026-09-28
doi:10.7910/DVN/VSVMY7,2026-09-28
doi:10.7910/DVN/MX5NIV,2026-09-28
doi:10.7910/DVN/HGACUS,2026-09-28
doi:10.7910/DVN/A48JP7,2026-09-28
doi:10.7910/DVN/1B1MXY,2026-09-28
doi:10.7910/DVN/4YXPHO,2026-09-28
doi:10.7910/DVN/HPTPDQ,2026-09-28
doi:10.7910/DVN/YZSZFY,2026-09-28
doi:10.7910/DVN/OEM7DW,2026-09-28
doi:10.7910/DVN/V42M9J,2026-09-28
doi:10.7910/DVN/0BFF0K,2026-09-28
doi:10.7910/DVN/QS0CDY,2026-09-28
doi:10.7910/DVN/YJQIXP,2026-09-28
doi:10.7910/DVN/H6RZA7,2026-09-28
doi:10.7910/DVN/8FHRCQ,2026-09-28
doi:10.7910/DVN/QNKFDL,2026-09-28
doi:10.7910/DVN/XMGVO2,2026-09-28
doi:10.7910/DVN/KTGFRE,2026-09-28
doi:10.7910/DVN/VBWHRO,2026-09-28
doi:10.7910/DVN/QCGKV5,2026-09-28
doi:10.7910/DVN/IUG9LC,2026-09-28
doi:10.7910/DVN/VJTN9Z,2026-09-28
doi:10.7910/DVN/AUX9W1,2026-09-28
doi:10.7910/DVN/CHBAYB,2026-09-28
doi:10.7910/DVN/J7WNTM,2026-09-28
doi:10.7910/DVN/F05CTI,2026-09-28
doi:10.7910/DVN/TIYCHO,2026-09-28
doi:10.7910/DVN/EM3AZ2,2026-09-28
doi:10.7910/DVN/HSELCA,2026-09-28
doi:10.7910/DVN/FKWZHF,2026-09-28
doi:10.7910/DVN/S17DDJ,2026-09-28
doi:10.7910/DVN/4S2NIW,2026-09-28
doi:10.7910/DVN/LZMEIV,2026-09-28
doi:10.7910/DVN/MGMBL3,2026-09-28
doi:10.7910/DVN/JU8B9V,2026-09-28
doi:10.7910/DVN/OCNIWD,2026-09-28
doi:10.7910/DVN/UPMOHW,2026-09-28
doi:10.7910/DVN/LIWMYQ,2026-09-28
doi:10.7910/DVN/KYSD5S,2026-09-28
doi:10.7910/DVN/VVDOUK,2026-09-28
doi:10.7910/DVN/AVIA6Z,2026-09-28
doi:10.7910/DVN/RKVKY3,2026-09-28
doi:10.7910/DVN/L2OZPI,2026-09-28
doi:10.7910/DVN/0OM2WP,2026-09-28
doi:10.7910/DVN/XA4VBO,2026-09-28
doi:10.7910/DVN/NVPJK0,2026-09-28
doi:10.7910/DVN/JVBAWN,2026-09-28
doi:10.7910/DVN/SQETXX,2026-09-28
doi:10.7910/DVN/RQ7P1F,2026-09-28
doi:10.7910/DVN/GLL3UW,2026-09-28
doi:10.7910/DVN/VCTLTE,2026-09-28
doi:10.7910/DVN/N5EGWL,2026-09-28
doi:10.7910/DVN/EDNX2Z,2026-09-28
doi:10.7910/DVN/QMBTPP,2026-09-28
doi:10.7910/DVN/ZNDVPW,2026-09-28
doi:10.7910/DVN/KMMN1B,2026-09-28
doi:10.7910/DVN/6WPVWI,2026-09-28
doi:10.7910/DVN/HS4W33,2026-09-28
doi:10.7910/DVN/KGL6YO,2026-09-28
doi:10.7910/DVN/09JRXK,2026-09-28
doi:10.7910/DVN/7KPGDO,2026-09-28
doi:10.7910/DVN/TJMSMD,2026-09-28
doi:10.7910/DVN/X1TGCJ,2026-09-28
doi:10.7910/DVN/EIZWXX,2026-09-28
doi:10.7910/DVN/OQ64S8,2026-09-28
doi:10.7910/DVN/PZB01G,2026-09-28
doi:10.7910/DVN/08V0ZM,2026-09-28
doi:10.7910/DVN/SIREAP,2026-09-28
doi:10.7910/DVN/WAQNXD,2026-09-28
doi:10.7910/DVN/TKTN5J,2026-09-28
doi:10.7910/DVN/2XSNPC,2026-09-28
doi:10.7910/DVN/D5CQA7,2026-09-28
doi:10.7910/DVN/THXYMC,2026-09-28
doi:10.7910/DVN/XWTQYE,2026-09-28
doi:10.7910/DVN/NN9KZT,2026-09-28
doi:10.7910/DVN/C1XYRJ,2026-09-28
doi:10.7910/DVN/29544,2026-09-28
doi:10.7910/DVN/UMKD0K,2026-09-28
doi:10.7910/DVN/0H226U,2026-09-28
doi:10.7910/DVN/ELT9VD,2026-09-28
doi:10.7910/DVN/W9VWAJ,2026-09-28
doi:10.7910/DVN/1AI3TL,2026-09-28
doi:10.7910/DVN/9GFJEA,2026-09-28
doi:10.7910/DVN/OTEWG2,2026-09-28
doi:10.7910/DVN/EUAIFA,2026-09-28
doi:10.7910/DVN/85X0HW,2026-09-28
doi:10.7910/DVN/MG11FA,2026-09-28
doi:10.7910/DVN/PSWLYR,2026-09-28
doi:10.7910/DVN/SRC9HN,2026-09-28
doi:10.7910/DVN/LL6UTV,2026-09-28
doi:10.7910/DVN/AQCDSB,2026-09-28
doi:10.7910/DVN/SC5UIN,2026-09-28
doi:10.7910/DVN/R5MEKK,2026-09-28
doi:10.7910/DVN/6XYZOD,2026-09-28
doi:10.7910/DVN/FDY0ZN,2026-09-28
doi:10.7910/DVN/RB48KU,2026-09-28
doi:10.7910/DVN/JXSIV0,2026-09-28
doi:10.7910/DVN/S3BX7A,2026-09-28
doi:10.7910/DVN/IEX6BE,2026-09-28
doi:10.7910/DVN/Y3QFBP,2026-09-28
doi:10.7910/DVN/JOSCG1,2026-09-28
doi:10.7910/DVN/PTMJF0,2026-09-28
doi:10.7910/DVN/ORDLXK,2026-09-28
doi:10.7910/DVN/ZTJWUF,2026-09-28
doi:10.7910/DVN/WMRQ16,2026-09-28
doi:10.7910/DVN/XQKBY6,2026-09-28
doi:10.7910/DVN/K1TVXL,2026-09-28
doi:10.7910/DVN/XT08HW,2026-09-28
doi:10.7910/DVN/U8NMJZ,2026-09-28
doi:10.7910/DVN/GCPZZB,2026-09-28
doi:10.7910/DVN/4KAHC1,2026-09-28
doi:10.7910/DVN/XQTCHB,2026-09-28
doi:10.7910/DVN/V7QQCR,2026-09-28
doi:10.7910/DVN/YRGXYU,2026-09-28
doi:10.7910/DVN/KWM3CY,2026-09-28
doi:10.7910/DVN/WRVUOT,2026-09-28
doi:10.7910/DVN/CUDOYW,2026-09-28
doi:10.7910/DVN/29633,2026-09-28
doi:10.7910/DVN/JDNTRA,2026-09-28
doi:10.7910/DVN/J0G6K3,2026-09-28
doi:10.7910/DVN/XVPHO1,2026-09-28
doi:10.7910/DVN/R3DJI6,2026-09-28
doi:10.7910/DVN/ROAUMD,2026-09-28
doi:10.7910/DVN/ZYCCZM,2026-09-28
doi:10.7910/DVN/HG0YSS,2026-09-28
doi:10.7910/DVN/GSJO9Q,2026-09-28
doi:10.7910/DVN/TSJXGH,2026-09-28
doi:10.7910/DVN/GNGJQR,2026-09-28
doi:10.7910/DVN/SMBFOZ,2026-09-28
doi:10.7910/DVN/81QXGC,2026-09-28
doi:10.7910/DVN/PKKF3W,2026-09-28
doi:10.7910/DVN/WOGD0F,2026-09-28
doi:10.7910/DVN/KNXSY7,2026-09-28
doi:10.7910/DVN/MUYFH1,2026-09-28
doi:10.7910/DVN/DOEXU2,2026-09-28
doi:10.7910/DVN/HG4QYB,2026-09-28
doi:10.7910/DVN/MRBUP1,2026-09-28
doi:10.7910/DVN/S9MKYH,2026-09-28
doi:10.7910/DVN/OTDDYP,2026-09-28
doi:10.7910/DVN/ZIFTF8,2026-09-28
doi:10.7910/DVN/BX8N8S,2026-09-28
doi:10.7910/DVN/B1CMUS,2026-09-28
doi:10.7910/DVN/O4BMLG,2026-09-28
doi:10.7910/DVN/VFJ4EB,2026-09-28
doi:10.7910/DVN/NT40NR,2026-09-28
doi:10.7910/DVN/VEXSWO,2026-09-28
doi:10.7910/DVN/AQW8O3,2026-09-28
doi:10.7910/DVN/BFCD08,2026-09-28
doi:10.7910/DVN/KEJD7R,2026-09-28
doi:10.7910/DVN/2WTACJ,2026-09-28
doi:10.7910/DVN/HRDQAJ,2026-09-28
doi:10.7910/DVN/JRSFS9,2026-09-28
doi:10.7910/DVN/N5LOQN,2026-09-28
doi:10.7910/DVN/LDUGW0,2026-09-28
doi:10.7910/DVN/HJUKKO,2026-09-28
doi:10.7910/DVN/9HOT25,2026-09-28
doi:10.7910/DVN/UJT2FP,2026-09-28
doi:10.7910/DVN/WI3S84,2026-09-28
doi:10.7910/DVN/MKINN2,2026-09-28
doi:10.7910/DVN/LIPRBJ,2026-09-28
doi:10.7910/DVN/QGMHHQ,2026-09-28
doi:10.7910/DVN/L0ZERG,2026-09-28
doi:10.7910/DVN/ANPEZI,2026-09-28
doi:10.7910/DVN/OOUDMQ,2026-09-28
doi:10.7910/DVN/EYIYZS,2026-09-28
doi:10.7910/DVN/NCI9RM,2026-09-28
doi:10.7910/DVN/PVEK9K,2026-09-28
doi:10.7910/DVN/C1FNMU,2026-09-28
doi:10.7910/DVN/SVWMB5,2026-09-28
doi:10.7910/DVN/LZMZIF,2026-09-28
doi:10.7910/DVN/93NQHC,2026-09-28
doi:10.7910/DVN/3YCVOF,2026-09-28
doi:10.7910/DVN/DR9RZY,2026-09-28
doi:10.7910/DVN/BGHLAX,2026-09-28
doi:10.7910/DVN/ETKANT,2026-09-28
doi:10.7910/DVN/EC0BKU,2026-09-28
doi:10.7910/DVN/NGDQIH,2026-09-28
doi:10.7910/DVN/O9TFAQ,2026-09-28
doi:10.7910/DVN/BMPRPF,2026-09-28
doi:10.7910/DVN/MR8BVX,2026-09-28
doi:10.7910/DVN/LKWOJL,2026-09-28
doi:10.7910/DVN/BS0THS,2026-09-28
doi:10.7910/DVN/PDYWW5,2026-09-28
doi:10.7910/DVN/ZIWLCJ,2026-09-28
doi:10.7910/DVN/AWIHSR,2026-09-28
doi:10.7910/DVN/J0O94Y,2026-09-28
doi:10.7910/DVN/PNDW4P,2026-09-28
doi:10.7910/DVN/FAB3FE,2026-09-28
doi:10.7910/DVN/OWF8RW,2026-09-28
doi:10.7910/DVN/AJGNUG,2026-09-28
doi:10.7910/DVN/PXMGHF,2026-09-28
doi:10.7910/DVN/NIBSUD,2026-09-28
doi:10.7910/DVN/4OYGZ3,2026-09-28
doi:10.7910/DVN/WF2CMX,2026-09-28
doi:10.7910/DVN/7W6FBK,2026-09-28
doi:10.7910/DVN/VEBZGW,2026-09-28
doi:10.7910/DVN/AMDYRS,2026-09-28
doi:10.7910/DVN/WGL5AV,2026-09-28
doi:10.7910/DVN/MD64FN,2026-09-28
doi:10.7910/DVN/OL9VD3,2026-09-28
doi:10.7910/DVN/P4JTOD,2026-09-28
doi:10.7910/DVN/UMNENW,2026-09-28
doi:10.7910/DVN/YBT8WZ,2026-09-28
doi:10.7910/DVN/WJLY7G,2026-09-28
doi:10.7910/DVN/29421,2026-09-28
doi:10.7910/DVN/JYCAKM,2026-09-28
doi:10.7910/DVN/ONZJ7F,2026-09-28
doi:10.7910/DVN/N9ETAF,2026-09-28
doi:10.7910/DVN/29485,2026-09-28
doi:10.7910/DVN/B4H2AU,2026-09-28
doi:10.7910/DVN/29460,2026-09-28
doi:10.7910/DVN/ITPOOA,2026-09-28
doi:10.7910/DVN/29552,2026-09-28
doi:10.7910/DVN/29498,2026-09-28
doi:10.7910/DVN/29792,2026-09-28
doi:10.7910/DVN/SBGZOJ,2026-09-28
doi:10.7910/DVN/IFWBLZ,2026-09-28
doi:10.7910/DVN/TI77ZP,2026-09-28
doi:10.7910/DVN/IFPXLJ,2026-09-28
doi:10.7910/DVN/VDTAXL,2026-09-28
doi:10.7910/DVN/CRE5NC,2026-09-28
doi:10.7910/DVN/XQD8SD,2026-09-28
doi:10.7910/DVN/HKETWU,2026-09-28
doi:10.7910/DVN/YIEZ2S,2026-09-28
doi:10.7910/DVN/MFJYZ9,2026-09-28
doi:10.7910/DVN/IREIOP,2026-09-28
doi:10.7910/DVN/PZVRZT,2026-09-28
doi:10.7910/DVN/W5LGFK,2026-09-28
doi:10.7910/DVN/OQYZAK,2026-09-28
doi:10.7910/DVN/UY7EMR,2026-09-28
doi:10.7910/DVN/3AA6CZ,2026-09-28
doi:10.7910/DVN/B5DOOB,2026-09-28
doi:10.7910/DVN/6B6APA,2026-09-28
doi:10.7910/DVN/0C6XEQ,2026-09-28
doi:10.7910/DVN/E5I8VC,2026-09-28
doi:10.7910/DVN/LEJTLA,2026-09-28
doi:10.7910/DVN/NA3YBS,2026-09-28
doi:10.7910/DVN/5YABZU,2026-09-28
doi:10.7910/DVN/RPDNMN,2026-09-28
doi:10.7910/DVN/STDKZ2,2026-09-28
doi:10.7910/DVN/NUAXQS,2026-09-28
doi:10.7910/DVN/RDIMYH,2026-09-28
doi:10.7910/DVN/2DWBAK,2026-09-28
doi:10.7910/DVN/AMGU0S,2026-09-28
doi:10.7910/DVN/XSSP5K,2026-09-28
doi:10.7910/DVN/OIN5AZ,2026-09-28
doi:10.7910/DVN/BC6GSL,2026-09-28
doi:10.7910/DVN/CTZ74Q,2026-09-28
doi:10.7910/DVN/GNEWPE,2026-09-28
doi:10.7910/DVN/JXT0SZ,2026-09-28
doi:10.7910/DVN/8UOOEW,2026-09-28
doi:10.7910/DVN/BCYWJK,2026-09-28
doi:10.7910/DVN/F6N2UR,2026-09-28
doi:10.7910/DVN/VA0QPV,2026-09-28
doi:10.7910/DVN/POT08T,2026-09-28
doi:10.7910/DVN/FYQWJK,2026-09-28
doi:10.7910/DVN/OXLAQH,2026-09-28
doi:10.7910/DVN/WMIIOI,2026-09-28
doi:10.7910/DVN/HWMO56,2026-09-28
doi:10.7910/DVN/P07AMQ,2026-09-28
doi:10.7910/DVN/SHKLWH,2026-09-28
doi:10.7910/DVN/28X6HU,2026-09-28
doi:10.7910/DVN/JXVSP4,2026-09-28
doi:10.7910/DVN/QE1XNM,2026-09-28
doi:10.7910/DVN/XEKGAK,2026-09-28
doi:10.7910/DVN/X3CORT,2026-09-28
doi:10.7910/DVN/B66HLL,2026-09-28
doi:10.7910/DVN/G40KT8,2026-09-28
doi:10.7910/DVN/ZZS72T,2026-09-28
doi:10.7910/DVN/OLZRAE,2026-09-28
doi:10.7910/DVN/LUOUYH,2026-09-28
doi:10.7910/DVN/SODTBN,2026-09-28
doi:10.7910/DVN/I6DT0K,2026-09-28
doi:10.7910/DVN/WSTV9V,2026-09-28
doi:10.7910/DVN/ZQIFHG,2026-09-28
doi:10.7910/DVN/UFQGQZ,2026-09-28
doi:10.7910/DVN/4B9TQG,2026-09-28
doi:10.7910/DVN/BQAHGZ,2026-09-28
doi:10.7910/DVN/QXWMDZ,2026-09-28
doi:10.7910/DVN/JBJTL6,2026-09-28
doi:10.7910/DVN/7FTACV,2026-09-28
doi:10.7910/DVN/MOO2A9,2026-09-28
doi:10.7910/DVN/W1FT6T,2026-09-28
doi:10.7910/DVN/GJWWEE,2026-09-28
doi:10.7910/DVN/CNL2XA,2026-09-28
doi:10.7910/DVN/CFN6X9,2026-09-28
doi:10.7910/DVN/SKXJDN,2026-09-28
doi:10.7910/DVN/U1P6SI,2026-09-28
doi:10.7910/DVN/QVX6WJ,2026-09-28
doi:10.7910/DVN/8D9IK3,2026-09-28
doi:10.7910/DVN/5ZAWXQ,2026-09-28
doi:10.7910/DVN/NYRTCA,2026-09-28
doi:10.7910/DVN/NXTJMD,2026-09-28
doi:10.7910/DVN/7JKZHP,2026-09-28
doi:10.7910/DVN/P5AKBK,2026-09-28
doi:10.7910/DVN/EPX9VY,2026-09-28
doi:10.7910/DVN/GJSW9U,2026-09-28
doi:10.7910/DVN/HPUQPA,2026-09-28
doi:10.7910/DVN/9XBRQS,2026-09-28
doi:10.7910/DVN/CHYWNA,2026-09-28
doi:10.7910/DVN/NXULWY,2026-09-28
doi:10.7910/DVN/QQL9ZY,2026-09-28
doi:10.7910/DVN/6K5E3Y,2026-09-28
doi:10.7910/DVN/EVVOGS,2026-09-28
doi:10.7910/DVN/FPPDKN,2026-09-28
doi:10.7910/DVN/BNIRXP,2026-09-28
doi:10.7910/DVN/LIGHFY,2026-09-28
doi:10.7910/DVN/AFBW80,2026-09-28
doi:10.7910/DVN/E3LCFC,2026-09-28
doi:10.7910/DVN/KVP7HA,2026-09-28
doi:10.7910/DVN/KG68DK,2026-09-28
doi:10.7910/DVN/O15RGJ,2026-09-28
doi:10.7910/DVN/HVSWTH,2026-09-28
doi:10.7910/DVN/11KPQY,2026-09-28
doi:10.7910/DVN/1KEFJ5,2026-09-28
doi:10.7910/DVN/0TMLTI,2026-09-28
doi:10.7910/DVN/K143VW,2026-09-28
doi:10.7910/DVN/JMURRG,2026-09-28
doi:10.7910/DVN/F0TFGQ,2026-09-28
doi:10.7910/DVN/WO5QEX,2026-09-28
doi:10.7910/DVN/VTJQLK,2026-09-28
doi:10.7910/DVN/AN44BQ,2026-09-28
doi:10.7910/DVN/GTHIBR,2026-09-28
doi:10.7910/DVN/M9CRUY,2026-09-28
doi:10.7910/DVN/N3RKRZ,2026-09-28
doi:10.7910/DVN/0GCD1H,2026-09-28
doi:10.7910/DVN/MCM0AX,2026-09-28
doi:10.7910/DVN/U4JCHB,2026-09-28
doi:10.7910/DVN/EA4TCN,2026-09-28
doi:10.7910/DVN/CINN60,2026-09-28
doi:10.7910/DVN/4I6QO4,2026-09-28
doi:10.7910/DVN/7ZWYDJ,2026-09-28
doi:10.7910/DVN/D8VODI,2026-09-28
doi:10.7910/DVN/E2BV85,2026-09-28
doi:10.7910/DVN/N67BDI,2026-09-28
doi:10.7910/DVN/MYZCO6,2026-09-28
doi:10.7910/DVN/G1H0UA,2026-09-28
doi:10.7910/DVN/57YGZM,2026-09-28
doi:10.7910/DVN/WM7HDH,2026-09-28
doi:10.7910/DVN/FVLHCX,2026-09-28
doi:10.7910/DVN/LFFOX1,2026-09-28
doi:10.7910/DVN/OTTGKF,2026-09-28
doi:10.7910/DVN/WCB04D,2026-09-28
doi:10.7910/DVN/CMPWS1,2026-09-28
doi:10.7910/DVN/W77NEA,2026-09-28
doi:10.7910/DVN/SPEOL9,2026-09-28
doi:10.7910/DVN/9MDTGD,2026-09-28
doi:10.7910/DVN/PY3UJW,2026-09-28
doi:10.7910/DVN/FAFWTY,2026-09-28
doi:10.7910/DVN/AF3EZP,2026-09-28
doi:10.7910/DVN/BX399B,2026-09-28
doi:10.7910/DVN/2LDTMS,2026-09-28
doi:10.7910/DVN/BWXDLT,2026-09-28
doi:10.7910/DVN/BAIHDZ,2026-09-28
doi:10.7910/DVN/AK9LT6,2026-09-28
doi:10.7910/DVN/X2WKUZ,2026-09-28
doi:10.7910/DVN/XZHXVF,2026-09-28
doi:10.7910/DVN/IXILAR,2026-09-28
doi:10.7910/DVN/MNXYWI,2026-09-28
doi:10.7910/DVN/HA8HFW,2026-09-28
doi:10.7910/DVN/WDS8HB,2026-09-28
doi:10.7910/DVN/IL3IKY,2026-09-28
doi:10.7910/DVN/KULZYU,2026-09-28
doi:10.7910/DVN/Q2X5DK,2026-09-28
doi:10.7910/DVN/UVFUPL,2026-09-28
doi:10.7910/DVN/0KSG0T,2026-09-28
doi:10.7910/DVN/PDX8M1,2026-09-28
doi:10.7910/DVN/JPRYWS,2026-09-28
doi:10.7910/DVN/HXLRBY,2026-09-28
doi:10.7910/DVN/0ULECU,2026-09-28
doi:10.7910/DVN/XNGCFM,2026-09-28
doi:10.7910/DVN/897CMJ,2026-09-28
doi:10.7910/DVN/WV0ECC,2026-09-28
doi:10.7910/DVN/DZZ0OM,2026-09-28
doi:10.7910/DVN/WRLXWI,2026-09-28
doi:10.7910/DVN/UQ5R7L,2026-09-28
doi:10.7910/DVN/X4YIDO,2026-09-28
doi:10.7910/DVN/I43DNF,2026-09-28
doi:10.7910/DVN/RX37FT,2026-09-28
doi:10.7910/DVN/APXALF,2026-09-28
doi:10.7910/DVN/KOZI2C,2026-09-28
doi:10.7910/DVN/N64C76,2026-09-28
doi:10.7910/DVN/GIQJDD,2026-09-28
doi:10.7910/DVN/ECBIHS,2026-09-28
doi:10.7910/DVN/KZRLWC,2026-09-28
doi:10.7910/DVN/VOZCAL,2026-09-28
doi:10.7910/DVN/LWNPF1,2026-09-28
doi:10.7910/DVN/PMJTBE,2026-09-28
doi:10.7910/DVN/WDEIZA,2026-09-28
doi:10.7910/DVN/AOOX7Z,2026-09-28
doi:10.7910/DVN/XTEML4,2026-09-28
doi:10.7910/DVN/P7ABK3,2026-09-28
doi:10.7910/DVN/XS0ULP,2026-09-28
doi:10.7910/DVN/CT9EJU,2026-09-28
doi:10.7910/DVN/QOV745,2026-09-28
doi:10.7910/DVN/DAOOUF,2026-09-28
doi:10.7910/DVN/CJISMY,2026-09-28
doi:10.7910/DVN/VYU75D,2026-09-28
doi:10.7910/DVN/CH9AXM,2026-09-28
doi:10.7910/DVN/0CTJJY,2026-09-28
doi:10.7910/DVN/0SOJBA,2026-09-28
doi:10.7910/DVN/QQGCLX,2026-09-28
doi:10.7910/DVN/SQNYHP,2026-09-28
doi:10.7910/DVN/SYFQLQ,2026-09-28
doi:10.7910/DVN/CSHO0R,2026-09-28
doi:10.7910/DVN/FTOUJI,2026-09-28
doi:10.7910/DVN/FYRSGM,2026-09-28
doi:10.7910/DVN/1HNSZR,2026-09-28
doi:10.7910/DVN/UAJME4,2026-09-28
doi:10.7910/DVN/PBTTDM,2026-09-28
doi:10.7910/DVN/Z8LCHG,2026-09-28
doi:10.7910/DVN/9NKW9U,2026-09-28
doi:10.7910/DVN/0WMHSD,2026-09-28
doi:10.7910/DVN/WZMMFJ,2026-09-28
doi:10.7910/DVN/MNVUEP,2026-09-28
doi:10.7910/DVN/ATBJNO,2026-09-28
doi:10.7910/DVN/IYDYOI,2026-09-28
doi:10.7910/DVN/JHE1YF,2026-09-28
doi:10.7910/DVN/E2BH6J,2026-09-28
doi:10.7910/DVN/H69OCL,2026-09-28
doi:10.7910/DVN/8783YN,2026-09-28
doi:10.7910/DVN/M3DXXJ,2026-09-28
doi:10.7910/DVN/6SGSTI,2026-09-28
doi:10.7910/DVN/W27GR5,2026-09-28
doi:10.7910/DVN/2DM41P,2026-09-28
doi:10.7910/DVN/FLKUMG,2026-09-28
doi:10.7910/DVN/4GAILD,2026-09-28
doi:10.7910/DVN/AJGHMH,2026-09-28
doi:10.7910/DVN/Z5S7VK,2026-09-28
doi:10.7910/DVN/8XOFBS,2026-09-28
doi:10.7910/DVN/5REXBL,2026-09-28
doi:10.7910/DVN/HLJW1Q,2026-09-28
doi:10.7910/DVN/FJOX8X,2026-09-28
doi:10.7910/DVN/ZKIKDL,2026-09-28
doi:10.7910/DVN/2MGYZT,2026-09-28
doi:10.7910/DVN/B3L9KF,2026-09-28
doi:10.7910/DVN/QFYZSR,2026-09-28
doi:10.7910/DVN/X5PCNJ,2026-09-28
doi:10.7910/DVN/6ZGU1X,2026-09-28
doi:10.7910/DVN/IJ2MII,2026-09-28
doi:10.7910/DVN/QQJGG6,2026-09-28
doi:10.7910/DVN/O1G1KO,2026-09-28
doi:10.7910/DVN/MCYUKY,2026-09-28
doi:10.7910/DVN/JHJLSV,2026-09-28
doi:10.7910/DVN/PWWAOM,2026-09-28
doi:10.7910/DVN/2MZE9D,2026-09-28
doi:10.7910/DVN/S1QAE2,2026-09-28
doi:10.7910/DVN/TJ8CUV,2026-09-28
doi:10.7910/DVN/VXLJUH,2026-09-28
doi:10.7910/DVN/RZHOI1,2026-09-28
doi:10.7910/DVN/7RNTZS,2026-09-28
doi:10.7910/DVN/GIQIKU,2026-09-28
doi:10.7910/DVN/EZ0UZK,2026-09-28
doi:10.7910/DVN/IXS0SP,2026-09-28
doi:10.7910/DVN/IFKQBE,2026-09-28
doi:10.7910/DVN/EJDTXJ,2026-09-28
doi:10.7910/DVN/HYNOCY,2026-09-28
doi:10.7910/DVN/5T2U2K,2026-09-28
doi:10.7910/DVN/HNYJTA,2026-09-28
doi:10.7910/DVN/SCEL5P,2026-09-28
doi:10.7910/DVN/KZWKT6,2026-09-28
doi:10.7910/DVN/YJYVGM,2026-09-28
doi:10.7910/DVN/BAIPDS,2026-09-28
doi:10.7910/DVN/P34KT6,2026-09-28
doi:10.7910/DVN/IPW0M9,2026-09-28
doi:10.7910/DVN/MWTZBD,2026-09-28
doi:10.7910/DVN/ZFHS3J,2026-09-28
doi:10.7910/DVN/TRB3Y5,2026-09-28
doi:10.7910/DVN/GBJVAF,2026-09-28
doi:10.7910/DVN/THDW2T,2026-09-28
doi:10.7910/DVN/2MQU8G,2026-09-28
doi:10.7910/DVN/98ZAOG,2026-09-28
doi:10.7910/DVN/4MVS8B,2026-09-28
doi:10.7910/DVN/WF7TLZ,2026-09-28
doi:10.7910/DVN/HZE7FF,2026-09-28
doi:10.7910/DVN/LGNJ10,2026-09-28
doi:10.7910/DVN/RIXKRH,2026-09-28
doi:10.7910/DVN/JUVMB9,2026-09-28
doi:10.7910/DVN/9CQZBD,2026-09-28
doi:10.7910/DVN/SYNIET,2026-09-28
doi:10.7910/DVN/GQFQJJ,2026-09-28
doi:10.7910/DVN/EMLX1V,2026-09-28
doi:10.7910/DVN/5YKD4S,2026-09-28
doi:10.7910/DVN/RMXATJ,2026-09-28
doi:10.7910/DVN/XHACSB,2026-09-28
doi:10.7910/DVN/BAY34T,2026-09-28
doi:10.7910/DVN/NHEQY4,2026-09-28
doi:10.7910/DVN/3JQAHE,2026-09-28
doi:10.7910/DVN/QCZUOR,2026-09-28
doi:10.7910/DVN/BLGEZK,2026-09-28
doi:10.7910/DVN/TKEWPJ,2026-09-28
doi:10.7910/DVN/7OB0YJ,2026-09-28
doi:10.7910/DVN/PGPGFH,2026-09-28
doi:10.7910/DVN/YOGI36,2026-09-28
doi:10.7910/DVN/UNFADD,2026-09-28
doi:10.7910/DVN/BDCP2T,2026-09-28
doi:10.7910/DVN/B5RVWB,2026-09-28
doi:10.7910/DVN/VNKZQF,2026-09-28
doi:10.7910/DVN/P9E3WZ,2026-09-28
doi:10.7910/DVN/GLQOTD,2026-09-28
doi:10.7910/DVN/BQZAMU,2026-09-28
doi:10.7910/DVN/V294KT,2026-09-28
doi:10.7910/DVN/HWCCOX,2026-09-28
doi:10.7910/DVN/YVFD9A,2026-09-28
doi:10.7910/DVN/MHSJE5,2026-09-28
doi:10.7910/DVN/3TGWGG,2026-09-28
doi:10.7910/DVN/56PIVI,2026-09-28
doi:10.7910/DVN/A1X8GJ,2026-09-28
doi:10.7910/DVN/WGWUK2,2026-09-28
doi:10.7910/DVN/AINBOL,2026-09-28
doi:10.7910/DVN/ZDHDIH,2026-09-28
doi:10.7910/DVN/1DB0FT,2026-09-28
doi:10.7910/DVN/5T7ET3,2026-09-28
doi:10.7910/DVN/PG4UGE,2026-09-28
doi:10.7910/DVN/DNKHPI,2026-09-28
doi:10.7910/DVN/BJYUUE,2026-09-28
doi:10.7910/DVN/XRZ1UJ,2026-09-28
doi:10.7910/DVN/RHMSKP,2026-09-28
doi:10.7910/DVN/O7ICGD,2026-09-28
doi:10.7910/DVN/LK925K,2026-09-28
doi:10.7910/DVN/SURAOE,2026-09-28
doi:10.7910/DVN/ONY6WJ,2026-09-28
doi:10.7910/DVN/XOIM0F,2026-09-28
doi:10.7910/DVN/I5JA7L,2026-09-28
doi:10.7910/DVN/NEC17Z,2026-09-28
doi:10.7910/DVN/84FBLB,2026-09-28
doi:10.7910/DVN/RQFXPR,2026-09-28
doi:10.7910/DVN/GBWB8I,2026-09-28
doi:10.7910/DVN/PH1AQ4,2026-09-28
doi:10.7910/DVN/GB15Y5,2026-09-28
doi:10.7910/DVN/NLWWPE,2026-09-28
doi:10.7910/DVN/I8SPKO,2026-09-28
doi:10.7910/DVN/RRLCNP,2026-09-28
doi:10.7910/DVN/IITPH8,2026-09-28
doi:10.7910/DVN/IZ1T9I,2026-09-28
doi:10.7910/DVN/JNVVHJ,2026-09-28
doi:10.7910/DVN/NUOE6Z,2026-09-28
doi:10.7910/DVN/CZBABT,2026-09-28
doi:10.7910/DVN/7ERIFH,2026-09-28
doi:10.7910/DVN/AX4CT3,2026-09-28
doi:10.7910/DVN/CJDTQZ,2026-09-28
doi:10.7910/DVN/EZ9DHK,2026-09-28
doi:10.7910/DVN/CLZZTW,2026-09-28
doi:10.7910/DVN/3S72WD,2026-09-28
doi:10.7910/DVN/4XXD3E,2026-09-28
doi:10.7910/DVN/CX1OGZ,2026-09-28
doi:10.7910/DVN/GUKPZO,2026-09-28
doi:10.7910/DVN/AK1C65,2026-09-28
doi:10.7910/DVN/QPPL9H,2026-09-28
doi:10.7910/DVN/HWGLUJ,2026-09-28
doi:10.7910/DVN/5EO10I,2026-09-28
doi:10.7910/DVN/WMDSUU,2026-09-28
doi:10.7910/DVN/YPGPAW,2026-09-28
doi:10.7910/DVN/IDEI04,2026-09-28
doi:10.7910/DVN/WYACIJ,2026-09-28
doi:10.7910/DVN/XXBZGA,2026-09-28
doi:10.7910/DVN/BM4WW0,2026-09-28
doi:10.7910/DVN/YJAJR8,2026-09-28
doi:10.7910/DVN/KF1LAK,2026-09-28
doi:10.7910/DVN/KPSCLK,2026-09-28
doi:10.7910/DVN/DXEZAM,2026-09-28
doi:10.7910/DVN/YVVKCH,2026-09-28
doi:10.7910/DVN/Z6ASMM,2026-09-28
doi:10.7910/DVN/POFVTT,2026-09-28
doi:10.7910/DVN/JES2PO,2026-09-28
doi:10.7910/DVN/IYWW2F,2026-09-28
doi:10.7910/DVN/MZP0GF,2026-09-28
doi:10.7910/DVN/R6HTY4,2026-09-28
doi:10.7910/DVN/XBRMTW,2026-09-28
doi:10.7910/DVN/3OWF6C,2026-09-28
doi:10.7910/DVN/3UBYWY,2026-09-28
doi:10.7910/DVN/IDD1GQ,2026-09-28
doi:10.7910/DVN/W4KXN1,2026-09-28
doi:10.7910/DVN/DYVOPJ,2026-09-28
doi:10.7910/DVN/LBLOVK,2026-09-28
doi:10.7910/DVN/ZCLCPQ,2026-09-28
doi:10.7910/DVN/52X882,2026-09-28
doi:10.7910/DVN/VUHBTN,2026-09-28
doi:10.7910/DVN/SDZK3Y,2026-09-28
doi:10.7910/DVN/ESTHIJ,2026-09-28
doi:10.7910/DVN/RFSM4L,2026-09-28
doi:10.7910/DVN/HWJIS3,2026-09-28
doi:10.7910/DVN/Q7FEAG,2026-09-28
doi:10.7910/DVN/VYW0UY,2026-09-28
doi:10.7910/DVN/DBA7TB,2026-09-28
doi:10.7910/DVN/L6GKQJ,2026-09-28
doi:10.7910/DVN/E5IBHO,2026-09-28
doi:10.7910/DVN/N0M2XG,2026-09-28
doi:10.7910/DVN/U7X47P,2026-09-28
doi:10.7910/DVN/IL8WSB,2026-09-28
doi:10.7910/DVN/XCQVO7,2026-09-28
doi:10.7910/DVN/AJ7LEB,2026-09-28
doi:10.7910/DVN/Y5M9XR,2026-09-28
doi:10.7910/DVN/AWQUHZ,2026-09-28
doi:10.7910/DVN/SABH51,2026-09-28
doi:10.7910/DVN/10MM4N,2026-09-28
doi:10.7910/DVN/BTZEW1,2026-09-28
doi:10.7910/DVN/A7EDO3,2026-09-28
doi:10.7910/DVN/XACHFI,2026-09-28
doi:10.7910/DVN/LIYJ78,2026-09-28
doi:10.7910/DVN/0RR0X7,2026-09-28
doi:10.7910/DVN/ZJ0KSH,2026-09-28
doi:10.7910/DVN/RRC08M,2026-09-28
doi:10.7910/DVN/IWR4HE,2026-09-28
doi:10.7910/DVN/YRCBWS,2026-09-28
doi:10.7910/DVN/GVKQQN,2026-09-28
doi:10.7910/DVN/JYKRGY,2026-09-28
doi:10.7910/DVN/3FPTQT,2026-09-28
doi:10.7910/DVN/VYXB4B,2026-09-28
doi:10.7910/DVN/UX3QXW,2026-09-28
doi:10.7910/DVN/NHSJMJ,2026-09-28
doi:10.7910/DVN/6OOPMR,2026-09-28
doi:10.7910/DVN/C13Z0X,2026-09-28
doi:10.7910/DVN/UBRKHO,2026-09-28
doi:10.7910/DVN/EDGO9P,2026-09-28
doi:10.7910/DVN/QQM5MC,2026-09-28
doi:10.7910/DVN/JRLYVN,2026-09-28
doi:10.7910/DVN/ZDWMTH,2026-09-28
doi:10.7910/DVN/333INW,2026-09-28
doi:10.7910/DVN/4HLOZA,2026-09-28
doi:10.7910/DVN/ELSUD0,2026-09-28
doi:10.7910/DVN/VGZHYO,2026-09-28
doi:10.7910/DVN/C2QO6J,2026-09-28
doi:10.7910/DVN/MYJDHS,2026-09-28
doi:10.7910/DVN/IXMSQY,2026-09-28
doi:10.7910/DVN/XRP3IU,2026-09-28
doi:10.7910/DVN/96QAB6,2026-09-28
doi:10.7910/DVN/W01JL7,2026-09-28
doi:10.7910/DVN/YIQKN8,2026-09-28
doi:10.7910/DVN/TFV3WH,2026-09-28
doi:10.7910/DVN/ITVLIK,2026-09-28
doi:10.7910/DVN/KFVTMI,2026-09-28
doi:10.7910/DVN/H6GG8O,2026-09-28
doi:10.7910/DVN/VD7DDR,2026-09-28
doi:10.7910/DVN/LWXXAM,2026-09-28
doi:10.7910/DVN/JJL5VP,2026-09-28
doi:10.7910/DVN/BFLOTT,2026-09-28
doi:10.7910/DVN/MIA6DY,2026-09-28
doi:10.7910/DVN/S6B7SE,2026-09-28
doi:10.7910/DVN/G9OYBD,2026-09-28
doi:10.7910/DVN/JFZF0Y,2026-09-28
doi:10.7910/DVN/PGGXDO,2026-09-28
doi:10.7910/DVN/QUPNZI,2026-09-28
doi:10.7910/DVN/0BPVCH,2026-09-28
doi:10.7910/DVN/RLGOKE,2026-09-28
doi:10.7910/DVN/M0WBEM,2026-09-28
doi:10.7910/DVN/J1FQW9,2026-09-28
doi:10.7910/DVN/G3YJXY,2026-09-28
doi:10.7910/DVN/WQEZKP,2026-09-28
doi:10.7910/DVN/UCW2RY,2026-09-28
doi:10.7910/DVN/J8SXIZ,2026-09-28
doi:10.7910/DVN/DF9UXB,2026-09-28
doi:10.7910/DVN/OZEQ77,2026-09-28
doi:10.7910/DVN/IBKYRX,2026-09-28
doi:10.7910/DVN/WMIMSW,2026-09-28
doi:10.7910/DVN/5EBK7S,2026-09-28
doi:10.7910/DVN/GOWSAQ,2026-09-28
doi:10.7910/DVN/1JBNDC,2026-09-28
doi:10.7910/DVN/FQPO0E,2026-09-28
doi:10.7910/DVN/DEGC9Q,2026-09-28
doi:10.7910/DVN/ATKH9K,2026-09-28
doi:10.7910/DVN/J2NDPP,2026-09-28
doi:10.7910/DVN/RX1BGN,2026-09-28
doi:10.7910/DVN/MUPGQM,2026-09-28
doi:10.7910/DVN/VUY8UI,2026-09-28
doi:10.7910/DVN/IK3DGT,2026-09-28
doi:10.7910/DVN/6XS8Z1,2026-09-28
doi:10.7910/DVN/X3586I,2026-09-28
doi:10.7910/DVN/2O2MA9,2026-09-28
doi:10.7910/DVN/XTAEY9,2026-09-28
doi:10.7910/DVN/QFWIHD,2026-09-28
doi:10.7910/DVN/YIEAF1,2026-09-28
doi:10.7910/DVN/NFXS5Z,2026-09-28
doi:10.7910/DVN/9SJ50N,2026-09-28
doi:10.7910/DVN/3BC21O,2026-09-28
doi:10.7910/DVN/UAPATT,2026-09-28
doi:10.7910/DVN/RHAXDD,2026-09-28
doi:10.7910/DVN/CSX1VL,2026-09-28
doi:10.7910/DVN/2PTJJV,2026-09-28
doi:10.7910/DVN/ZTXLHG,2026-09-28
doi:10.7910/DVN/MUDDIH,2026-09-28
doi:10.7910/DVN/JGU9X5,2026-09-28
doi:10.7910/DVN/N3DFBE,2026-09-28
doi:10.7910/DVN/TIIHB8,2026-09-28
doi:10.7910/DVN/AAHT4H,2026-09-28
doi:10.7910/DVN/LDBOSQ,2026-09-28
doi:10.7910/DVN/JWJQKW,2026-09-28
doi:10.7910/DVN/V5AOXD,2026-09-28
doi:10.7910/DVN/MJKDYS,2026-09-28
doi:10.7910/DVN/4NNGJ9,2026-09-28
doi:10.7910/DVN/PC6CQC,2026-09-28
doi:10.7910/DVN/0KL6JK,2026-09-28
doi:10.7910/DVN/JYC2TH,2026-09-28
doi:10.7910/DVN/V7HWP4,2026-09-28
doi:10.7910/DVN/SBHNSW,2026-09-28
doi:10.7910/DVN/SISHFP,2026-09-28
doi:10.7910/DVN/4EKHFM,2026-09-28
doi:10.7910/DVN/RGDEET,2026-09-28
doi:10.7910/DVN/THCWHJ,2026-09-28
doi:10.7910/DVN/LWWGKY,2026-09-28
doi:10.7910/DVN/INR9AQ,2026-09-28
doi:10.7910/DVN/NNJXDY,2026-09-28
doi:10.7910/DVN/GAPIQO,2026-09-28
doi:10.7910/DVN/4O1T56,2026-09-28
doi:10.7910/DVN/XDFN2E,2026-09-28
doi:10.7910/DVN/51RILE,2026-09-28
doi:10.7910/DVN/MJKCHZ,2026-09-28
doi:10.7910/DVN/88MXJS,2026-09-28
doi:10.7910/DVN/HEMHMH,2026-09-28
doi:10.7910/DVN/N3Y3MF,2026-09-28
doi:10.7910/DVN/ICYNIF,2026-09-28
doi:10.7910/DVN/CZYUJH,2026-09-28
doi:10.7910/DVN/SDGTMU,2026-09-28
doi:10.7910/DVN/2HCGWN,2026-09-28
doi:10.7910/DVN/ECGSUB,2026-09-28
doi:10.7910/DVN/HJJJPJ,2026-09-28
doi:10.7910/DVN/XW1YYI,2026-09-28
doi:10.7910/DVN/TJ5XMF,2026-09-28
doi:10.7910/DVN/XTXS4P,2026-09-28
doi:10.7910/DVN/TJWZCB,2026-09-28
doi:10.7910/DVN/BGPIWF,2026-09-28
doi:10.7910/DVN/EH8ZMX,2026-09-28
doi:10.7910/DVN/4BPRUI,2026-09-28
doi:10.7910/DVN/BZI7CT,2026-09-28
doi:10.7910/DVN/VEZ66S,2026-09-28
doi:10.7910/DVN/DOZCK5,2026-09-28
doi:10.7910/DVN/H7QR3Q,2026-09-28
doi:10.7910/DVN/QIBJBU,2026-09-28
doi:10.7910/DVN/GXUY81,2026-09-28
doi:10.7910/DVN/MPI4MW,2026-09-28
doi:10.7910/DVN/SGB8FE,2026-09-28
doi:10.7910/DVN/V5LB9K,2026-09-28
doi:10.7910/DVN/1Q2Z92,2026-09-28
doi:10.7910/DVN/KCIADO,2026-09-28
doi:10.7910/DVN/ZWEA8L,2026-09-28
doi:10.7910/DVN/K6PRPG,2026-09-28
doi:10.7910/DVN/9XWGHN,2026-09-28
doi:10.7910/DVN/1YG7BI,2026-09-28
doi:10.7910/DVN/SLZ2OA,2026-09-28
doi:10.7910/DVN/1SBYFJ,2026-09-28
doi:10.7910/DVN/INCWQN,2026-09-28
doi:10.7910/DVN/U4Q0FR,2026-09-28
doi:10.7910/DVN/6WUWRB,2026-09-28
doi:10.7910/DVN/GKMZHD,2026-09-28
doi:10.7910/DVN/GQQUQU,2026-09-28
doi:10.7910/DVN/F1CFFM,2026-09-28
doi:10.7910/DVN/CFCZ2L,2026-09-28
doi:10.7910/DVN/VJLWTZ,2026-09-28
doi:10.7910/DVN/ULCSUG,2026-09-28
doi:10.7910/DVN/Z7H44N,2026-09-28
doi:10.7910/DVN/RLWSVJ,2026-09-28
doi:10.7910/DVN/PBEOJZ,2026-09-28
doi:10.7910/DVN/P5SZTR,2026-09-28
doi:10.7910/DVN/Q0ROYU,2026-09-28
doi:10.7910/DVN/AMYHNJ,2026-09-28
doi:10.7910/DVN/YAIXFQ,2026-09-28
doi:10.7910/DVN/XHW4CB,2026-09-28
doi:10.7910/DVN/OGXF4X,2026-09-28
doi:10.7910/DVN/UDZZSH,2026-09-28
doi:10.7910/DVN/V8D7KT,2026-09-28
doi:10.7910/DVN/QSGXZC,2026-09-28
doi:10.7910/DVN/ZJDLGE,2026-09-28
doi:10.7910/DVN/S2VOLH,2026-09-28
doi:10.7910/DVN/LYSP42,2026-09-28
doi:10.7910/DVN/ZEKDIC,2026-09-28
doi:10.7910/DVN/BT7OZQ,2026-09-28
doi:10.7910/DVN/QPZWZM,2026-09-28
doi:10.7910/DVN/WZSUS3,2026-09-28
doi:10.7910/DVN/OVOUAL,2026-09-28
doi:10.7910/DVN/3BSCKY,2026-09-28
doi:10.7910/DVN/AR8SLA,2026-09-28
doi:10.7910/DVN/EU541C,2026-09-28
doi:10.7910/DVN/XL5659,2026-09-28
doi:10.7910/DVN/8U4FFB,2026-09-28
doi:10.7910/DVN/ZH5YFY,2026-09-28
doi:10.7910/DVN/D8WD6K,2026-09-28
doi:10.7910/DVN/NQ32VR,2026-09-28
doi:10.7910/DVN/OBDQ3H,2026-09-28
doi:10.7910/DVN/51N9A7,2026-09-28
doi:10.7910/DVN/SYCAOH,2026-09-28
doi:10.7910/DVN/UBAPZL,2026-09-28
doi:10.7910/DVN/2HTWSU,2026-09-28
doi:10.7910/DVN/5IRGBG,2026-09-28
doi:10.7910/DVN/QUIXMK,2026-09-28
doi:10.7910/DVN/O2BK85,2026-09-28
doi:10.7910/DVN/EYVIDZ,2026-09-28
doi:10.7910/DVN/FMZQMR,2026-09-28
doi:10.7910/DVN/Q0WIGS,2026-09-28
doi:10.7910/DVN/VX59QI,2026-09-28
doi:10.7910/DVN/OQWCZE,2026-09-28
doi:10.7910/DVN/WXABMM,2026-09-28
doi:10.7910/DVN/T9IKQT,2026-09-28
doi:10.7910/DVN/RVV3YW,2026-09-28
doi:10.7910/DVN/26651,2026-09-28
doi:10.7910/DVN/5AYBI9,2026-09-28
doi:10.7910/DVN/27496,2026-09-28
doi:10.7910/DVN/28322,2026-09-28
doi:10.7910/DVN/W1QQTP,2026-09-28
doi:10.7910/DVN/26347,2026-09-28
doi:10.7910/DVN/CTRV5Z,2026-09-28
doi:10.7910/DVN/28458,2026-09-28
doi:10.7910/DVN/BZ5BLZ,2026-09-28
doi:10.7910/DVN/EWISS3,2026-09-28
doi:10.7910/DVN/26063,2026-09-28
doi:10.7910/DVN/26530,2026-09-28
doi:10.7910/DVN/TYJUPT,2026-09-28
doi:10.7910/DVN/IQVUAG,2026-09-28
doi:10.7910/DVN/UERKTM,2026-09-28
doi:10.7910/DVN/TJTZT2,2026-09-28
doi:10.7910/DVN/VLS3XL,2026-09-28
doi:10.7910/DVN/JDH6KR,2026-09-28
doi:10.7910/DVN/I42PPJ,2026-09-28
doi:10.7910/DVN/JUCGYS,2026-09-28
doi:10.7910/DVN/Z3KRZZ,2026-09-28
doi:10.7910/DVN/GK9VCH,2026-09-28
doi:10.7910/DVN/BIZFP2,2026-09-28
doi:10.7910/DVN/6CMBEI,2026-09-28
doi:10.7910/DVN/TPARSF,2026-09-28
doi:10.7910/DVN/MBDVCJ,2026-09-28
doi:10.7910/DVN/BSKHUF,2026-09-28
doi:10.7910/DVN/URSNLH,2026-09-28
doi:10.7910/DVN/CJZB8X,2026-09-28
doi:10.7910/DVN/IVPBRF,2026-09-28
doi:10.7910/DVN/FNG2TQ,2026-09-28
doi:10.7910/DVN/VXCUOU,2026-09-28
doi:10.7910/DVN/MQUAPF,2026-09-28
doi:10.7910/DVN/MOXXTL,2026-09-28
doi:10.7910/DVN/B1TZNE,2026-09-28
doi:10.7910/DVN/KY4YAA,2026-09-28
doi:10.7910/DVN/B0NY7Y,2026-09-28
doi:10.7910/DVN/27864,2026-09-28
doi:10.7910/DVN/29362,2026-09-28
doi:10.7910/DVN/HPXGBH,2026-09-28
doi:10.7910/DVN/27809,2026-09-28
doi:10.7910/DVN/DHK2Q6,2026-09-28
doi:10.7910/DVN/DMAENL,2026-09-28
doi:10.7910/DVN/PZC0DM,2026-09-28
doi:10.7910/DVN/6BLQOE,2026-09-28
doi:10.7910/DVN/ORTDUM,2026-09-28
doi:10.7910/DVN/2IT7IF,2026-09-28
doi:10.7910/DVN/FJP8AR,2026-09-28
doi:10.7910/DVN/18O6D8,2026-09-28
doi:10.7910/DVN/OZ0MNZ,2026-09-28
doi:10.7910/DVN/ASSC0Y,2026-09-28
doi:10.7910/DVN/27825,2026-09-28
doi:10.7910/DVN/FAWCGP,2026-09-28
doi:10.7910/DVN/ZIW50K,2026-09-28
doi:10.7910/DVN/9GAUNG,2026-09-28
doi:10.7910/DVN/27765,2026-09-28
doi:10.7910/DVN/AXCVFN,2026-09-28
doi:10.7910/DVN/ODFY54,2026-09-28
doi:10.7910/DVN/27702,2026-09-28
doi:10.7910/DVN/27296,2026-09-28
doi:10.7910/DVN/XW0D8Q,2026-09-28
doi:10.7910/DVN/08RCPK,2026-09-28
doi:10.7910/DVN/VO7WW5,2026-09-28
doi:10.7910/DVN/YT8KWK,2026-09-28
doi:10.7910/DVN/ZT7SIU,2026-09-28
doi:10.7910/DVN/Q8T87R,2026-09-28
doi:10.7910/DVN/ENFMZY,2026-09-28
doi:10.7910/DVN/IVNNBK,2026-09-28
doi:10.7910/DVN/ZVQJA0,2026-09-28
doi:10.7910/DVN/S27ZCY,2026-09-28
doi:10.7910/DVN/FYGY6V,2026-09-28
doi:10.7910/DVN/LOTWYP,2026-09-28
doi:10.7910/DVN/26823,2026-09-28
doi:10.7910/DVN/24896,2026-09-28
doi:10.7910/DVN/WFDNNL,2026-09-28
doi:10.7910/DVN/XSML4R,2026-09-28
doi:10.7910/DVN/WLLMIP,2026-09-28
doi:10.7910/DVN/3JR2YL,2026-09-28
doi:10.7910/DVN/MKC1HA,2026-09-28
doi:10.7910/DVN/S73SLI,2026-09-28
doi:10.7910/DVN/27194,2026-09-28
doi:10.7910/DVN/26707,2026-09-28
doi:10.7910/DVN/26253,2026-09-28
doi:10.7910/DVN/25791,2026-09-28
doi:10.7910/DVN/24129,2026-09-28
doi:10.7910/DVN/25588,2026-09-28
doi:10.7910/DVN/29280,2026-09-28
doi:10.7910/DVN/BKPIEV,2026-09-28
doi:10.7910/DVN/HWC6OA,2026-09-28
doi:10.7910/DVN/UYZMLG,2026-09-28
doi:10.7910/DVN/27333,2026-09-28
doi:10.7910/DVN/PVMZB1,2026-09-28
doi:10.7910/DVN/6HJ5KL,2026-09-28
doi:10.7910/DVN/EISRTA,2026-09-28
doi:10.7910/DVN/N5IF8R,2026-09-28
doi:10.7910/DVN/XYPQUL,2026-09-28
doi:10.7910/DVN/27716,2026-09-28
doi:10.7910/DVN/VPTTOB,2026-09-28
doi:10.7910/DVN/27471,2026-09-28
doi:10.7910/DVN/29707,2026-09-28
doi:10.7910/DVN/27455,2026-09-28
doi:10.7910/DVN/EOLEAY,2026-09-28
doi:10.7910/DVN/29401,2026-09-28
doi:10.7910/DVN/27201,2026-09-28
doi:10.7910/DVN/26498,2026-09-28
doi:10.7910/DVN/27279,2026-09-28
doi:10.7910/DVN/26639,2026-09-28
doi:10.7910/DVN/26546,2026-09-28
doi:10.7910/DVN/27960,2026-09-28
doi:10.7910/DVN/25893,2026-09-28
doi:10.7910/DVN/24640,2026-09-28
doi:10.7910/DVN/22949,2026-09-28
doi:10.7910/DVN/25593,2026-09-28
doi:10.7910/DVN/26681,2026-09-28
doi:10.7910/DVN/25730,2026-09-28
doi:10.7910/DVN/26129,2026-09-28
doi:10.7910/DVN/25543,2026-09-28
doi:10.7910/DVN/27742,2026-09-28
doi:10.7910/DVN/23415,2026-09-28
doi:10.7910/DVN/25300,2026-09-28
doi:10.7910/DVN/23449,2026-09-28
doi:10.7910/DVN/24034,2026-09-28
doi:10.7910/DVN/22808,2026-09-28
doi:10.7910/DVN/B4VBVM,2026-09-28
doi:10.7910/DVN/BPW9KE,2026-09-28
doi:10.7910/DVN/1B9IYE,2026-09-28
doi:10.7910/DVN/4QXBNS,2026-09-28
doi:10.7910/DVN/EVLM9Q,2026-09-28
doi:10.7910/DVN/2M02RK,2026-09-28
doi:10.7910/DVN/YQNMJJ,2026-09-28
doi:10.7910/DVN/6NVTM6,2026-09-28
doi:10.7910/DVN/CB6WOE,2026-09-28
doi:10.7910/DVN/BLASMU,2026-09-28
doi:10.7910/DVN/FGA8TX,2026-09-28
doi:10.7910/DVN/ZTBR0O,2026-09-28
doi:10.7910/DVN/VCG5YF,2026-09-28
doi:10.7910/DVN/ZGVLQG,2026-09-28
doi:10.7910/DVN/1AQ9G3,2026-09-28
doi:10.7910/DVN/2XHVKY,2026-09-28
doi:10.7910/DVN/UWEUI1,2026-09-28
doi:10.7910/DVN/R86PKT,2026-09-28
doi:10.7910/DVN/WH7OG6,2026-09-28
doi:10.7910/DVN/DVEFU7,2026-09-28
doi:10.7910/DVN/0LRIAP,2026-09-28
doi:10.7910/DVN/YG7CMP,2026-09-28
doi:10.7910/DVN/L6HYCL,2026-09-28
doi:10.7910/DVN/S7MH23,2026-09-28
doi:10.7910/DVN/IDZOBQ,2026-09-28
doi:10.7910/DVN/O0ZDEJ,2026-09-28
doi:10.7910/DVN/CTTSDM,2026-09-28
doi:10.7910/DVN/OPHR2N,2026-09-28
doi:10.7910/DVN/KE9WYE,2026-09-28
doi:10.7910/DVN/5EK3YS,2026-09-28
doi:10.7910/DVN/ZD1WS0,2026-09-28
doi:10.7910/DVN/6GPBUE,2026-09-28
doi:10.7910/DVN/MMIE1S,2026-09-28
doi:10.7910/DVN/BP7JRA,2026-09-28
doi:10.7910/DVN/I5Q47X,2026-09-28
doi:10.7910/DVN/MOZX2H,2026-09-28
doi:10.7910/DVN/LUBKUD,2026-09-28
doi:10.7910/DVN/TLKOAK,2026-09-28
doi:10.7910/DVN/DP1VDW,2026-09-28
doi:10.7910/DVN/X2JKHN,2026-09-28
doi:10.7910/DVN/VREUBJ,2026-09-28
doi:10.7910/DVN/NG6HFA,2026-09-28
doi:10.7910/DVN/ACI6QO,2026-09-28
doi:10.7910/DVN/PAFEEL,2026-09-28
doi:10.7910/DVN/JHHTXP,2026-09-28
doi:10.7910/DVN/JFQC4N,2026-09-28
doi:10.7910/DVN/ZNQLTK,2026-09-28
doi:10.7910/DVN/R1AB1Z,2026-09-28
doi:10.7910/DVN/XRMDJR,2026-09-28
doi:10.7910/DVN/FHRRHD,2026-09-28
doi:10.7910/DVN/ZX5UQG,2026-09-28
doi:10.7910/DVN/WL7YRQ,2026-09-28
doi:10.7910/DVN/8M7FUY,2026-09-28
doi:10.7910/DVN/BUDLZG,2026-09-28
doi:10.7910/DVN/CP6OZY,2026-09-28
doi:10.7910/DVN/RG0OCG,2026-09-28
doi:10.7910/DVN/KQGW3M,2026-09-28
doi:10.7910/DVN/K8DHHC,2026-09-28
doi:10.7910/DVN/VVBQKF,2026-09-28
doi:10.7910/DVN/L7PPCQ,2026-09-28
doi:10.7910/DVN/DUQRM8,2026-09-28
doi:10.7910/DVN/LRCI6E,2026-09-28
doi:10.7910/DVN/YXBXBB,2026-09-28
doi:10.7910/DVN/UIJRGM,2026-09-28
doi:10.7910/DVN/D4KGSG,2026-09-28
doi:10.7910/DVN/M0TQA1,2026-09-28
doi:10.7910/DVN/S3NRQL,2026-09-28
doi:10.7910/DVN/PRRXMM,2026-09-28
doi:10.7910/DVN/KW5KG1,2026-09-28
doi:10.7910/DVN/IEM6DL,2026-09-28
doi:10.7910/DVN/VAFGTO,2026-09-28
doi:10.7910/DVN/QW3D57,2026-09-28
doi:10.7910/DVN/ZAIGIN,2026-09-28
doi:10.7910/DVN/D6IBFJ,2026-09-28
doi:10.7910/DVN/5DCRCP,2026-09-28
doi:10.7910/DVN/Q4DMKK,2026-09-28
doi:10.7910/DVN/4DE06H,2026-09-28
doi:10.7910/DVN/13P4YD,2026-09-28
doi:10.7910/DVN/GNSPU8,2026-09-28
doi:10.7910/DVN/LBJOAN,2026-09-28
doi:10.7910/DVN/QHCTDX,2026-09-28
doi:10.7910/DVN/2AISQ9,2026-09-28
doi:10.7910/DVN/IECK9V,2026-09-28
doi:10.7910/DVN/SCXPHI,2026-09-28
doi:10.7910/DVN/UMWLMB,2026-09-28
doi:10.7910/DVN/4G5BSV,2026-09-28
doi:10.7910/DVN/XKPEAN,2026-09-28
doi:10.7910/DVN/PYZXLF,2026-09-28
doi:10.7910/DVN/ANNXHW,2026-09-28
doi:10.7910/DVN/M0PKZE,2026-09-28
doi:10.7910/DVN/DYWBRH,2026-09-28
doi:10.7910/DVN/IVKRZY,2026-09-28
doi:10.7910/DVN/PGMX3H,2026-09-28
doi:10.7910/DVN/RAHUFD,2026-09-28
doi:10.7910/DVN/F3IZUF,2026-09-28
doi:10.7910/DVN/KOIKBJ,2026-09-28
doi:10.7910/DVN/5JH0WJ,2026-09-28
doi:10.7910/DVN/ITLVMH,2026-09-28
doi:10.7910/DVN/KPAXSZ,2026-09-28
doi:10.7910/DVN/SYH7UN,2026-09-28
doi:10.7910/DVN/8NGKDS,2026-09-28
doi:10.7910/DVN/ADYQWK,2026-09-28
doi:10.7910/DVN/OMDQI9,2026-09-28
doi:10.7910/DVN/P5HVGW,2026-09-28
doi:10.7910/DVN/5XM0XM,2026-09-28
doi:10.7910/DVN/OWGEAR,2026-09-28
doi:10.7910/DVN/QTUFUW,2026-09-28
doi:10.7910/DVN/8OVAL6,2026-09-28
doi:10.7910/DVN/ZZIQBB,2026-09-28
doi:10.7910/DVN/ULXRHT,2026-09-28
doi:10.7910/DVN/FRPRDP,2026-09-28
doi:10.7910/DVN/YR4EQH,2026-09-28
doi:10.7910/DVN/IGIJGG,2026-09-28
doi:10.7910/DVN/KOVT5Y,2026-09-28
doi:10.7910/DVN/XC4E1I,2026-09-28
doi:10.7910/DVN/JXOB6N,2026-09-28
doi:10.7910/DVN/YSVMS2,2026-09-28
doi:10.7910/DVN/LVFRCL,2026-09-28
doi:10.7910/DVN/SWFNQE,2026-09-28
doi:10.7910/DVN/CWFTZX,2026-09-28
doi:10.7910/DVN/LU8IDT,2026-09-28
doi:10.7910/DVN/AE2FHZ,2026-09-28
doi:10.7910/DVN/GKPMOG,2026-09-28
doi:10.7910/DVN/SQ0UM2,2026-09-28
doi:10.7910/DVN/EUC80S,2026-09-28
doi:10.7910/DVN/RIRAGN,2026-09-28
doi:10.7910/DVN/ES6FJO,2026-09-28
doi:10.7910/DVN/GTIOIU,2026-09-28
doi:10.7910/DVN/VYBJRM,2026-09-28
doi:10.7910/DVN/EBM4G6,2026-09-28
doi:10.7910/DVN/NTR9MZ,2026-09-28
doi:10.7910/DVN/C1GTRV,2026-09-28
doi:10.7910/DVN/3ISXG0,2026-09-28
doi:10.7910/DVN/GHXJYL,2026-09-28
doi:10.7910/DVN/O9PUSY,2026-09-28
doi:10.7910/DVN/VL6E3Q,2026-09-28
doi:10.7910/DVN/K1WVVI,2026-09-28
doi:10.7910/DVN/JBYLAS,2026-09-28
doi:10.7910/DVN/J06MRI,2026-09-28
doi:10.7910/DVN/7NKVIN,2026-09-28
doi:10.7910/DVN/1CPTJ7,2026-09-28
doi:10.7910/DVN/FEF0QF,2026-09-28
doi:10.7910/DVN/WMTS5H,2026-09-28
doi:10.7910/DVN/TMMQ8P,2026-09-28
doi:10.7910/DVN/UQ2ZQS,2026-09-28
doi:10.7910/DVN/G2KIZY,2026-09-28
doi:10.7910/DVN/6JTSAF,2026-09-28
doi:10.7910/DVN/BFRBXF,2026-09-28
doi:10.7910/DVN/CFOXPW,2026-09-28
doi:10.7910/DVN/SAKWCX,2026-09-28
doi:10.7910/DVN/QDWLRB,2026-09-28
doi:10.7910/DVN/WJL3R9,2026-09-28
doi:10.7910/DVN/USKLU0,2026-09-28
doi:10.7910/DVN/7A839K,2026-09-28
doi:10.7910/DVN/GMJTHI,2026-09-28
doi:10.7910/DVN/JQAUQE,2026-09-28
doi:10.7910/DVN/0MWXKD,2026-09-28
doi:10.7910/DVN/VSPUCM,2026-09-28
doi:10.7910/DVN/ZQ3EER,2026-09-28
doi:10.7910/DVN/OF98YH,2026-09-28
doi:10.7910/DVN/MIQFMZ,2026-09-28
doi:10.7910/DVN/9DKDEK,2026-09-28
doi:10.7910/DVN/HUWOQN,2026-09-28
doi:10.7910/DVN/ZOVC2G,2026-09-28
doi:10.7910/DVN/WDPZ95,2026-09-28
doi:10.7910/DVN/H3UOKG,2026-09-28
doi:10.7910/DVN/GDXDRT,2026-09-28
doi:10.7910/DVN/AAH5VU,2026-09-28
doi:10.7910/DVN/BM6ZEP,2026-09-28
doi:10.7910/DVN/FIINC8,2026-09-28
doi:10.7910/DVN/9CHARA,2026-09-28
doi:10.7910/DVN/VULC7M,2026-09-28
doi:10.7910/DVN/AIPA0V,2026-09-28
doi:10.7910/DVN/BQGIQR,2026-09-28
doi:10.7910/DVN/IES0FO,2026-09-28
doi:10.7910/DVN/1TACQD,2026-09-28
doi:10.7910/DVN/HNA4FP,2026-09-28
doi:10.7910/DVN/9C1RYK,2026-09-28
doi:10.7910/DVN/Q1VSUZ,2026-09-28
doi:10.7910/DVN/YQ5KAH,2026-09-28
doi:10.7910/DVN/IWTHDK,2026-09-28
doi:10.7910/DVN/OYXFOE,2026-09-28
doi:10.7910/DVN/G65R6V,2026-09-28
doi:10.7910/DVN/ENRGUM,2026-09-28
doi:10.7910/DVN/ZEKIQN,2026-09-28
doi:10.7910/DVN/NDGZ8G,2026-09-28
doi:10.7910/DVN/DBFLYD,2026-09-28
doi:10.7910/DVN/PQV2BY,2026-09-28
doi:10.7910/DVN/914AN0,2026-09-28
doi:10.7910/DVN/OX6G1A,2026-09-28
doi:10.7910/DVN/WYYEWK,2026-09-28
doi:10.7910/DVN/TBAFE2,2026-09-28
doi:10.7910/DVN/AMEPS5,2026-09-28
doi:10.7910/DVN/4TY4EB,2026-09-28
doi:10.7910/DVN/IVK3AG,2026-09-28
doi:10.7910/DVN/VL0FGG,2026-09-28
doi:10.7910/DVN/OFZSOI,2026-09-28
doi:10.7910/DVN/JNGZAH,2026-09-28
doi:10.7910/DVN/4L6DQW,2026-09-28
doi:10.7910/DVN/M05G5H,2026-09-28
doi:10.7910/DVN/QKU5K2,2026-09-28
doi:10.7910/DVN/JDKA3W,2026-09-28
doi:10.7910/DVN/EVKPL3,2026-09-28
doi:10.7910/DVN/KT7BWM,2026-09-28
doi:10.7910/DVN/LEQJEQ,2026-09-28
doi:10.7910/DVN/ALRWOJ,2026-09-28
doi:10.7910/DVN/2ZXF9E,2026-09-28
doi:10.7910/DVN/M3ZPRD,2026-09-28
doi:10.7910/DVN/GZW94R,2026-09-28
doi:10.7910/DVN/MVVF5X,2026-09-28
doi:10.7910/DVN/LV9DYB,2026-09-28
doi:10.7910/DVN/5V9F4K,2026-09-28
doi:10.7910/DVN/GSVW3C,2026-09-28
doi:10.7910/DVN/ENO2J6,2026-09-28
doi:10.7910/DVN/9XV0B7,2026-09-28
doi:10.7910/DVN/1OAEWL,2026-09-28
doi:10.7910/DVN/RAX3SG,2026-09-28
doi:10.7910/DVN/2RO42Z,2026-09-28
doi:10.7910/DVN/KHXMM6,2026-09-28
doi:10.7910/DVN/JRYGFP,2026-09-28
doi:10.7910/DVN/W0FHQX,2026-09-28
doi:10.7910/DVN/MQXIM5,2026-09-28
doi:10.7910/DVN/NA5VF4,2026-09-28
doi:10.7910/DVN/04QUNY,2026-09-28
doi:10.7910/DVN/S0ILRB,2026-09-28
doi:10.7910/DVN/BFG5FD,2026-09-28
doi:10.7910/DVN/2TC5TK,2026-09-28
doi:10.7910/DVN/TT0SJZ,2026-09-28
doi:10.7910/DVN/PJGT3R,2026-09-28
doi:10.7910/DVN/HC97ST,2026-09-28
doi:10.7910/DVN/HWVUER,2026-09-28
doi:10.7910/DVN/DI0COW,2026-09-28
doi:10.7910/DVN/D012BP,2026-09-28
doi:10.7910/DVN/KDPR4Q,2026-09-28
doi:10.7910/DVN/MHTLOT,2026-09-28
doi:10.7910/DVN/F07GBK,2026-09-28
doi:10.7910/DVN/DEPUUO,2026-09-28
doi:10.7910/DVN/CSVSUJ,2026-09-28
doi:10.7910/DVN/AGWJQJ,2026-09-28
doi:10.7910/DVN/MPD3OI,2026-09-28
doi:10.7910/DVN/DPCTEF,2026-09-28
doi:10.7910/DVN/CHUAEX,2026-09-28
doi:10.7910/DVN/HCMQTF,2026-09-28
doi:10.7910/DVN/2UOU0S,2026-09-28
doi:10.7910/DVN/ELGZUC,2026-09-28
doi:10.7910/DVN/N8GBLF,2026-09-28
doi:10.7910/DVN/U4NUKT,2026-09-28
doi:10.7910/DVN/5QJ0LE,2026-09-28
doi:10.7910/DVN/KYCG3P,2026-09-28
doi:10.7910/DVN/T8PTVY,2026-09-28
doi:10.7910/DVN/EUPNXJ,2026-09-28
doi:10.7910/DVN/VQJX43,2026-09-28
doi:10.7910/DVN/GHE0MU,2026-09-28
doi:10.7910/DVN/MJQERC,2026-09-28
doi:10.7910/DVN/O8SMJF,2026-09-28
doi:10.7910/DVN/YNY90H,2026-09-28
doi:10.7910/DVN/ZFUNVN,2026-09-28
doi:10.7910/DVN/RW6UWW,2026-09-28
doi:10.7910/DVN/CE35RS,2026-09-28
doi:10.7910/DVN/P7TBKQ,2026-09-28
doi:10.7910/DVN/JHOGNX,2026-09-28
doi:10.7910/DVN/0VOR71,2026-09-28
doi:10.7910/DVN/RZ1JVJ,2026-09-28
doi:10.7910/DVN/T2W8VV,2026-09-28
doi:10.7910/DVN/JVKQLC,2026-09-28
doi:10.7910/DVN/3DNBNQ,2026-09-28
doi:10.7910/DVN/RREGA1,2026-09-28
doi:10.7910/DVN/OB6FHX,2026-09-28
doi:10.7910/DVN/YQ40LH,2026-09-28
doi:10.7910/DVN/QSJXLL,2026-09-28
doi:10.7910/DVN/BI4FJW,2026-09-28
doi:10.7910/DVN/TVMFQT,2026-09-28
doi:10.7910/DVN/VYRKRB,2026-09-28
doi:10.7910/DVN/YNVYO2,2026-09-28
doi:10.7910/DVN/UJZY4C,2026-09-28
doi:10.7910/DVN/SIEH2Y,2026-09-28
doi:10.7910/DVN/BRV0WN,2026-09-28
doi:10.7910/DVN/ZTWOYY,2026-09-28
doi:10.7910/DVN/PHUSUM,2026-09-28
doi:10.7910/DVN/SVMFIQ,2026-09-28
doi:10.7910/DVN/5MP5RJ,2026-09-28
doi:10.7910/DVN/QLG842,2026-09-28
doi:10.7910/DVN/THNBPD,2026-09-28
doi:10.7910/DVN/0JFJ5V,2026-09-28
doi:10.7910/DVN/TYX3UE,2026-09-28
doi:10.7910/DVN/MK2OIT,2026-09-28
doi:10.7910/DVN/HT5VY5,2026-09-28
doi:10.7910/DVN/SJ4IMB,2026-09-28
doi:10.7910/DVN/G1WYLY,2026-09-28
doi:10.7910/DVN/H6AEVV,2026-09-28
doi:10.7910/DVN/WEYEUM,2026-09-28
doi:10.7910/DVN/1GGBBK,2026-09-28
doi:10.7910/DVN/1NTFKO,2026-09-28
doi:10.7910/DVN/U6ZBWT,2026-09-28
doi:10.7910/DVN/GAAKFB,2026-09-28
doi:10.7910/DVN/J0PGNY,2026-09-28
doi:10.7910/DVN/XJP8WL,2026-09-28
doi:10.7910/DVN/1IHXRB,2026-09-28
doi:10.7910/DVN/SRXJLN,2026-09-28
doi:10.7910/DVN/5DX7DP,2026-09-28
doi:10.7910/DVN/EI1JMG,2026-09-28
doi:10.7910/DVN/J7O3EM,2026-09-28
doi:10.7910/DVN/VJTPJK,2026-09-28
doi:10.7910/DVN/LRP3SZ,2026-09-28
doi:10.7910/DVN/GBATE9,2026-09-28
doi:10.7910/DVN/XJ1UQK,2026-09-28
doi:10.7910/DVN/SYJZNG,2026-09-28
doi:10.7910/DVN/98FIZD,2026-09-28
doi:10.7910/DVN/XLYTC7,2026-09-28
doi:10.7910/DVN/T7PXKJ,2026-09-28
doi:10.7910/DVN/EFA6HG,2026-09-28
doi:10.7910/DVN/SZA9LU,2026-09-28
doi:10.7910/DVN/9HLR8B,2026-09-28
doi:10.7910/DVN/KPRL5U,2026-09-28
doi:10.7910/DVN/26HDEO,2026-09-28
doi:10.7910/DVN/J4WZGT,2026-09-28
doi:10.7910/DVN/7BLIA3,2026-09-28
doi:10.7910/DVN/5PEDGW,2026-09-28
doi:10.7910/DVN/HJ9SWF,2026-09-28
doi:10.7910/DVN/AUNLOB,2026-09-28
doi:10.7910/DVN/AD8CKP,2026-09-28
doi:10.7910/DVN/U3ZQYY,2026-09-28
doi:10.7910/DVN/YCSFSC,2026-09-28
doi:10.7910/DVN/SY0FXF,2026-09-28
doi:10.7910/DVN/3GQTYA,2026-09-28
doi:10.7910/DVN/FSNEZY,2026-09-28
doi:10.7910/DVN/PDM9UH,2026-09-28
doi:10.7910/DVN/8EHQWP,2026-09-28
doi:10.7910/DVN/WOED4N,2026-09-28
doi:10.7910/DVN/KYBEM4,2026-09-28
doi:10.7910/DVN/JXGZKX,2026-09-28
doi:10.7910/DVN/W03YWD,2026-09-28
doi:10.7910/DVN/3LEWIE,2026-09-28
doi:10.7910/DVN/WOKBPF,2026-09-28
doi:10.7910/DVN/FD8O8W,2026-09-28
doi:10.7910/DVN/S3K4RH,2026-09-28
doi:10.7910/DVN/ZGM9HF,2026-09-28
doi:10.7910/DVN/J1WQHI,2026-09-28
doi:10.7910/DVN/T8QOSM,2026-09-28
doi:10.7910/DVN/4IN8RF,2026-09-28
doi:10.7910/DVN/GPIKDA,2026-09-28
doi:10.7910/DVN/CS7USS,2026-09-28
doi:10.7910/DVN/Q19BPN,2026-09-28
doi:10.7910/DVN/9KA5CP,2026-09-28
doi:10.7910/DVN/UXJQ2S,2026-09-28
doi:10.7910/DVN/MCPYJX,2026-09-28
doi:10.7910/DVN/OU5I67,2026-09-28
doi:10.7910/DVN/O8CNFZ,2026-09-28
doi:10.7910/DVN/FJKVJM,2026-09-28
doi:10.7910/DVN/QVEIR7,2026-09-28
doi:10.7910/DVN/KVATLY,2026-09-28
doi:10.7910/DVN/JDIUX0,2026-09-28
doi:10.7910/DVN/M3YRVZ,2026-09-28
doi:10.7910/DVN/3YSNHL,2026-09-28
doi:10.7910/DVN/3VSUQV,2026-09-28
doi:10.7910/DVN/DSKC6I,2026-09-28
doi:10.7910/DVN/OVWLIV,2026-09-28
doi:10.7910/DVN/9R7AMJ,2026-09-28
doi:10.7910/DVN/OASFBM,2026-09-28
doi:10.7910/DVN/Z40EVZ,2026-09-28
doi:10.7910/DVN/DMV0G1,2026-09-28
doi:10.7910/DVN/9XZXYV,2026-09-28
doi:10.7910/DVN/V9CFU8,2026-09-28
doi:10.7910/DVN/J4XQOR,2026-09-28
doi:10.7910/DVN/6GRHDT,2026-09-28
doi:10.7910/DVN/QRMLL9,2026-09-28
doi:10.7910/DVN/MVBXQR,2026-09-28
doi:10.7910/DVN/P66D1S,2026-09-28
doi:10.7910/DVN/DCQPP1,2026-09-28
doi:10.7910/DVN/UBOMUH,2026-09-28
doi:10.7910/DVN/JEPWAB,2026-09-28
doi:10.7910/DVN/GZIEPS,2026-09-28
doi:10.7910/DVN/4TQRFY,2026-09-28
doi:10.7910/DVN/MOJT6W,2026-09-28
doi:10.7910/DVN/Y5FTPZ,2026-09-28
doi:10.7910/DVN/WQZYDZ,2026-09-28
doi:10.7910/DVN/YMN32F,2026-09-28
doi:10.7910/DVN/YVXPW7,2026-09-28
doi:10.7910/DVN/5DSQGO,2026-09-28
doi:10.7910/DVN/MVIRXN,2026-09-28
doi:10.7910/DVN/GHAVUC,2026-09-28
doi:10.7910/DVN/2DCTJW,2026-09-28
doi:10.7910/DVN/ADIJN6,2026-09-28
doi:10.7910/DVN/6GBD8R,2026-09-28
doi:10.7910/DVN/EPHBGW,2026-09-28
doi:10.7910/DVN/KLSYV3,2026-09-28
doi:10.7910/DVN/SERRLG,2026-09-28
doi:10.7910/DVN/RLCUVJ,2026-09-28
doi:10.7910/DVN/NQ7I8Y,2026-09-28
doi:10.7910/DVN/GQWNBB,2026-09-28
doi:10.7910/DVN/T5ZQP5,2026-09-28
doi:10.7910/DVN/G6MCIB,2026-09-28
doi:10.7910/DVN/AWDT1F,2026-09-28
doi:10.7910/DVN/QE9VWN,2026-09-28
doi:10.7910/DVN/SCDZIF,2026-09-28
doi:10.7910/DVN/YLMULM,2026-09-28
doi:10.7910/DVN/NXGDM5,2026-09-28
doi:10.7910/DVN/FMX3QP,2026-09-28
doi:10.7910/DVN/KDWRKH,2026-09-28
doi:10.7910/DVN/VVXUJE,2026-09-28
doi:10.7910/DVN/JPE6HG,2026-09-28
doi:10.7910/DVN/1K8HG2,2026-09-28
doi:10.7910/DVN/GGGNUE,2026-09-28
doi:10.7910/DVN/N11IAT,2026-09-28
doi:10.7910/DVN/PXQQD5,2026-09-28
doi:10.7910/DVN/URAI8F,2026-09-28
doi:10.7910/DVN/DM31YK,2026-09-28
doi:10.7910/DVN/TNBYGX,2026-09-28
doi:10.7910/DVN/ASAUVZ,2026-09-28
doi:10.7910/DVN/LTTBK3,2026-09-28
doi:10.7910/DVN/24AX1V,2026-09-28
doi:10.7910/DVN/DFQ4F7,2026-09-28
doi:10.7910/DVN/Z58QS4,2026-09-28
doi:10.7910/DVN/RB08VT,2026-09-28
doi:10.7910/DVN/JRX8YC,2026-09-28
doi:10.7910/DVN/HTAPIS,2026-09-28
doi:10.7910/DVN/5ECNKB,2026-09-28
doi:10.7910/DVN/HCYFCL,2026-09-28
doi:10.7910/DVN/L3DCUD,2026-09-28
doi:10.7910/DVN/SKYD91,2026-09-28
doi:10.7910/DVN/I2MVEH,2026-09-28
doi:10.7910/DVN/TYFS35,2026-09-28
doi:10.7910/DVN/CJAETN,2026-09-28
doi:10.7910/DVN/TSNYNF,2026-09-28
doi:10.7910/DVN/IWOJFJ,2026-09-28
doi:10.7910/DVN/VEVFUM,2026-09-28
doi:10.7910/DVN/LLKXTB,2026-09-28
doi:10.7910/DVN/KBL4YO,2026-09-28
doi:10.7910/DVN/IAYOVY,2026-09-28
doi:10.7910/DVN/Z8CNXV,2026-09-28
doi:10.7910/DVN/DN2VXH,2026-09-28
doi:10.7910/DVN/AEBVGD,2026-09-28
doi:10.7910/DVN/VH19YR,2026-09-28
doi:10.7910/DVN/CARWJP,2026-09-28
doi:10.7910/DVN/BFPQXD,2026-09-28
doi:10.7910/DVN/UNIN1R,2026-09-28
doi:10.7910/DVN/UXNLUG,2026-09-28
doi:10.7910/DVN/5H0JLU,2026-09-28
doi:10.7910/DVN/JKAELR,2026-09-28
doi:10.7910/DVN/UK4ILG,2026-09-28
doi:10.7910/DVN/16Y3K1,2026-09-28
doi:10.7910/DVN/NWUUEY,2026-09-28
doi:10.7910/DVN/MICTPE,2026-09-28
doi:10.7910/DVN/EIBIW7,2026-09-28
doi:10.7910/DVN/QYGPDJ,2026-09-28
doi:10.7910/DVN/YRD5DF,2026-09-28
doi:10.7910/DVN/6WGMNJ,2026-09-28
doi:10.7910/DVN/F1ZEXZ,2026-09-28
doi:10.7910/DVN/MCKP4L,2026-09-28
doi:10.7910/DVN/GOWICK,2026-09-28
doi:10.7910/DVN/KUF6CH,2026-09-28
doi:10.7910/DVN/DQ0W5I,2026-09-28
doi:10.7910/DVN/P8KSED,2026-09-28
doi:10.7910/DVN/P7SHJ5,2026-09-28
doi:10.7910/DVN/3Z4MQL,2026-09-28
doi:10.7910/DVN/MNVZUN,2026-09-28
doi:10.7910/DVN/XXUAQ2,2026-09-28
doi:10.7910/DVN/HQ9GPM,2026-09-28
doi:10.7910/DVN/87YG4K,2026-09-28
doi:10.7910/DVN/H6UK7R,2026-09-28
doi:10.7910/DVN/BINUYG,2026-09-28
doi:10.7910/DVN/8UBHAP,2026-09-28
doi:10.7910/DVN/ZDILYS,2026-09-28
doi:10.7910/DVN/NT2MDD,2026-09-28
doi:10.7910/DVN/H6KD6R,2026-09-28
doi:10.7910/DVN/EJD0DH,2026-09-28
doi:10.7910/DVN/DUQTTG,2026-09-28
doi:10.7910/DVN/4T6LN6,2026-09-28
doi:10.7910/DVN/TJRLRZ,2026-09-28
doi:10.7910/DVN/IWM0A6,2026-09-28
doi:10.7910/DVN/VE010T,2026-09-28
doi:10.7910/DVN/I8F46R,2026-09-28
doi:10.7910/DVN/DLJ33W,2026-09-28
doi:10.7910/DVN/SKQZ5X,2026-09-28
doi:10.7910/DVN/IWSSNH,2026-09-28
doi:10.7910/DVN/RS0ICV,2026-09-28
doi:10.7910/DVN/MJCQLX,2026-09-28
doi:10.7910/DVN/UBCUAQ,2026-09-28
doi:10.7910/DVN/MMUYBO,2026-09-28
doi:10.7910/DVN/PXAPMY,2026-09-28
doi:10.7910/DVN/Y0VSLQ,2026-09-28
doi:10.7910/DVN/VUET99,2026-09-28
doi:10.7910/DVN/J7X1TC,2026-09-28
doi:10.7910/DVN/8UPNEC,2026-09-28
doi:10.7910/DVN/IELRFR,2026-09-28
doi:10.7910/DVN/B1FEY0,2026-09-28
doi:10.7910/DVN/OVOJCU,2026-09-28
doi:10.7910/DVN/CKP2NI,2026-09-28
doi:10.7910/DVN/YDMJGY,2026-09-28
doi:10.7910/DVN/HS4LN8,2026-09-28
doi:10.7910/DVN/WHSBC9,2026-09-28
doi:10.7910/DVN/X5HKXM,2026-09-28
doi:10.7910/DVN/NAN9KR,2026-09-28
doi:10.7910/DVN/K60W5D,2026-09-28
doi:10.7910/DVN/MMTCPM,2026-09-28
doi:10.7910/DVN/NGJUPE,2026-09-28
doi:10.7910/DVN/U2DEKY,2026-09-28
doi:10.7910/DVN/N1SWT1,2026-09-28
doi:10.7910/DVN/PVJZM7,2026-09-28
doi:10.7910/DVN/NUMV0I,2026-09-28
doi:10.7910/DVN/1PGBFC,2026-09-28
doi:10.7910/DVN/YVLJJ5,2026-09-28
doi:10.7910/DVN/NDPIPW,2026-09-28
doi:10.7910/DVN/JLMQMY,2026-09-28
doi:10.7910/DVN/3T6IHL,2026-09-28
doi:10.7910/DVN/1AHCCE,2026-09-28
doi:10.7910/DVN/52GFWC,2026-09-28
doi:10.7910/DVN/DAUJUF,2026-09-28
doi:10.7910/DVN/HPGB5W,2026-09-28
doi:10.7910/DVN/YMCDBG,2026-09-28
doi:10.7910/DVN/XDBNWJ,2026-09-28
doi:10.7910/DVN/2BYUSH,2026-09-28
doi:10.7910/DVN/GK2YXJ,2026-09-28
doi:10.7910/DVN/6KHICW,2026-09-28
doi:10.7910/DVN/ZWUFAZ,2026-09-28
doi:10.7910/DVN/XDQZVY,2026-09-28
doi:10.7910/DVN/BQZSGW,2026-09-28
doi:10.7910/DVN/9QPZ43,2026-09-28
doi:10.7910/DVN/HHFTOT,2026-09-28
doi:10.7910/DVN/PJULHF,2026-09-28
doi:10.7910/DVN/Z5ZGNF,2026-09-28
doi:10.7910/DVN/MU6TUI,2026-09-28
doi:10.7910/DVN/7PAAA3,2026-09-28
doi:10.7910/DVN/E2SVYK,2026-09-28
doi:10.7910/DVN/0EGY63,2026-09-28
doi:10.7910/DVN/OQFHMS,2026-09-28
doi:10.7910/DVN/N9LJHJ,2026-09-28
doi:10.7910/DVN/K6TKBQ,2026-09-28
doi:10.7910/DVN/PECK1K,2026-09-28
doi:10.7910/DVN/HIOJED,2026-09-28
doi:10.7910/DVN/MU3WY4,2026-09-28
doi:10.7910/DVN/2M3EPD,2026-09-28
doi:10.7910/DVN/KNFKME,2026-09-28
doi:10.7910/DVN/TKYWBH,2026-09-28
doi:10.7910/DVN/3ZVRIQ,2026-09-28
doi:10.7910/DVN/RWOGUX,2026-09-28
doi:10.7910/DVN/PAJYGM,2026-09-28
doi:10.7910/DVN/3KKGGB,2026-09-28
doi:10.7910/DVN/3FFVI5,2026-09-28
doi:10.7910/DVN/OLNJSY,2026-09-28
doi:10.7910/DVN/WNMKRG,2026-09-28
doi:10.7910/DVN/PMICO2,2026-09-28
doi:10.7910/DVN/FQEQVL,2026-09-28
doi:10.7910/DVN/Z0LDEI,2026-09-28
doi:10.7910/DVN/MATY7H,2026-09-28
doi:10.7910/DVN/Q2TULK,2026-09-28
doi:10.7910/DVN/9QSLVV,2026-09-28
doi:10.7910/DVN/PJS3D0,2026-09-28
doi:10.7910/DVN/8HNPNA,2026-09-28
doi:10.7910/DVN/XVGPKM,2026-09-28
doi:10.7910/DVN/NGUEMV,2026-09-28
doi:10.7910/DVN/ODPYMD,2026-09-28
doi:10.7910/DVN/QNHR2D,2026-09-28
doi:10.7910/DVN/VKULP9,2026-09-28
doi:10.7910/DVN/G1JQQ9,2026-09-28
doi:10.7910/DVN/IJQ8PC,2026-09-28
doi:10.7910/DVN/06W9VL,2026-09-28
doi:10.7910/DVN/UKG3RS,2026-09-28
doi:10.7910/DVN/Y5A24M,2026-09-28
doi:10.7910/DVN/X7NZC9,2026-09-28
doi:10.7910/DVN/ICTZ1A,2026-09-28
doi:10.7910/DVN/WEYZR3,2026-09-28
doi:10.7910/DVN/KVYSPT,2026-09-28
doi:10.7910/DVN/7PFGFS,2026-09-28
doi:10.7910/DVN/ZZZSOR,2026-09-28
doi:10.7910/DVN/IAAMDZ,2026-09-28
doi:10.7910/DVN/17FKNV,2026-09-28
doi:10.7910/DVN/9GHSHP,2026-09-28
doi:10.7910/DVN/VQWDIE,2026-09-28
doi:10.7910/DVN/ZD6LKN,2026-09-28
doi:10.7910/DVN/7FGEV8,2026-09-28
doi:10.7910/DVN/VKWZNN,2026-09-28
doi:10.7910/DVN/8XWQPU,2026-09-28
doi:10.7910/DVN/RNDPSQ,2026-09-28
doi:10.7910/DVN/5MBREF,2026-09-28
doi:10.7910/DVN/LUAYU5,2026-09-28
doi:10.7910/DVN/A5V1RF,2026-09-28
doi:10.7910/DVN/U6DX5B,2026-09-28
doi:10.7910/DVN/2MDO9U,2026-09-28
doi:10.7910/DVN/KGZFZH,2026-09-28
doi:10.7910/DVN/MWGOAV,2026-09-28
doi:10.7910/DVN/GKNDMN,2026-09-28
doi:10.7910/DVN/0ZPJNK,2026-09-28
doi:10.7910/DVN/QCWXD8,2026-09-28
doi:10.7910/DVN/D17RVD,2026-09-28
doi:10.7910/DVN/EASYOE,2026-09-28
doi:10.7910/DVN/A4LII3,2026-09-28
doi:10.7910/DVN/KDPJUC,2026-09-28
doi:10.7910/DVN/ISL3JV,2026-09-28
doi:10.7910/DVN/6CWQNQ,2026-09-28
doi:10.7910/DVN/PRJNG9,2026-09-28
doi:10.7910/DVN/DCLRIT,2026-09-28
doi:10.7910/DVN/SXN5J6,2026-09-28
doi:10.7910/DVN/FSJFKY,2026-09-28
doi:10.7910/DVN/LVK5M9,2026-09-28
doi:10.7910/DVN/BUOKNI,2026-09-28
doi:10.7910/DVN/8PVLQM,2026-09-28
doi:10.7910/DVN/T9ZRHO,2026-09-28
doi:10.7910/DVN/JV5OPA,2026-09-28
doi:10.7910/DVN/H3PQEX,2026-09-28
doi:10.7910/DVN/2JKA7I,2026-09-28
doi:10.7910/DVN/H39FCV,2026-09-28
doi:10.7910/DVN/YSAKX8,2026-09-28
doi:10.7910/DVN/M8INWW,2026-09-28
doi:10.7910/DVN/BEKPWV,2026-09-28
doi:10.7910/DVN/P8VP8L,2026-09-28
doi:10.7910/DVN/CBNJB2,2026-09-28
doi:10.7910/DVN/7PJPJ9,2026-09-28
doi:10.7910/DVN/IIQEEM,2026-09-28
doi:10.7910/DVN/L80DZI,2026-09-28
doi:10.7910/DVN/XT6RCE,2026-09-28
doi:10.7910/DVN/1M5XOJ,2026-09-28
doi:10.7910/DVN/S0VCUQ,2026-09-28
doi:10.7910/DVN/XINDPB,2026-09-28
doi:10.7910/DVN/2NNBF9,2026-09-28
doi:10.7910/DVN/EL7MH0,2026-09-28
doi:10.7910/DVN/KBSJOZ,2026-09-28
doi:10.7910/DVN/P4EYHH,2026-09-28
doi:10.7910/DVN/BHNDHH,2026-09-28
doi:10.7910/DVN/20YVPN,2026-09-28
doi:10.7910/DVN/YOBC8Z,2026-09-28
doi:10.7910/DVN/JJVUNZ,2026-09-28
doi:10.7910/DVN/D6OQUK,2026-09-28
doi:10.7910/DVN/0S5YSH,2026-09-28
doi:10.7910/DVN/GCPM1D,2026-09-28
doi:10.7910/DVN/LIMPMU,2026-09-28
doi:10.7910/DVN/VHV4CO,2026-09-28
doi:10.7910/DVN/XYJXU5,2026-09-28
doi:10.7910/DVN/WC7URM,2026-09-28
doi:10.7910/DVN/PQSW5S,2026-09-28
doi:10.7910/DVN/VXDQKV,2026-09-28
doi:10.7910/DVN/VBNPJS,2026-09-28
doi:10.7910/DVN/PNI3YB,2026-09-28
doi:10.7910/DVN/1WBFGH,2026-09-28
doi:10.7910/DVN/DMBKBJ,2026-09-28
doi:10.7910/DVN/1CBIQW,2026-09-28
doi:10.7910/DVN/TDTZHE,2026-09-28
doi:10.7910/DVN/WQA7TS,2026-09-28
doi:10.7910/DVN/XFQZI2,2026-09-28
doi:10.7910/DVN/LSAYBS,2026-09-28
doi:10.7910/DVN/RGIMXH,2026-09-28
doi:10.7910/DVN/Q0N8Y0,2026-09-28
doi:10.7910/DVN/OBRR7O,2026-09-28
doi:10.7910/DVN/JLAWY2,2026-09-28
doi:10.7910/DVN/RKMJNR,2026-09-28
doi:10.7910/DVN/8EWBO9,2026-09-28
doi:10.7910/DVN/TK9JNU,2026-09-28
doi:10.7910/DVN/YNA0IL,2026-09-28
doi:10.7910/DVN/74JESF,2026-09-28
doi:10.7910/DVN/E9O8QK,2026-09-28
doi:10.7910/DVN/SVSLO2,2026-09-28
doi:10.7910/DVN/BBXQIT,2026-09-28
doi:10.7910/DVN/H9XFYR,2026-09-28
doi:10.7910/DVN/S9VBBL,2026-09-28
doi:10.7910/DVN/0J05KV,2026-09-28
doi:10.7910/DVN/6EOZAY,2026-09-28
doi:10.7910/DVN/IMVRJG,2026-09-28
doi:10.7910/DVN/ZQPWUJ,2026-09-28
doi:10.7910/DVN/SX6C2Y,2026-09-28
doi:10.7910/DVN/9OP7YH,2026-09-28
doi:10.7910/DVN/YVSYQ5,2026-09-28
doi:10.7910/DVN/QM6TBU,2026-09-28
doi:10.7910/DVN/RT8CHM,2026-09-28
doi:10.7910/DVN/L8N4TR,2026-09-28
doi:10.7910/DVN/QIYFTT,2026-09-28
doi:10.7910/DVN/DXHXCA,2026-09-28
doi:10.7910/DVN/XNKPP6,2026-09-28
doi:10.7910/DVN/2BKCC0,2026-09-28
doi:10.7910/DVN/2IO3DL,2026-09-28
doi:10.7910/DVN/O7WKNO,2026-09-28
doi:10.7910/DVN/GFBDQO,2026-09-28
doi:10.7910/DVN/QPQBFB,2026-09-28
doi:10.7910/DVN/3XQJU5,2026-09-28
doi:10.7910/DVN/TTPOJB,2026-09-28
doi:10.7910/DVN/SVOKWW,2026-09-28
doi:10.7910/DVN/5LOHS5,2026-09-28
doi:10.7910/DVN/RBQZVS,2026-09-28
doi:10.7910/DVN/G6PAPV,2026-09-28
doi:10.7910/DVN/JXJ9MV,2026-09-28
doi:10.7910/DVN/WGEAK6,2026-09-28
doi:10.7910/DVN/PSOFAU,2026-09-28
doi:10.7910/DVN/P3SPTY,2026-09-28
doi:10.7910/DVN/OEBTZA,2026-09-28
doi:10.7910/DVN/M3CIGK,2026-09-28
doi:10.7910/DVN/BEOQV2,2026-09-28
doi:10.7910/DVN/FSKY7K,2026-09-28
doi:10.7910/DVN/DVMT2R,2026-09-28
doi:10.7910/DVN/D9FAZL,2026-09-28
doi:10.7910/DVN/YGKKRU,2026-09-28
doi:10.7910/DVN/BEAPLB,2026-09-28
doi:10.7910/DVN/2NDL6R,2026-09-28
doi:10.7910/DVN/JOBDDI,2026-09-28
doi:10.7910/DVN/N1DE4Q,2026-09-28
doi:10.7910/DVN/56L9JP,2026-09-28
doi:10.7910/DVN/G8AF5G,2026-09-28
doi:10.7910/DVN/VMOCHO,2026-09-28
doi:10.7910/DVN/3YK0HL,2026-09-28
doi:10.7910/DVN/TLBTYD,2026-09-28
doi:10.7910/DVN/RTFF2X,2026-09-28
doi:10.7910/DVN/EM3QGY,2026-09-28
doi:10.7910/DVN/4L80PR,2026-09-28
doi:10.7910/DVN/B47FTE,2026-09-28
doi:10.7910/DVN/2AV2CC,2026-09-28
doi:10.7910/DVN/TF046M,2026-09-28
doi:10.7910/DVN/MJ4RFL,2026-09-28
doi:10.7910/DVN/VFNSX6,2026-09-28
doi:10.7910/DVN/FAG8BP,2026-09-28
doi:10.7910/DVN/0UNYW3,2026-09-28
doi:10.7910/DVN/2QS4R8,2026-09-28
doi:10.7910/DVN/BTUTYP,2026-09-28
doi:10.7910/DVN/CTMZX8,2026-09-28
doi:10.7910/DVN/VCKGUZ,2026-09-28
doi:10.7910/DVN/YAPXVG,2026-09-28
doi:10.7910/DVN/XY2TUK,2026-09-28
doi:10.7910/DVN/R1M1ID,2026-09-28
doi:10.7910/DVN/44XF6M,2026-09-28
doi:10.7910/DVN/IGLWYD,2026-09-28
doi:10.7910/DVN/UR5TNI,2026-09-28
doi:10.7910/DVN/EMK9FB,2026-09-28
doi:10.7910/DVN/TYZK9Z,2026-09-28
doi:10.7910/DVN/X2MB9M,2026-09-28
doi:10.7910/DVN/QUBP7M,2026-09-28
doi:10.7910/DVN/KMRVWY,2026-09-28
doi:10.7910/DVN/2DLCPZ,2026-09-28
doi:10.7910/DVN/NZCGYX,2026-09-28
doi:10.7910/DVN/XVAEWG,2026-09-28
doi:10.7910/DVN/UVC4CI,2026-09-28
doi:10.7910/DVN/3EUZ4G,2026-09-28
doi:10.7910/DVN/MFR950,2026-09-28
doi:10.7910/DVN/W8AAYK,2026-09-28
doi:10.7910/DVN/LP1F7C,2026-09-28
doi:10.7910/DVN/K5MT68,2026-09-28
doi:10.7910/DVN/GGN0AV,2026-09-28
doi:10.7910/DVN/ZAPWHZ,2026-09-28
doi:10.7910/DVN/XICFI5,2026-09-28
doi:10.7910/DVN/YETMOY,2026-09-28
doi:10.7910/DVN/LYGLR8,2026-09-28
doi:10.7910/DVN/WY3QZS,2026-09-28
doi:10.7910/DVN/BMXZLE,2026-09-28
doi:10.7910/DVN/EDSACZ,2026-09-28
doi:10.7910/DVN/FZHJUM,2026-09-28
doi:10.7910/DVN/CMIBWN,2026-09-28
doi:10.7910/DVN/DVK8OP,2026-09-28
doi:10.7910/DVN/HDOLHE,2026-09-28
doi:10.7910/DVN/CYICNZ,2026-09-28
doi:10.7910/DVN/RXDQP1,2026-09-28
doi:10.7910/DVN/H2EVNE,2026-09-28
doi:10.7910/DVN/EQSWX7,2026-09-28
doi:10.7910/DVN/NGD6P6,2026-09-28
doi:10.7910/DVN/OG0VYB,2026-09-28
doi:10.7910/DVN/GIO1FR,2026-09-28
doi:10.7910/DVN/SSND4R,2026-09-28
doi:10.7910/DVN/B6TN91,2026-09-28
doi:10.7910/DVN/AGZHQW,2026-09-28
doi:10.7910/DVN/ZFEMA2,2026-09-28
doi:10.7910/DVN/KERCCN,2026-09-28
doi:10.7910/DVN/RTSCG3,2026-09-28
doi:10.7910/DVN/Y1ZHZD,2026-09-28
doi:10.7910/DVN/IVIBHG,2026-09-28
doi:10.7910/DVN/MCU7GO,2026-09-28
doi:10.7910/DVN/LI1BK4,2026-09-28
doi:10.7910/DVN/BOZ0QO,2026-09-28
doi:10.7910/DVN/SQF8PX,2026-09-28
doi:10.7910/DVN/NJHQ8Y,2026-09-28
doi:10.7910/DVN/C039TM,2026-09-28
doi:10.7910/DVN/MZV8SJ,2026-09-28
doi:10.7910/DVN/NJHWEJ,2026-09-28
doi:10.7910/DVN/IMB3J2,2026-09-28
doi:10.7910/DVN/ANZ6RK,2026-09-28
doi:10.7910/DVN/ZSIQSC,2026-09-28
doi:10.7910/DVN/GLEY3J,2026-09-28
doi:10.7910/DVN/NSEOHP,2026-09-28
doi:10.7910/DVN/VX5NXO,2026-09-28
doi:10.7910/DVN/5RZSHQ,2026-09-28
doi:10.7910/DVN/IVYYYZ,2026-09-28
doi:10.7910/DVN/E9EEO3,2026-09-28
doi:10.7910/DVN/HFIJ07,2026-09-28
doi:10.7910/DVN/Z1INJJ,2026-09-28
doi:10.7910/DVN/HGLIES,2026-09-28
doi:10.7910/DVN/TBKV7W,2026-09-28
doi:10.7910/DVN/50NQLW,2026-09-28
doi:10.7910/DVN/UENCQR,2026-09-28
doi:10.7910/DVN/SARLG6,2026-09-28
doi:10.7910/DVN/WETJ80,2026-09-28
doi:10.7910/DVN/R20TN3,2026-09-28
doi:10.7910/DVN/0EDGGP,2026-09-28
doi:10.7910/DVN/XYS5UJ,2026-09-28
doi:10.7910/DVN/TXO7BA,2026-09-28
doi:10.7910/DVN/A6UJAQ,2026-09-28
doi:10.7910/DVN/KKU9SC,2026-09-28
doi:10.7910/DVN/ULAVUA,2026-09-28
doi:10.7910/DVN/AAOROC,2026-09-28
doi:10.7910/DVN/QDELJ8,2026-09-28
doi:10.7910/DVN/Q1IWXQ,2026-09-28
doi:10.7910/DVN/BJATY1,2026-09-28
doi:10.7910/DVN/TBY2KK,2026-09-28
doi:10.7910/DVN/TCJLUW,2026-09-28
doi:10.7910/DVN/NEJIDX,2026-09-28
doi:10.7910/DVN/EJJAJ6,2026-09-28
doi:10.7910/DVN/TX3VWP,2026-09-28
doi:10.7910/DVN/ZOOW11,2026-09-28
doi:10.7910/DVN/ZXSSVW,2026-09-28
doi:10.7910/DVN/4QKMAM,2026-09-28
doi:10.7910/DVN/D069OK,2026-09-28
doi:10.7910/DVN/IM4UE3,2026-09-28
doi:10.7910/DVN/N2GGZ1,2026-09-28
doi:10.7910/DVN/FGUCEF,2026-09-28
doi:10.7910/DVN/JV8QRH,2026-09-28
doi:10.7910/DVN/GAR99G,2026-09-28
doi:10.7910/DVN/WOEWTX,2026-09-28
doi:10.7910/DVN/RESQGA,2026-09-28
doi:10.7910/DVN/O7OHWJ,2026-09-28
doi:10.7910/DVN/41LVLG,2026-09-28
doi:10.7910/DVN/JRGEMU,2026-09-28
doi:10.7910/DVN/RNEDUG,2026-09-28
doi:10.7910/DVN/PLMF84,2026-09-28
doi:10.7910/DVN/RRNDRA,2026-09-28
doi:10.7910/DVN/4N9QYR,2026-09-28
doi:10.7910/DVN/PNRXXK,2026-09-28
doi:10.7910/DVN/BZESQM,2026-09-28
doi:10.7910/DVN/52VIWE,2026-09-28
doi:10.7910/DVN/XFNBZ6,2026-09-28
doi:10.7910/DVN/HHIGFD,2026-09-28
doi:10.7910/DVN/8QXG2B,2026-09-28
doi:10.7910/DVN/WJUNCD,2026-09-28
doi:10.7910/DVN/TQ3QOQ,2026-09-28
doi:10.7910/DVN/BUYITG,2026-09-28
doi:10.7910/DVN/2BJPFE,2026-09-28
doi:10.7910/DVN/8GUO4D,2026-09-28
doi:10.7910/DVN/61HQCY,2026-09-28
doi:10.7910/DVN/WLQCI4,2026-09-28
doi:10.7910/DVN/IW2NMF,2026-09-28
doi:10.7910/DVN/Q5AIOP,2026-09-28
doi:10.7910/DVN/BXEBPQ,2026-09-28
doi:10.7910/DVN/5JMNRV,2026-09-28
doi:10.7910/DVN/MFDDLJ,2026-09-28
doi:10.7910/DVN/N5W2JZ,2026-09-28
doi:10.7910/DVN/2TTPKI,2026-09-28
doi:10.7910/DVN/6DVBTI,2026-09-28
doi:10.7910/DVN/O8IPXU,2026-09-28
doi:10.7910/DVN/SJZ9MY,2026-09-28
doi:10.7910/DVN/TDHMNE,2026-09-28
doi:10.7910/DVN/4UVM79,2026-09-28
doi:10.7910/DVN/TUCJAY,2026-09-28
doi:10.7910/DVN/ZDAUXW,2026-09-28
doi:10.7910/DVN/TOADKZ,2026-09-28
doi:10.7910/DVN/GFXLI7,2026-09-28
doi:10.7910/DVN/CHEEWL,2026-09-28
doi:10.7910/DVN/VJ24XV,2026-09-28
doi:10.7910/DVN/0COWAL,2026-09-28
doi:10.7910/DVN/UIKN4F,2026-09-28
doi:10.7910/DVN/DFIF4K,2026-09-28
doi:10.7910/DVN/EWLYQG,2026-09-28
doi:10.7910/DVN/BNCZED,2026-09-28
doi:10.7910/DVN/CL1OYE,2026-09-28
doi:10.7910/DVN/O1PMGO,2026-09-28
doi:10.7910/DVN/VOTSZE,2026-09-28
doi:10.7910/DVN/UC2TBL,2026-09-28
doi:10.7910/DVN/Y2EMIO,2026-09-28
doi:10.7910/DVN/HT1WSA,2026-09-28
doi:10.7910/DVN/KDT7ZK,2026-09-28
doi:10.7910/DVN/UPBIE0,2026-09-28
doi:10.7910/DVN/ESIII1,2026-09-28
doi:10.7910/DVN/OXCIRN,2026-09-28
doi:10.7910/DVN/7AUAM2,2026-09-28
doi:10.7910/DVN/9RCMPV,2026-09-28
doi:10.7910/DVN/X40QIH,2026-09-28
doi:10.7910/DVN/PHVXJK,2026-09-28
doi:10.7910/DVN/3WCRKI,2026-09-28
doi:10.7910/DVN/MOIPE7,2026-09-28
doi:10.7910/DVN/F4N6RG,2026-09-28
doi:10.7910/DVN/BOHZ2R,2026-09-28
doi:10.7910/DVN/ELRK4I,2026-09-28
doi:10.7910/DVN/HLPVPK,2026-09-28
doi:10.7910/DVN/QMTXDA,2026-09-28
doi:10.7910/DVN/1OU6OD,2026-09-28
doi:10.7910/DVN/VSVQGM,2026-09-28
doi:10.7910/DVN/SYYEVW,2026-09-28
doi:10.7910/DVN/M8ZMYB,2026-09-28
doi:10.7910/DVN/6HDOGE,2026-09-28
doi:10.7910/DVN/3NGR05,2026-09-28
doi:10.7910/DVN/DYKHRO,2026-09-28
doi:10.7910/DVN/7N6ZEX,2026-09-28
doi:10.7910/DVN/MIZNA2,2026-09-28
doi:10.7910/DVN/YG5CEX,2026-09-28
doi:10.7910/DVN/SEJBJU,2026-09-28
doi:10.7910/DVN/RLCGG9,2026-09-28
doi:10.7910/DVN/G4W5TQ,2026-09-28
doi:10.7910/DVN/B7G5PU,2026-09-28
doi:10.7910/DVN/UHE8TY,2026-09-28
doi:10.7910/DVN/NFIALV,2026-09-28
doi:10.7910/DVN/BIXWNU,2026-09-28
doi:10.7910/DVN/GISNCV,2026-09-28
doi:10.7910/DVN/Z7DN56,2026-09-28
doi:10.7910/DVN/NKIRJ5,2026-09-28
doi:10.7910/DVN/F43LHM,2026-09-28
doi:10.7910/DVN/REAYUP,2026-09-28
doi:10.7910/DVN/KEUWTT,2026-09-28
doi:10.7910/DVN/1NF57V,2026-09-28
doi:10.7910/DVN/EKEXC9,2026-09-28
doi:10.7910/DVN/ZT72MK,2026-09-28
doi:10.7910/DVN/XX1KYY,2026-09-28
doi:10.7910/DVN/1G1COY,2026-09-28
doi:10.7910/DVN/AD8UDU,2026-09-28
doi:10.7910/DVN/SR7VMM,2026-09-28
doi:10.7910/DVN/BTCLRP,2026-09-28
doi:10.7910/DVN/BR99GD,2026-09-28
doi:10.7910/DVN/ZIYJD8,2026-09-28
doi:10.7910/DVN/LKERIV,2026-09-28
doi:10.7910/DVN/WWGLRS,2026-09-28
doi:10.7910/DVN/GSY2TA,2026-09-28
doi:10.7910/DVN/COEPP1,2026-09-28
doi:10.7910/DVN/ETNFCY,2026-09-28
doi:10.7910/DVN/VPZZCQ,2026-09-28
doi:10.7910/DVN/JCL4GT,2026-09-28
doi:10.7910/DVN/RHLJCR,2026-09-28
doi:10.7910/DVN/N6CT4V,2026-09-28
doi:10.7910/DVN/QJP7R3,2026-09-28
doi:10.7910/DVN/JERCL1,2026-09-28
doi:10.7910/DVN/4XQUKB,2026-09-28
doi:10.7910/DVN/AKM97Q,2026-09-28
doi:10.7910/DVN/YAYEXN,2026-09-28
doi:10.7910/DVN/92UDQH,2026-09-28
doi:10.7910/DVN/GCACQG,2026-09-28
doi:10.7910/DVN/DGVYLR,2026-09-28
doi:10.7910/DVN/5ITNCA,2026-09-28
doi:10.7910/DVN/DUFHM1,2026-09-28
doi:10.7910/DVN/LCLJTT,2026-09-28
doi:10.7910/DVN/78BIYW,2026-09-28
doi:10.7910/DVN/NRQFDQ,2026-09-28
doi:10.7910/DVN/KDKPJQ,2026-09-28
doi:10.7910/DVN/RFSS7J,2026-09-28
doi:10.7910/DVN/I8XQPM,2026-09-28
doi:10.7910/DVN/LMWEMZ,2026-09-28
doi:10.7910/DVN/4SBXCV,2026-09-28
doi:10.7910/DVN/FPIYZ7,2026-09-28
doi:10.7910/DVN/XJ5JR6,2026-09-28
doi:10.7910/DVN/RT5HRL,2026-09-28
doi:10.7910/DVN/M9XE2D,2026-09-28
doi:10.7910/DVN/CISIP2,2026-09-28
doi:10.7910/DVN/68IBOR,2026-09-28
doi:10.7910/DVN/8BB7RI,2026-09-28
doi:10.7910/DVN/XJ28JK,2026-09-28
doi:10.7910/DVN/MDFG8E,2026-09-28
doi:10.7910/DVN/JXTORX,2026-09-28
doi:10.7910/DVN/YHDZIP,2026-09-28
doi:10.7910/DVN/O0WT36,2026-09-28
doi:10.7910/DVN/RTB1IG,2026-09-28
doi:10.7910/DVN/DAC9NX,2026-09-28
doi:10.7910/DVN/PQNQJT,2026-09-28
doi:10.7910/DVN/5POLFL,2026-09-28
doi:10.7910/DVN/5KJ80Q,2026-09-28
doi:10.7910/DVN/R9PVOF,2026-09-28
doi:10.7910/DVN/1R5N32,2026-09-28
doi:10.7910/DVN/3KIQAW,2026-09-28
doi:10.7910/DVN/DZQDQO,2026-09-28
doi:10.7910/DVN/ZFBES1,2026-09-28
doi:10.7910/DVN/5WAFF0,2026-09-28
doi:10.7910/DVN/QYDIO2,2026-09-28
doi:10.7910/DVN/W0X5WA,2026-09-28
doi:10.7910/DVN/QVLIL9,2026-09-28
doi:10.7910/DVN/QHZHJH,2026-09-28
doi:10.7910/DVN/YEVX5E,2026-09-28
doi:10.7910/DVN/2QG92Y,2026-09-28
doi:10.7910/DVN/RXDTTS,2026-09-28
doi:10.7910/DVN/27KBWG,2026-09-28
doi:10.7910/DVN/1P0IL3,2026-09-28
doi:10.7910/DVN/MXW3BS,2026-09-28
doi:10.7910/DVN/D409HA,2026-09-28
doi:10.7910/DVN/VDZG7L,2026-09-28
doi:10.7910/DVN/EMLHCT,2026-09-28
doi:10.7910/DVN/TSJRMB,2026-09-28
doi:10.7910/DVN/3LOZPA,2026-09-28
doi:10.7910/DVN/8XBSTH,2026-09-28
doi:10.7910/DVN/W6R32B,2026-09-28
doi:10.7910/DVN/IQFAH7,2026-09-28
doi:10.7910/DVN/QXLWIF,2026-09-28
doi:10.7910/DVN/SJMRIY,2026-09-28
doi:10.7910/DVN/EPHIYQ,2026-09-28
doi:10.7910/DVN/IHIDVP,2026-09-28
doi:10.7910/DVN/SOQAME,2026-09-28
doi:10.7910/DVN/ERNLHS,2026-09-28
doi:10.7910/DVN/9SNERN,2026-09-28
doi:10.7910/DVN/NYBSMR,2026-09-28
doi:10.7910/DVN/X6U5FC,2026-09-28
doi:10.7910/DVN/OOBN39,2026-09-28
doi:10.7910/DVN/OSXNZS,2026-09-28
doi:10.7910/DVN/NE6BHP,2026-09-28
doi:10.7910/DVN/QTPPPQ,2026-09-28
doi:10.7910/DVN/VDSNFL,2026-09-28
doi:10.7910/DVN/VAMRSP,2026-09-28
doi:10.7910/DVN/3AAU1Y,2026-09-28
doi:10.7910/DVN/P0TZCE,2026-09-28
doi:10.7910/DVN/NFLVJG,2026-09-28
doi:10.7910/DVN/AHBXWA,2026-09-28
doi:10.7910/DVN/MNMVYH,2026-09-28
doi:10.7910/DVN/USQH7D,2026-09-28
doi:10.7910/DVN/G1FLRY,2026-09-28
doi:10.7910/DVN/C0GITL,2026-09-28
doi:10.7910/DVN/J3VXNF,2026-09-28
doi:10.7910/DVN/EYCE4O,2026-09-28
doi:10.7910/DVN/NSDEJD,2026-09-28
doi:10.7910/DVN/DRZCQB,2026-09-28
doi:10.7910/DVN/CYIXIW,2026-09-28
doi:10.7910/DVN/RX3CFQ,2026-09-28
doi:10.7910/DVN/OYI55F,2026-09-28
doi:10.7910/DVN/GZCHJC,2026-09-28
doi:10.7910/DVN/OYNFCI,2026-09-28
doi:10.7910/DVN/MVCLDA,2026-09-28
doi:10.7910/DVN/RWHDIJ,2026-09-28
doi:10.7910/DVN/HATIYO,2026-09-28
doi:10.7910/DVN/OSLJ2Z,2026-09-28
doi:10.7910/DVN/BNGDFO,2026-09-28
doi:10.7910/DVN/UWG0TJ,2026-09-28
doi:10.7910/DVN/OMYULN,2026-09-28
doi:10.7910/DVN/SVDD2B,2026-09-28
doi:10.7910/DVN/ZDADTB,2026-09-28
doi:10.7910/DVN/MNP61X,2026-09-28
doi:10.7910/DVN/RCEBPK,2026-09-28
doi:10.7910/DVN/JIQOXQ,2026-09-28
doi:10.7910/DVN/OCAH1T,2026-09-28
doi:10.7910/DVN/KW8HZL,2026-09-28
doi:10.7910/DVN/TPAB95,2026-09-28
doi:10.7910/DVN/NFMGFD,2026-09-28
doi:10.7910/DVN/UBCYZG,2026-09-28
doi:10.7910/DVN/PUIVRF,2026-09-28
doi:10.7910/DVN/PLGKW5,2026-09-28
doi:10.7910/DVN/BIKSUI,2026-09-28
doi:10.7910/DVN/RFBMBY,2026-09-28
doi:10.7910/DVN/TS1TX0,2026-09-28
doi:10.7910/DVN/6HELZS,2026-09-28
doi:10.7910/DVN/4LIO9F,2026-09-28
doi:10.7910/DVN/W1AA3U,2026-09-28
doi:10.7910/DVN/2IU98Y,2026-09-28
doi:10.7910/DVN/NXX3JJ,2026-09-28
doi:10.7910/DVN/NQDLRO,2026-09-28
doi:10.7910/DVN/WY9SUD,2026-09-28
doi:10.7910/DVN/HZMT2S,2026-09-28
doi:10.7910/DVN/WUK8AN,2026-09-28
doi:10.7910/DVN/OLKEQL,2026-09-28
doi:10.7910/DVN/9PWWSE,2026-09-28
doi:10.7910/DVN/3CUHGN,2026-09-28
doi:10.7910/DVN/GSFGIV,2026-09-28
doi:10.7910/DVN/RFB60P,2026-09-28
doi:10.7910/DVN/P1IBFS,2026-09-28
doi:10.7910/DVN/HGREW1,2026-09-28
doi:10.7910/DVN/7HQWDJ,2026-09-28
doi:10.7910/DVN/XLVZOI,2026-09-28
doi:10.7910/DVN/XIT20Z,2026-09-28
doi:10.7910/DVN/JTQCBQ,2026-09-28
doi:10.7910/DVN/FUJGY1,2026-09-28
doi:10.7910/DVN/65MCAE,2026-09-28
doi:10.7910/DVN/ZZZPM7,2026-09-28
doi:10.7910/DVN/P0BKUW,2026-09-28
doi:10.7910/DVN/II6BPW,2026-09-28
doi:10.7910/DVN/5AIPK8,2026-09-28
doi:10.7910/DVN/VJH91B,2026-09-28
doi:10.7910/DVN/WWEAUB,2026-09-28
doi:10.7910/DVN/T0G0NU,2026-09-28
doi:10.7910/DVN/RXQO8P,2026-09-28
doi:10.7910/DVN/LBXXFE,2026-09-28
doi:10.7910/DVN/N6M2OQ,2026-09-28
doi:10.7910/DVN/4O4R79,2026-09-28
doi:10.7910/DVN/KFA3YG,2026-09-28
doi:10.7910/DVN/MGWE8C,2026-09-28
doi:10.7910/DVN/JLNWM8,2026-09-28
doi:10.7910/DVN/D4UHIQ,2026-09-28
doi:10.7910/DVN/2KI03M,2026-09-28
doi:10.7910/DVN/VA4DNX,2026-09-28
doi:10.7910/DVN/HWCSL8,2026-09-28
doi:10.7910/DVN/RBZIEC,2026-09-28
doi:10.7910/DVN/WQXEML,2026-09-28
doi:10.7910/DVN/R1L6FS,2026-09-28
doi:10.7910/DVN/WXQF1B,2026-09-28
doi:10.7910/DVN/AP8JH4,2026-09-28
doi:10.7910/DVN/85YQQL,2026-09-28
doi:10.7910/DVN/SLDEDV,2026-09-28
doi:10.7910/DVN/OSQM4D,2026-09-28
doi:10.7910/DVN/ETMVGL,2026-09-28
doi:10.7910/DVN/FQNN62,2026-09-28
doi:10.7910/DVN/ORTPNR,2026-09-28
doi:10.7910/DVN/48LJLC,2026-09-28
doi:10.7910/DVN/41MI2U,2026-09-28
doi:10.7910/DVN/HB5YNR,2026-09-28
doi:10.7910/DVN/QDAGOB,2026-09-28
doi:10.7910/DVN/4OTCJP,2026-09-28
doi:10.7910/DVN/DHSDFA,2026-09-28
doi:10.7910/DVN/HMKU95,2026-09-28
doi:10.7910/DVN/B4OS8R,2026-09-28
doi:10.7910/DVN/E46OPI,2026-09-28
doi:10.7910/DVN/9JGNGZ,2026-09-28
doi:10.7910/DVN/SW0GMM,2026-09-28
doi:10.7910/DVN/YFZ13D,2026-09-28
doi:10.7910/DVN/PBK8DB,2026-09-28
doi:10.7910/DVN/MST7UF,2026-09-28
doi:10.7910/DVN/FFNJJP,2026-09-28
doi:10.7910/DVN/YHH30L,2026-09-28
doi:10.7910/DVN/1GDHUK,2026-09-28
doi:10.7910/DVN/OO3WK1,2026-09-28
doi:10.7910/DVN/LJQOSO,2026-09-28
doi:10.7910/DVN/BKJUDA,2026-09-28
doi:10.7910/DVN/CZJ6W6,2026-09-28
doi:10.7910/DVN/8NIVGE,2026-09-28
doi:10.7910/DVN/0V0QRS,2026-09-28
doi:10.7910/DVN/UE5HBI,2026-09-28
doi:10.7910/DVN/R0JNJP,2026-09-28
doi:10.7910/DVN/CDFXAJ,2026-09-28
doi:10.7910/DVN/7P4QMZ,2026-09-28
doi:10.7910/DVN/TR6EOM,2026-09-28
doi:10.7910/DVN/J4IWDO,2026-09-28
doi:10.7910/DVN/JAPXJZ,2026-09-28
doi:10.7910/DVN/LLFJD0,2026-09-28
doi:10.7910/DVN/TBNTNQ,2026-09-28
doi:10.7910/DVN/CSWSUT,2026-09-28
doi:10.7910/DVN/KH3PEG,2026-09-28
doi:10.7910/DVN/ALOHVQ,2026-09-28
doi:10.7910/DVN/PZ1QF8,2026-09-28
doi:10.7910/DVN/NOCNU0,2026-09-28
doi:10.7910/DVN/XSWKAW,2026-09-28
doi:10.7910/DVN/ED3YHK,2026-09-28
doi:10.7910/DVN/XCCACE,2026-09-28
doi:10.7910/DVN/OEMQGQ,2026-09-28
doi:10.7910/DVN/O352HJ,2026-09-28
doi:10.7910/DVN/CQ1VB2,2026-09-28
doi:10.7910/DVN/07JMQS,2026-09-28
doi:10.7910/DVN/3U6XTH,2026-09-28
doi:10.7910/DVN/6CMHW7,2026-09-28
doi:10.7910/DVN/IG1WQN,2026-09-28
doi:10.7910/DVN/ULCOWM,2026-09-28
doi:10.7910/DVN/HR9GDW,2026-09-28
doi:10.7910/DVN/V6G2CC,2026-09-28
doi:10.7910/DVN/PK48VY,2026-09-28
doi:10.7910/DVN/NSZM9Y,2026-09-28
doi:10.7910/DVN/VSTO1K,2026-09-28
doi:10.7910/DVN/SKVGMK,2026-09-28
doi:10.7910/DVN/9L6A8X,2026-09-28
doi:10.7910/DVN/KNKYMB,2026-09-28
doi:10.7910/DVN/45UQXM,2026-09-28
doi:10.7910/DVN/Y00PBL,2026-09-28
doi:10.7910/DVN/ZAWETB,2026-09-28
doi:10.7910/DVN/TURV4D,2026-09-28
doi:10.7910/DVN/F8SHUF,2026-09-28
doi:10.7910/DVN/IC54TU,2026-09-28
doi:10.7910/DVN/TK7Y3V,2026-09-28
doi:10.7910/DVN/J59ILF,2026-09-28
doi:10.7910/DVN/KJT1V8,2026-09-28
doi:10.7910/DVN/7HEQS6,2026-09-28
doi:10.7910/DVN/7N02XR,2026-09-28
doi:10.7910/DVN/H38CWS,2026-09-28
doi:10.7910/DVN/WVBNZ6,2026-09-28
doi:10.7910/DVN/ZNMIXH,2026-09-28
doi:10.7910/DVN/C7RROU,2026-09-28
doi:10.7910/DVN/HAOJGC,2026-09-28
doi:10.7910/DVN/M7MV1P,2026-09-28
doi:10.7910/DVN/M98V59,2026-09-28
doi:10.7910/DVN/YAOIJE,2026-09-28
doi:10.7910/DVN/3XVVND,2026-09-28
doi:10.7910/DVN/CJCCGL,2026-09-28
doi:10.7910/DVN/THODTD,2026-09-28
doi:10.7910/DVN/BU06MH,2026-09-28
doi:10.7910/DVN/NPYXMK,2026-09-28
doi:10.7910/DVN/OYJOXP,2026-09-28
doi:10.7910/DVN/L7KTAE,2026-09-28
doi:10.7910/DVN/JVKB09,2026-09-28
doi:10.7910/DVN/9JI06R,2026-09-28
doi:10.7910/DVN/JYB2CH,2026-09-28
doi:10.7910/DVN/LEGBP2,2026-09-28
doi:10.7910/DVN/IB34DB,2026-09-28
doi:10.7910/DVN/1RTGZP,2026-09-28
doi:10.7910/DVN/IOIR04,2026-09-28
doi:10.7910/DVN/EB2XXE,2026-09-28
doi:10.7910/DVN/TKF7AS,2026-09-28
doi:10.7910/DVN/93X6QS,2026-09-28
doi:10.7910/DVN/XWXOC1,2026-09-28
doi:10.7910/DVN/73L5IX,2026-09-28
doi:10.7910/DVN/NHG62Q,2026-09-28
doi:10.7910/DVN/AHSQGQ,2026-09-28
doi:10.7910/DVN/GJA2VW,2026-09-28
doi:10.7910/DVN/OBTOD4,2026-09-28
doi:10.7910/DVN/YPP97Z,2026-09-28
doi:10.7910/DVN/4QUS9U,2026-09-28
doi:10.7910/DVN/WYXEXN,2026-09-28
doi:10.7910/DVN/IKISSW,2026-09-28
doi:10.7910/DVN/BZ9XRJ,2026-09-28
doi:10.7910/DVN/GOORER,2026-09-28
doi:10.7910/DVN/FXIJVP,2026-09-28
doi:10.7910/DVN/A0C0IE,2026-09-28
doi:10.7910/DVN/GMZMPX,2026-09-28
doi:10.7910/DVN/W1HJV7,2026-09-28
doi:10.7910/DVN/ZWI5U1,2026-09-28
doi:10.7910/DVN/KJXQVM,2026-09-28
doi:10.7910/DVN/L4GZAE,2026-09-28
doi:10.7910/DVN/YUCAWU,2026-09-28
doi:10.7910/DVN/NKIKOX,2026-09-28
doi:10.7910/DVN/X7E1KH,2026-09-28
doi:10.7910/DVN/TWZOXL,2026-09-28
doi:10.7910/DVN/H7VVDY,2026-09-28
doi:10.7910/DVN/EBLYRB,2026-09-28
doi:10.7910/DVN/WUDAWV,2026-09-28
doi:10.7910/DVN/LC1FA7,2026-09-28
doi:10.7910/DVN/XUNKG6,2026-09-28
doi:10.7910/DVN/F7GBFL,2026-09-28
doi:10.7910/DVN/X5CPOH,2026-09-28
doi:10.7910/DVN/6IJBI2,2026-09-28
doi:10.7910/DVN/9PWQZT,2026-09-28
doi:10.7910/DVN/RXDMJV,2026-09-28
doi:10.7910/DVN/SZK97T,2026-09-28
doi:10.7910/DVN/QF8BTB,2026-09-28
doi:10.7910/DVN/CYXVLK,2026-09-28
doi:10.7910/DVN/DHQAZS,2026-09-28
doi:10.7910/DVN/UTPGMN,2026-09-28
doi:10.7910/DVN/01UMJS,2026-09-28
doi:10.7910/DVN/4SSHYJ,2026-09-28
doi:10.7910/DVN/4C8VGG,2026-09-28
doi:10.7910/DVN/ZLWAFH,2026-09-28
doi:10.7910/DVN/M05AUY,2026-09-28
doi:10.7910/DVN/PD80NS,2026-09-28
doi:10.7910/DVN/EPXZTR,2026-09-28
doi:10.7910/DVN/43DQVR,2026-09-28
doi:10.7910/DVN/WKPNLT,2026-09-28
doi:10.7910/DVN/EEFOUB,2026-09-28
doi:10.7910/DVN/WSNZS5,2026-09-28
doi:10.7910/DVN/UWLKMI,2026-09-28
doi:10.7910/DVN/RXTVKB,2026-09-28
doi:10.7910/DVN/CBWC4V,2026-09-28
doi:10.7910/DVN/ZS8QQB,2026-09-28
doi:10.7910/DVN/5CSZWG,2026-09-28
doi:10.7910/DVN/4ZDNJ9,2026-09-28
doi:10.7910/DVN/QNXPZ6,2026-09-28
doi:10.7910/DVN/YZVMWM,2026-09-28
doi:10.7910/DVN/KSCEPK,2026-09-28
doi:10.7910/DVN/ABIUIL,2026-09-28
doi:10.7910/DVN/JUWX8P,2026-09-28
doi:10.7910/DVN/A9KK0V,2026-09-28
doi:10.7910/DVN/RG1GYG,2026-09-28
doi:10.7910/DVN/F9YSWU,2026-09-28
doi:10.7910/DVN/W6JE2K,2026-09-28
doi:10.7910/DVN/LZCRQD,2026-09-28
doi:10.7910/DVN/DZR1J2,2026-09-28
doi:10.7910/DVN/LM94OJ,2026-09-28
doi:10.7910/DVN/U5TDTK,2026-09-28
doi:10.7910/DVN/EDG0ST,2026-09-28
doi:10.7910/DVN/Y90RNW,2026-09-28
doi:10.7910/DVN/A0HFY8,2026-09-28
doi:10.7910/DVN/QDHZT9,2026-09-28
doi:10.7910/DVN/CXUDBD,2026-09-28
doi:10.7910/DVN/K7RFZK,2026-09-28
doi:10.7910/DVN/SG0HD0,2026-09-28
doi:10.7910/DVN/OWKXPZ,2026-09-28
doi:10.7910/DVN/LVSYCG,2026-09-28
doi:10.7910/DVN/YBBMXJ,2026-09-28
doi:10.7910/DVN/GGF1PI,2026-09-28
doi:10.7910/DVN/FWK7IN,2026-09-28
doi:10.7910/DVN/O7BZJG,2026-09-28
doi:10.7910/DVN/JFLKEU,2026-09-28
doi:10.7910/DVN/C2LUVI,2026-09-28
doi:10.7910/DVN/DSFG2P,2026-09-28
doi:10.7910/DVN/JKPIK2,2026-09-28
doi:10.7910/DVN/AVXVP9,2026-09-28
doi:10.7910/DVN/0TRHTG,2026-09-28
doi:10.7910/DVN/HLON9J,2026-09-28
doi:10.7910/DVN/HSVKY9,2026-09-28
doi:10.7910/DVN/JXXBGD,2026-09-28
doi:10.7910/DVN/QBI7AD,2026-09-28
doi:10.7910/DVN/O5HSON,2026-09-28
doi:10.7910/DVN/CD9HSM,2026-09-28
doi:10.7910/DVN/YJP1XS,2026-09-28
doi:10.7910/DVN/TYQNAE,2026-09-28
doi:10.7910/DVN/YYK70I,2026-09-28
doi:10.7910/DVN/DEICII,2026-09-28
doi:10.7910/DVN/WVMZZU,2026-09-28
doi:10.7910/DVN/KE6VPA,2026-09-28
doi:10.7910/DVN/PP9ZJ2,2026-09-28
doi:10.7910/DVN/P8YWA4,2026-09-28
doi:10.7910/DVN/CZB6DJ,2026-09-28
doi:10.7910/DVN/UCYUBN,2026-09-28
doi:10.7910/DVN/FHU7ET,2026-09-28
doi:10.7910/DVN/M98QSM,2026-09-28
doi:10.7910/DVN/EBUXTW,2026-09-28
doi:10.7910/DVN/C8C6CP,2026-09-28
doi:10.7910/DVN/NHMIQ0,2026-09-28
doi:10.7910/DVN/A1YQKY,2026-09-28
doi:10.7910/DVN/DMRFWI,2026-09-28
doi:10.7910/DVN/DPZ4UL,2026-09-28
doi:10.7910/DVN/62TBIX,2026-09-28
doi:10.7910/DVN/RY1P5G,2026-09-28
doi:10.7910/DVN/JLBOKN,2026-09-28
doi:10.7910/DVN/CUKLXK,2026-09-28
doi:10.7910/DVN/COQSUB,2026-09-28
doi:10.7910/DVN/2BO7VK,2026-09-28
doi:10.7910/DVN/L0PYVZ,2026-09-28
doi:10.7910/DVN/DBCLRC,2026-09-28
doi:10.7910/DVN/SCJL8I,2026-09-28
doi:10.7910/DVN/LXHKEV,2026-09-28
doi:10.7910/DVN/PNXFD6,2026-09-28
doi:10.7910/DVN/GTTDX6,2026-09-28
doi:10.7910/DVN/SHKP32,2026-09-28
doi:10.7910/DVN/EGVC5Q,2026-09-28
doi:10.7910/DVN/YYBWRU,2026-09-28
doi:10.7910/DVN/GRCL4G,2026-09-28
doi:10.7910/DVN/VNN5SO,2026-09-28
doi:10.7910/DVN/MKJYV3,2026-09-28
doi:10.7910/DVN/IUZMZW,2026-09-28
doi:10.7910/DVN/Y6NYRU,2026-09-28
doi:10.7910/DVN/MFAIFO,2026-09-28
doi:10.7910/DVN/NDUPPV,2026-09-28
doi:10.7910/DVN/MNM5Q5,2026-09-28
doi:10.7910/DVN/LJLWKN,2026-09-28
doi:10.7910/DVN/1G5GK1,2026-09-28
doi:10.7910/DVN/T4FUMS,2026-09-28
doi:10.7910/DVN/ZVXV2K,2026-09-28
doi:10.7910/DVN/WYEBEO,2026-09-28
doi:10.7910/DVN/VMZIPF,2026-09-28
doi:10.7910/DVN/BGOHHT,2026-09-28
doi:10.7910/DVN/XQIEUX,2026-09-28
doi:10.7910/DVN/VU2ZPQ,2026-09-28
doi:10.7910/DVN/PWOAK4,2026-09-28
doi:10.7910/DVN/EVEOQN,2026-09-28
doi:10.7910/DVN/8B5WCM,2026-09-28
doi:10.7910/DVN/05MX9G,2026-09-28
doi:10.7910/DVN/RGCFAE,2026-09-28
doi:10.7910/DVN/ROZBVY,2026-09-28
doi:10.7910/DVN/P6QBO2,2026-09-28
doi:10.7910/DVN/HVSEBL,2026-09-28
doi:10.7910/DVN/HTYE6E,2026-09-28
doi:10.7910/DVN/QGHS1K,2026-09-28
doi:10.7910/DVN/6YUDJL,2026-09-28
doi:10.7910/DVN/IHU1PT,2026-09-28
doi:10.7910/DVN/VR1XZA,2026-09-28
doi:10.7910/DVN/MC4C0N,2026-09-28
doi:10.7910/DVN/VNOSXU,2026-09-28
doi:10.7910/DVN/5AWTXE,2026-09-28
doi:10.7910/DVN/SEWGQT,2026-09-28
doi:10.7910/DVN/UAJ2VC,2026-09-28
doi:10.7910/DVN/NBTJI1,2026-09-28
doi:10.7910/DVN/2G7A0M,2026-09-28
doi:10.7910/DVN/LNZC6F,2026-09-28
doi:10.7910/DVN/SNFVV1,2026-09-28
doi:10.7910/DVN/4J76BY,2026-09-28
doi:10.7910/DVN/XHFJLB,2026-09-28
doi:10.7910/DVN/NN3DMP,2026-09-28
doi:10.7910/DVN/DVYTHB,2026-09-28
doi:10.7910/DVN/WSTSEU,2026-09-28
doi:10.7910/DVN/BCZWWF,2026-09-28
doi:10.7910/DVN/LVXSJA,2026-09-28
doi:10.7910/DVN/IO9SLQ,2026-09-28
doi:10.7910/DVN/1XZ3CA,2026-09-28
doi:10.7910/DVN/Q6ZW1V,2026-09-28
doi:10.7910/DVN/6HMLST,2026-09-28
doi:10.7910/DVN/JZQLMF,2026-09-28
doi:10.7910/DVN/VMPZIX,2026-09-28
doi:10.7910/DVN/BYAVMC,2026-09-28
doi:10.7910/DVN/OKA0K1,2026-09-28
doi:10.7910/DVN/5Q0YWJ,2026-09-28
doi:10.7910/DVN/25TO9T,2026-09-28
doi:10.7910/DVN/FXCP2T,2026-09-28
doi:10.7910/DVN/LX5YI2,2026-09-28
doi:10.7910/DVN/78WXRZ,2026-09-28
doi:10.7910/DVN/DXXAAU,2026-09-28
doi:10.7910/DVN/EOXEKF,2026-09-28
doi:10.7910/DVN/CSBRZX,2026-09-28
doi:10.7910/DVN/FOGHI5,2026-09-28
doi:10.7910/DVN/Z4H6RE,2026-09-28
doi:10.7910/DVN/GMYSCP,2026-09-28
doi:10.7910/DVN/EUVCSP,2026-09-28
doi:10.7910/DVN/XZVS5B,2026-09-28
doi:10.7910/DVN/FLR6EJ,2026-09-28
doi:10.7910/DVN/9Z1QK6,2026-09-28
doi:10.7910/DVN/JONFVS,2026-09-28
doi:10.7910/DVN/TFTFKZ,2026-09-28
doi:10.7910/DVN/PUNIH7,2026-09-28
doi:10.7910/DVN/PMKHRH,2026-09-28
doi:10.7910/DVN/FW9SLZ,2026-09-28
doi:10.7910/DVN/EEBTCH,2026-09-28
doi:10.7910/DVN/WFCQZM,2026-09-28
doi:10.7910/DVN/A8THZ9,2026-09-28
doi:10.7910/DVN/SMXQF8,2026-09-28
doi:10.7910/DVN/18FDDI,2026-09-28
doi:10.7910/DVN/WTNZQN,2026-09-28
doi:10.7910/DVN/FKQI6M,2026-09-28
doi:10.7910/DVN/QVKKTE,2026-09-28
doi:10.7910/DVN/VYA6KG,2026-09-28
doi:10.7910/DVN/XTZARE,2026-09-28
doi:10.7910/DVN/97BQXU,2026-09-28
doi:10.7910/DVN/OFZSB5,2026-09-28
doi:10.7910/DVN/JP0T5T,2026-09-28
doi:10.7910/DVN/JWRUXM,2026-09-28
doi:10.7910/DVN/WT2LSF,2026-09-28
doi:10.7910/DVN/QOOUYT,2026-09-28
doi:10.7910/DVN/SPJYTE,2026-09-28
doi:10.7910/DVN/MVCQXU,2026-09-28
doi:10.7910/DVN/RCVA0X,2026-09-28
doi:10.7910/DVN/0ZUQAS,2026-09-28
doi:10.7910/DVN/JQPJYN,2026-09-28
doi:10.7910/DVN/YTRQ8G,2026-09-28
doi:10.7910/DVN/SOMMRM,2026-09-28
doi:10.7910/DVN/1MGLHV,2026-09-28
doi:10.7910/DVN/CVEMM6,2026-09-28
doi:10.7910/DVN/V2WGQV,2026-09-28
doi:10.7910/DVN/GMUOFI,2026-09-28
doi:10.7910/DVN/WAES54,2026-09-28
doi:10.7910/DVN/DEIRCB,2026-09-28
doi:10.7910/DVN/FPXHWA,2026-09-28
doi:10.7910/DVN/Y30VGW,2026-09-28
doi:10.7910/DVN/3UYOTH,2026-09-28
doi:10.7910/DVN/YWBT2M,2026-09-28
doi:10.7910/DVN/M9WUK8,2026-09-28
doi:10.7910/DVN/DRYVAP,2026-09-28
doi:10.7910/DVN/DI1J2G,2026-09-28
doi:10.7910/DVN/Z3DQGI,2026-09-28
doi:10.7910/DVN/LKGEF8,2026-09-28
doi:10.7910/DVN/GJK0OR,2026-09-28
doi:10.7910/DVN/VNY9VF,2026-09-28
doi:10.7910/DVN/C3WR6D,2026-09-28
doi:10.7910/DVN/HB2CCD,2026-09-28
doi:10.7910/DVN/ZMRFYS,2026-09-28
doi:10.7910/DVN/3JMB3W,2026-09-28
doi:10.7910/DVN/TMVIZT,2026-09-28
doi:10.7910/DVN/0HQ2CT,2026-09-28
doi:10.7910/DVN/HP04ZY,2026-09-28
doi:10.7910/DVN/TXKLXF,2026-09-28
doi:10.7910/DVN/VSRNFS,2026-09-28
doi:10.7910/DVN/KSAXQZ,2026-09-28
doi:10.7910/DVN/YQPN8D,2026-09-28
doi:10.7910/DVN/JSBQWA,2026-09-28
doi:10.7910/DVN/0KE1PN,2026-09-28
doi:10.7910/DVN/VRUMK1,2026-09-28
doi:10.7910/DVN/VSM3YZ,2026-09-28
doi:10.7910/DVN/B51OIL,2026-09-28
doi:10.7910/DVN/MAJXYH,2026-09-28
doi:10.7910/DVN/POANLF,2026-09-28
doi:10.7910/DVN/RSCG2F,2026-09-28
doi:10.7910/DVN/Y3YYKC,2026-09-28
doi:10.7910/DVN/B5WIC9,2026-09-28
doi:10.7910/DVN/YLENQN,2026-09-28
doi:10.7910/DVN/CA24TU,2026-09-28
doi:10.7910/DVN/PI8UFG,2026-09-28
doi:10.7910/DVN/NRO1SV,2026-09-28
doi:10.7910/DVN/Z70GZF,2026-09-28
doi:10.7910/DVN/GFNDOS,2026-09-28
doi:10.7910/DVN/ETM5K9,2026-09-28
doi:10.7910/DVN/GBBPNK,2026-09-28
doi:10.7910/DVN/4SVB14,2026-09-28
doi:10.7910/DVN/PGHCD6,2026-09-28
doi:10.7910/DVN/9JHGVS,2026-09-28
doi:10.7910/DVN/AXYFGU,2026-09-28
doi:10.7910/DVN/JS9ERS,2026-09-28
doi:10.7910/DVN/TDUVCJ,2026-09-28
doi:10.7910/DVN/PDQ4AG,2026-09-28
doi:10.7910/DVN/AZGPQO,2026-09-28
doi:10.7910/DVN/H1RSFY,2026-09-28
doi:10.7910/DVN/DIJQ3H,2026-09-28
doi:10.7910/DVN/AFFAU2,2026-09-28
doi:10.7910/DVN/CKOF2M,2026-09-28
doi:10.7910/DVN/JBTT3G,2026-09-28
doi:10.7910/DVN/WNOSUK,2026-09-28
doi:10.7910/DVN/JKOKJL,2026-09-28
doi:10.7910/DVN/BKFHDU,2026-09-28
doi:10.7910/DVN/RSVRFA,2026-09-28
doi:10.7910/DVN/TIBVQ0,2026-09-28
doi:10.7910/DVN/CCUDUH,2026-09-28
doi:10.7910/DVN/ZBUPPA,2026-09-28
doi:10.7910/DVN/VOEYSJ,2026-09-28
doi:10.7910/DVN/NYS9UR,2026-09-28
doi:10.7910/DVN/HUAADF,2026-09-28
doi:10.7910/DVN/HTZGLG,2026-09-28
doi:10.7910/DVN/RAXSLB,2026-09-28
doi:10.7910/DVN/9OQZ2Z,2026-09-28
doi:10.7910/DVN/FOV6WJ,2026-09-28
doi:10.7910/DVN/BHVVJB,2026-09-28
doi:10.7910/DVN/98TAJ0,2026-09-28
doi:10.7910/DVN/OKZOUX,2026-09-28
doi:10.7910/DVN/HCEPLX,2026-09-28
doi:10.7910/DVN/6QFVQ6,2026-09-28
doi:10.7910/DVN/1FTGZB,2026-09-28
doi:10.7910/DVN/TG0DTL,2026-09-28
doi:10.7910/DVN/1RFKDZ,2026-09-28
doi:10.7910/DVN/RHGJ8P,2026-09-28
doi:10.7910/DVN/NAGTDV,2026-09-28
doi:10.7910/DVN/P5GW0S,2026-09-28
doi:10.7910/DVN/E5WBE0,2026-09-28
doi:10.7910/DVN/LFH4H8,2026-09-28
doi:10.7910/DVN/IGVQIT,2026-09-28
doi:10.7910/DVN/OK3FTZ,2026-09-28
doi:10.7910/DVN/65OW82,2026-09-28
doi:10.7910/DVN/J0IS6I,2026-09-28
doi:10.7910/DVN/TZXIMJ,2026-09-28
doi:10.7910/DVN/HHGS1I,2026-09-28
doi:10.7910/DVN/DALSUK,2026-09-28
doi:10.7910/DVN/QBJLRO,2026-09-28
doi:10.7910/DVN/AL0V9K,2026-09-28
doi:10.7910/DVN/P6VJAP,2026-09-28
doi:10.7910/DVN/AZAH2V,2026-09-28
doi:10.7910/DVN/WJGJQ7,2026-09-28
doi:10.7910/DVN/MRGM0K,2026-09-28
doi:10.7910/DVN/IHDBTY,2026-09-28
doi:10.7910/DVN/ONEFWB,2026-09-28
doi:10.7910/DVN/TNDPQU,2026-09-28
doi:10.7910/DVN/6HGYSA,2026-09-28
doi:10.7910/DVN/BIETSF,2026-09-28
doi:10.7910/DVN/QFVX6G,2026-09-28
doi:10.7910/DVN/XD2KRJ,2026-09-28
doi:10.7910/DVN/TKQHYQ,2026-09-28
doi:10.7910/DVN/VKM7QO,2026-09-28
doi:10.7910/DVN/MWT7YG,2026-09-28
doi:10.7910/DVN/CO3TWJ,2026-09-28
doi:10.7910/DVN/LWHFRU,2026-09-28
doi:10.7910/DVN/YEFRPC,2026-09-28
doi:10.7910/DVN/N3DG91,2026-09-28
doi:10.7910/DVN/HKFPKD,2026-09-28
doi:10.7910/DVN/MOERTC,2026-09-28
doi:10.7910/DVN/2HH5GL,2026-09-28
doi:10.7910/DVN/O6L4UX,2026-09-28
doi:10.7910/DVN/9ZBLOU,2026-09-28
doi:10.7910/DVN/NS6MYB,2026-09-28
doi:10.7910/DVN/WILS4Y,2026-09-28
doi:10.7910/DVN/MKU5V0,2026-09-28
doi:10.7910/DVN/26TUJE,2026-09-28
doi:10.7910/DVN/YL8V4Y,2026-09-28
doi:10.7910/DVN/SP1UVH,2026-09-28
doi:10.7910/DVN/BED0LS,2026-09-28
doi:10.7910/DVN/XYKL6L,2026-09-28
doi:10.7910/DVN/OFP3HG,2026-09-28
doi:10.7910/DVN/RFAXEY,2026-09-28
doi:10.7910/DVN/XFS42O,2026-09-28
doi:10.7910/DVN/BB7F6Z,2026-09-28
doi:10.7910/DVN/UV7EDQ,2026-09-28
doi:10.7910/DVN/14U9C2,2026-09-28
doi:10.7910/DVN/JURWVP,2026-09-28
doi:10.7910/DVN/VXRL7A,2026-09-28
doi:10.7910/DVN/OSISYZ,2026-09-28
doi:10.7910/DVN/XCIXZB,2026-09-28
doi:10.7910/DVN/V9X6QG,2026-09-28
doi:10.7910/DVN/Q0TUL2,2026-09-28
doi:10.7910/DVN/ETFEMX,2026-09-28
doi:10.7910/DVN/XCSB9W,2026-09-28
doi:10.7910/DVN/BWCZKE,2026-09-28
doi:10.7910/DVN/M4ZWL8,2026-09-28
doi:10.7910/DVN/J0FLAQ,2026-09-28
doi:10.7910/DVN/ZTEIKG,2026-09-28
doi:10.7910/DVN/BQDMAD,2026-09-28
doi:10.7910/DVN/F4GH3L,2026-09-28
doi:10.7910/DVN/Z6S26H,2026-09-28
doi:10.7910/DVN/S3LP6O,2026-09-28
doi:10.7910/DVN/E0NUUX,2026-09-28
doi:10.7910/DVN/RNCIMX,2026-09-28
doi:10.7910/DVN/BBCAYZ,2026-09-28
doi:10.7910/DVN/CWAOGP,2026-09-28
doi:10.7910/DVN/SVGIJV,2026-09-28
doi:10.7910/DVN/CCHS9C,2026-09-28
doi:10.7910/DVN/PX9A61,2026-09-28
doi:10.7910/DVN/J4EUVP,2026-09-28
doi:10.7910/DVN/ALXGD5,2026-09-28
doi:10.7910/DVN/DCAKKT,2026-09-28
doi:10.7910/DVN/LKSG8A,2026-09-28
doi:10.7910/DVN/52HSIA,2026-09-28
doi:10.7910/DVN/YWKZHJ,2026-09-28
doi:10.7910/DVN/NDHS9Q,2026-09-28
doi:10.7910/DVN/DFZFQ2,2026-09-28
doi:10.7910/DVN/JIZ7I1,2026-09-28
doi:10.7910/DVN/HEVGTW,2026-09-28
doi:10.7910/DVN/FOSMRN,2026-09-28
doi:10.7910/DVN/QEIICM,2026-09-28
doi:10.7910/DVN/NQ0F7P,2026-09-28
doi:10.7910/DVN/C6NONY,2026-09-28
doi:10.7910/DVN/LV2CAJ,2026-09-28
doi:10.7910/DVN/0JSW1U,2026-09-28
doi:10.7910/DVN/QFWEE6,2026-09-28
doi:10.7910/DVN/3OWFUK,2026-09-28
doi:10.7910/DVN/R0JYVI,2026-09-28
doi:10.7910/DVN/V1C3AH,2026-09-28
doi:10.7910/DVN/MCQHPU,2026-09-28
doi:10.7910/DVN/Z9AFC1,2026-09-28
doi:10.7910/DVN/D0GFHY,2026-09-28
doi:10.7910/DVN/ES0B5K,2026-09-28
doi:10.7910/DVN/L8SWX7,2026-09-28
doi:10.7910/DVN/U9F4Y9,2026-09-28
doi:10.7910/DVN/D2XM2G,2026-09-28
doi:10.7910/DVN/ILIYPE,2026-09-28
doi:10.7910/DVN/EU7OJ7,2026-09-28
doi:10.7910/DVN/OWY4TK,2026-09-28
doi:10.7910/DVN/PAVD00,2026-09-28
doi:10.7910/DVN/SWTXLZ,2026-09-28
doi:10.7910/DVN/LFSMUJ,2026-09-28
doi:10.7910/DVN/C2XQXV,2026-09-28
doi:10.7910/DVN/AZWKVX,2026-09-28
doi:10.7910/DVN/KXBUZV,2026-09-28
doi:10.7910/DVN/9SWBT6,2026-09-28
doi:10.7910/DVN/ZWW6G9,2026-09-28
doi:10.7910/DVN/GOZIN2,2026-09-28
doi:10.7910/DVN/SDN0BH,2026-09-28
doi:10.7910/DVN/QJ9YQ4,2026-09-28
doi:10.7910/DVN/ACO5QW,2026-09-28
doi:10.7910/DVN/GOERTT,2026-09-28
doi:10.7910/DVN/NW7EPX,2026-09-28
doi:10.7910/DVN/GQ3GR8,2026-09-28
doi:10.7910/DVN/AVX9RS,2026-09-28
doi:10.7910/DVN/BHZBEV,2026-09-28
doi:10.7910/DVN/CCVUFY,2026-09-28
doi:10.7910/DVN/8EEJTX,2026-09-28
doi:10.7910/DVN/QWLP8F,2026-09-28
doi:10.7910/DVN/TYCZCA,2026-09-28
doi:10.7910/DVN/DQM700,2026-09-28
doi:10.7910/DVN/F9CB7G,2026-09-28
doi:10.7910/DVN/5L9C1A,2026-09-28
doi:10.7910/DVN/QKIK4U,2026-09-28
doi:10.7910/DVN/VL1XVO,2026-09-28
doi:10.7910/DVN/JIDELP,2026-09-28
doi:10.7910/DVN/CQMHRW,2026-09-28
doi:10.7910/DVN/2RD8PP,2026-09-28
doi:10.7910/DVN/5BKWME,2026-09-28
doi:10.7910/DVN/N6GFSC,2026-09-28
doi:10.7910/DVN/U999MC,2026-09-28
doi:10.7910/DVN/D81BKR,2026-09-28
doi:10.7910/DVN/YP3XRB,2026-09-28
doi:10.7910/DVN/9D8Y45,2026-09-28
doi:10.7910/DVN/QWMJML,2026-09-28
doi:10.7910/DVN/Y0HJJF,2026-09-28
doi:10.7910/DVN/K2PHQM,2026-09-28
doi:10.7910/DVN/ZUFWZM,2026-09-28
doi:10.7910/DVN/PE2FQH,2026-09-28
doi:10.7910/DVN/YXXWQG,2026-09-28
doi:10.7910/DVN/ZVV0ZZ,2026-09-28
doi:10.7910/DVN/SEKTZX,2026-09-28
doi:10.7910/DVN/J2G8UI,2026-09-28
doi:10.7910/DVN/NMGIPN,2026-09-28
doi:10.7910/DVN/30UALV,2026-09-28
doi:10.7910/DVN/GWBWTJ,2026-09-28
doi:10.7910/DVN/NSALSE,2026-09-28
doi:10.7910/DVN/XIAVZY,2026-09-28
doi:10.7910/DVN/5TTZRQ,2026-09-28
doi:10.7910/DVN/45OBR0,2026-09-28
doi:10.7910/DVN/CUHKVX,2026-09-28
doi:10.7910/DVN/KR31QG,2026-09-28
doi:10.7910/DVN/9HV7XR,2026-09-28
doi:10.7910/DVN/METYMA,2026-09-28
doi:10.7910/DVN/Z8AK9Z,2026-09-28
doi:10.7910/DVN/KM9DEV,2026-09-28
doi:10.7910/DVN/NGML5L,2026-09-28
doi:10.7910/DVN/VHFO7V,2026-09-28
doi:10.7910/DVN/2O0VVB,2026-09-28
doi:10.7910/DVN/I9LSZZ,2026-09-28
doi:10.7910/DVN/2ET6VL,2026-09-28
doi:10.7910/DVN/36BIJK,2026-09-28
doi:10.7910/DVN/J56NMZ,2026-09-28
doi:10.7910/DVN/OD5MBX,2026-09-28
doi:10.7910/DVN/F4NNHX,2026-09-28
doi:10.7910/DVN/E4JCBQ,2026-09-28
doi:10.7910/DVN/N7JN5X,2026-09-28
doi:10.7910/DVN/XPDSYQ,2026-09-28
doi:10.7910/DVN/WFD1HS,2026-09-28
doi:10.7910/DVN/IT2EMM,2026-09-28
doi:10.7910/DVN/SJXZIT,2026-09-28
doi:10.7910/DVN/NU6PZZ,2026-09-28
doi:10.7910/DVN/NQT3UM,2026-09-28
doi:10.7910/DVN/D6YWGL,2026-09-28
doi:10.7910/DVN/BA8G7H,2026-09-28
doi:10.7910/DVN/IX2IHN,2026-09-28
doi:10.7910/DVN/WR0L30,2026-09-28
doi:10.7910/DVN/ADOPTC,2026-09-28
doi:10.7910/DVN/RAHFNN,2026-09-28
doi:10.7910/DVN/RLXMKD,2026-09-28
doi:10.7910/DVN/YWTALO,2026-09-28
doi:10.7910/DVN/PAWMSP,2026-09-28
doi:10.7910/DVN/QYDSAV,2026-09-28
doi:10.7910/DVN/RPAPDB,2026-09-28
doi:10.7910/DVN/KHZQA2,2026-09-28
doi:10.7910/DVN/FXKNCC,2026-09-28
doi:10.7910/DVN/90OBWR,2026-09-28
doi:10.7910/DVN/YFDC8E,2026-09-28
doi:10.7910/DVN/ITEVDB,2026-09-28
doi:10.7910/DVN/XY51ZF,2026-09-28
doi:10.7910/DVN/DFGVTD,2026-09-28
doi:10.7910/DVN/OVSONU,2026-09-28
doi:10.7910/DVN/HVYB4W,2026-09-28
doi:10.7910/DVN/G46IQM,2026-09-28
doi:10.7910/DVN/ECWIXM,2026-09-28
doi:10.7910/DVN/UYOSSF,2026-09-28
doi:10.7910/DVN/HGHKFY,2026-09-28
doi:10.7910/DVN/SDMHFG,2026-09-28
doi:10.7910/DVN/07XIV0,2026-09-28
doi:10.7910/DVN/YPON2J,2026-09-28
doi:10.7910/DVN/PWWSFP,2026-09-28
doi:10.7910/DVN/OQQTMB,2026-09-28
doi:10.7910/DVN/AWXKA5,2026-09-28
doi:10.7910/DVN/DBEKLH,2026-09-28
doi:10.7910/DVN/XKO3BN,2026-09-28
doi:10.7910/DVN/GMFZ4X,2026-09-28
doi:10.7910/DVN/OI44UU,2026-09-28
doi:10.7910/DVN/Z9IZYX,2026-09-28
doi:10.7910/DVN/ZAQTQO,2026-09-28
doi:10.7910/DVN/JMOXQI,2026-09-28
doi:10.7910/DVN/EHAGOF,2026-09-28
doi:10.7910/DVN/2AQ0RX,2026-09-28
doi:10.7910/DVN/QRU9E6,2026-09-28
doi:10.7910/DVN/R7L9T9,2026-09-28
doi:10.7910/DVN/U5B81D,2026-09-28
doi:10.7910/DVN/DQLTVJ,2026-09-28
doi:10.7910/DVN/WVVJFZ,2026-09-28
doi:10.7910/DVN/QTWTFF,2026-09-28
doi:10.7910/DVN/CLOTQP,2026-09-28
doi:10.7910/DVN/3GWZ9J,2026-09-28
doi:10.7910/DVN/OSIQ8I,2026-09-28
doi:10.7910/DVN/FR4HOU,2026-09-28
doi:10.7910/DVN/HVMSDE,2026-09-28
doi:10.7910/DVN/754J03,2026-09-28
doi:10.7910/DVN/0K6LWF,2026-09-28
doi:10.7910/DVN/XHGDPA,2026-09-28
doi:10.7910/DVN/IWMH4T,2026-09-28
doi:10.7910/DVN/LGBXWX,2026-09-28
doi:10.7910/DVN/6QE7NN,2026-09-28
doi:10.7910/DVN/D9H5LH,2026-09-28
doi:10.7910/DVN/TYSETW,2026-09-28
doi:10.7910/DVN/OESR62,2026-09-28
doi:10.7910/DVN/HJF8UO,2026-09-28
doi:10.7910/DVN/SWUYZR,2026-09-28
doi:10.7910/DVN/ALFLK6,2026-09-28
doi:10.7910/DVN/X3ZNP8,2026-09-28
doi:10.7910/DVN/BUEHYT,2026-09-28
doi:10.7910/DVN/5Y5148,2026-09-28
doi:10.7910/DVN/YPV8CD,2026-09-28
doi:10.7910/DVN/PBWLAO,2026-09-28
doi:10.7910/DVN/1GHCOT,2026-09-28
doi:10.7910/DVN/WN3EDC,2026-09-28
doi:10.7910/DVN/29396,2026-09-28
doi:10.7910/DVN/28868,2026-09-28
doi:10.7910/DVN/26222,2026-09-28
doi:10.7910/DVN/23123,2026-09-28
doi:10.7910/DVN/DPQEHZ,2026-09-28
doi:10.7910/DVN/HR6OJ7,2026-09-28
doi:10.7910/DVN/5OY9NS,2026-09-28
doi:10.7910/DVN/7QNE9O,2026-09-28
doi:10.7910/DVN/P7HU5A,2026-09-28
doi:10.7910/DVN/YIJNDA,2026-09-28
doi:10.7910/DVN/O0MDYV,2026-09-28
doi:10.7910/DVN/FOM5IB,2026-09-28
doi:10.7910/DVN/NIJLDG,2026-09-28
doi:10.7910/DVN/TKGV6U,2026-09-28
doi:10.7910/DVN/DFWCBA,2026-09-28
doi:10.7910/DVN/UMVO51,2026-09-28
doi:10.7910/DVN/LCOZIW,2026-09-28
doi:10.7910/DVN/ADZFIA,2026-09-28
doi:10.7910/DVN/N7LPYM,2026-09-28
doi:10.7910/DVN/A2UJYT,2026-09-28
doi:10.7910/DVN/VJKVJ4,2026-09-28
doi:10.7910/DVN/7NZZHL,2026-09-28
doi:10.7910/DVN/UAIHBR,2026-09-28
doi:10.7910/DVN/CPDFPQ,2026-09-28
doi:10.7910/DVN/A1OKBZ,2026-09-28
doi:10.7910/DVN/4SEPIM,2026-09-28
doi:10.7910/DVN/NGRR1Q,2026-09-28
doi:10.7910/DVN/E9CZS9,2026-09-28
doi:10.7910/DVN/LJSEY1,2026-09-28
doi:10.7910/DVN/EPE0TZ,2026-09-28
doi:10.7910/DVN/IKR699,2026-09-28
doi:10.7910/DVN/1DZXGN,2026-09-28
doi:10.7910/DVN/HTDTML,2026-09-28
doi:10.7910/DVN/Q1JXYN,2026-09-28
doi:10.7910/DVN/ODY7PV,2026-09-28
doi:10.7910/DVN/16UKRO,2026-09-28
doi:10.7910/DVN/ALYII5,2026-09-28
doi:10.7910/DVN/UJ9V6V,2026-09-28
doi:10.7910/DVN/VEHRLB,2026-09-28
doi:10.7910/DVN/GSJS0A,2026-09-28
doi:10.7910/DVN/IQ6EBZ,2026-09-28
doi:10.7910/DVN/RFXFM5,2026-09-28
doi:10.7910/DVN/NEZ4DG,2026-09-28
doi:10.7910/DVN/MZHF85,2026-09-28
doi:10.7910/DVN/PCZEOM,2026-09-28
doi:10.7910/DVN/ANDKJP,2026-09-28
doi:10.7910/DVN/GJFYGX,2026-09-28
doi:10.7910/DVN/NLZ5AM,2026-09-28
doi:10.7910/DVN/RYHYCI,2026-09-28
doi:10.7910/DVN/QKXIKC,2026-09-28
doi:10.7910/DVN/4ZMZA3,2026-09-28
doi:10.7910/DVN/P1IZAT,2026-09-28
doi:10.7910/DVN/0LO32X,2026-09-28
doi:10.7910/DVN/MBANSJ,2026-09-28
doi:10.7910/DVN/FJ293O,2026-09-28
doi:10.7910/DVN/VNVOFH,2026-09-28
doi:10.7910/DVN/8F5FQB,2026-09-28
doi:10.7910/DVN/ITCCJR,2026-09-28
doi:10.7910/DVN/ZUIIHL,2026-09-28
doi:10.7910/DVN/RPCQX0,2026-09-28
doi:10.7910/DVN/3CJTAH,2026-09-28
doi:10.7910/DVN/64H6XO,2026-09-28
doi:10.7910/DVN/TWNMQP,2026-09-28
doi:10.7910/DVN/CBKE9P,2026-09-28
doi:10.7910/DVN/AEZ83R,2026-09-28
doi:10.7910/DVN/N1VCWY,2026-09-28
doi:10.7910/DVN/QOXUYW,2026-09-28
doi:10.7910/DVN/KP3AXH,2026-09-28
doi:10.7910/DVN/K8CKVJ,2026-09-28
doi:10.7910/DVN/OCHIPB,2026-09-28
doi:10.7910/DVN/PUG74Y,2026-09-28
doi:10.7910/DVN/JP8TYG,2026-09-28
doi:10.7910/DVN/BGWFTJ,2026-09-28
doi:10.7910/DVN/ETYV7G,2026-09-28
doi:10.7910/DVN/IJ5WV4,2026-09-28
doi:10.7910/DVN/TNHSL2,2026-09-28
doi:10.7910/DVN/HH369O,2026-09-28
doi:10.7910/DVN/5LF2EU,2026-09-28
doi:10.7910/DVN/VXAACE,2026-09-28
doi:10.7910/DVN/OPGXR0,2026-09-28
doi:10.7910/DVN/ZHMLKW,2026-09-28
doi:10.7910/DVN/7MJOO0,2026-09-28
doi:10.7910/DVN/JKFJDH,2026-09-28
doi:10.7910/DVN/DZV05T,2026-09-28
doi:10.7910/DVN/57CGX5,2026-09-28
doi:10.7910/DVN/WWKXEU,2026-09-28
doi:10.7910/DVN/J3WJMB,2026-09-28
doi:10.7910/DVN/Q88QRI,2026-09-28
doi:10.7910/DVN/TJBZ7N,2026-09-28
doi:10.7910/DVN/8ODIRK,2026-09-28
doi:10.7910/DVN/3ZQ89F,2026-09-28
doi:10.7910/DVN/AZ8KQQ,2026-09-28
doi:10.7910/DVN/04COVT,2026-09-28
doi:10.7910/DVN/CJDJMJ,2026-09-28
doi:10.7910/DVN/TPY3PM,2026-09-28
doi:10.7910/DVN/4ETFPS,2026-09-28
doi:10.7910/DVN/OJQAW8,2026-09-28
doi:10.7910/DVN/XSOTDJ,2026-09-28
doi:10.7910/DVN/AVWWXV,2026-09-28
doi:10.7910/DVN/CFPFU7,2026-09-28
doi:10.7910/DVN/2X2WPK,2026-09-28
doi:10.7910/DVN/JKACXE,2026-09-28
doi:10.7910/DVN/B4K37T,2026-09-28
doi:10.7910/DVN/KMWN9M,2026-09-28
doi:10.7910/DVN/RCILJF,2026-09-28
doi:10.7910/DVN/8F3CHC,2026-09-28
doi:10.7910/DVN/H0WDKI,2026-09-28
doi:10.7910/DVN/3BCD6V,2026-09-28
doi:10.7910/DVN/S1SF0O,2026-09-28
doi:10.7910/DVN/WLWSIJ,2026-09-28
doi:10.7910/DVN/0PJ8XC,2026-09-28
doi:10.7910/DVN/IESPLB,2026-09-28
doi:10.7910/DVN/FSZ7V6,2026-09-28
doi:10.7910/DVN/6KNPFQ,2026-09-28
doi:10.7910/DVN/TQCAU0,2026-09-28
doi:10.7910/DVN/Q1TCV0,2026-09-28
doi:10.7910/DVN/AVREKZ,2026-09-28
doi:10.7910/DVN/K2NMYK,2026-09-28
doi:10.7910/DVN/N150HF,2026-09-28
doi:10.7910/DVN/PQDGER,2026-09-28
doi:10.7910/DVN/AXPOZS,2026-09-28
doi:10.7910/DVN/TT9NYX,2026-09-28
doi:10.7910/DVN/IY8EML,2026-09-28
doi:10.7910/DVN/RPCESJ,2026-09-28
doi:10.7910/DVN/WUHTFE,2026-09-28
doi:10.7910/DVN/WXT2TV,2026-09-28
doi:10.7910/DVN/R3OZ1X,2026-09-28
doi:10.7910/DVN/BRPGM2,2026-09-28
doi:10.7910/DVN/MJIF4M,2026-09-28
doi:10.7910/DVN/W68V9S,2026-09-28
doi:10.7910/DVN/KUBN9M,2026-09-28
doi:10.7910/DVN/5MRQDN,2026-09-28
doi:10.7910/DVN/XDEURU,2026-09-28
doi:10.7910/DVN/2RJWYU,2026-09-28
doi:10.7910/DVN/2VGIIW,2026-09-28
doi:10.7910/DVN/KF8L4L,2026-09-28
doi:10.7910/DVN/SYVZLI,2026-09-28
doi:10.7910/DVN/DZIHSB,2026-09-28
doi:10.7910/DVN/SWWNOF,2026-09-28
doi:10.7910/DVN/X9R8FI,2026-09-28
doi:10.7910/DVN/PI0XYU,2026-09-28
doi:10.7910/DVN/AVTED4,2026-09-28
doi:10.7910/DVN/1FVL19,2026-09-28
doi:10.7910/DVN/ZESNEL,2026-09-28
doi:10.7910/DVN/APUZYP,2026-09-28
doi:10.7910/DVN/YOZ8UC,2026-09-28
doi:10.7910/DVN/GWOSUS,2026-09-28
doi:10.7910/DVN/ITK6ZS,2026-09-28
doi:10.7910/DVN/9LVUQI,2026-09-28
doi:10.7910/DVN/ZDFX1V,2026-09-28
doi:10.7910/DVN/BNUUIL,2026-09-28
doi:10.7910/DVN/6GS8QM,2026-09-28
doi:10.7910/DVN/AIJVJB,2026-09-28
doi:10.7910/DVN/JKGPB7,2026-09-28
doi:10.7910/DVN/PAQ3NG,2026-09-28
doi:10.7910/DVN/WEJEGG,2026-09-28
doi:10.7910/DVN/QUVPD7,2026-09-28
doi:10.7910/DVN/DONUS3,2026-09-28
doi:10.7910/DVN/GC32BJ,2026-09-28
doi:10.7910/DVN/1TYGV6,2026-09-28
doi:10.7910/DVN/EBSUNP,2026-09-28
doi:10.7910/DVN/QP50GA,2026-09-28
doi:10.7910/DVN/NCZKCH,2026-09-28
doi:10.7910/DVN/D5YYHO,2026-09-28
doi:10.7910/DVN/H8RIBF,2026-09-28
doi:10.7910/DVN/C40CHP,2026-09-28
doi:10.7910/DVN/PUYD5U,2026-09-28
doi:10.7910/DVN/V3XVUR,2026-09-28
doi:10.7910/DVN/WCJWVF,2026-09-28
doi:10.7910/DVN/MLMGQL,2026-09-28
doi:10.7910/DVN/HZ0JZT,2026-09-28
doi:10.7910/DVN/UVVSIR,2026-09-28
doi:10.7910/DVN/XOWWHF,2026-09-28
doi:10.7910/DVN/PGSVJP,2026-09-28
doi:10.7910/DVN/NUUJKQ,2026-09-28
doi:10.7910/DVN/OYTSWX,2026-09-28
doi:10.7910/DVN/QVMZMC,2026-09-28
doi:10.7910/DVN/IVENBD,2026-09-28
doi:10.7910/DVN/PPBS5T,2026-09-28
doi:10.7910/DVN/JAVSYJ,2026-09-28
doi:10.7910/DVN/JPCNDC,2026-09-28
doi:10.7910/DVN/2MXKOT,2026-09-28
doi:10.7910/DVN/THQBDI,2026-09-28
doi:10.7910/DVN/YVMPNW,2026-09-28
doi:10.7910/DVN/08QUDG,2026-09-28
doi:10.7910/DVN/PJQ57U,2026-09-28
doi:10.7910/DVN/2BA5OY,2026-09-28
doi:10.7910/DVN/HHDJUQ,2026-09-28
doi:10.7910/DVN/DESIU2,2026-09-28
doi:10.7910/DVN/3KNHWH,2026-09-28
doi:10.7910/DVN/CBYWG4,2026-09-28
doi:10.7910/DVN/N5HRDP,2026-09-28
doi:10.7910/DVN/TM6R4J,2026-09-28
doi:10.7910/DVN/93YDQM,2026-09-28
doi:10.7910/DVN/SYFSLI,2026-09-28
doi:10.7910/DVN/XG3VJU,2026-09-28
doi:10.7910/DVN/YZSKAP,2026-09-28
doi:10.7910/DVN/HUMCVU,2026-09-28
doi:10.7910/DVN/E6ND6G,2026-09-28
doi:10.7910/DVN/PSOWOV,2026-09-28
doi:10.7910/DVN/T6MCAG,2026-09-28
doi:10.7910/DVN/VSNSDR,2026-09-28
doi:10.7910/DVN/UXUENA,2026-09-28
doi:10.7910/DVN/6ECD1D,2026-09-28
doi:10.7910/DVN/QL0KJN,2026-09-28
doi:10.7910/DVN/WHE2BC,2026-09-28
doi:10.7910/DVN/ZO1OAX,2026-09-28
doi:10.7910/DVN/H7BWDJ,2026-09-28
doi:10.7910/DVN/53K0QC,2026-09-28
doi:10.7910/DVN/GHQKSW,2026-09-28
doi:10.7910/DVN/PZM6HI,2026-09-28
doi:10.7910/DVN/CT5K2E,2026-09-28
doi:10.7910/DVN/M4YRVC,2026-09-28
doi:10.7910/DVN/MPWVJ7,2026-09-28
doi:10.7910/DVN/KX94FG,2026-09-28
doi:10.7910/DVN/NNAVTE,2026-09-28
doi:10.7910/DVN/QR0YYC,2026-09-28
doi:10.7910/DVN/WG1QRH,2026-09-28
doi:10.7910/DVN/0WI68H,2026-09-28
doi:10.7910/DVN/JQKIFP,2026-09-28
doi:10.7910/DVN/9WTUVR,2026-09-28
doi:10.7910/DVN/QMVU0Z,2026-09-28
doi:10.7910/DVN/XI7MWK,2026-09-28
doi:10.7910/DVN/ZHUACD,2026-09-28
doi:10.7910/DVN/E2JO5N,2026-09-28
doi:10.7910/DVN/IW4FP8,2026-09-28
doi:10.7910/DVN/AKKDGC,2026-09-28
doi:10.7910/DVN/RO5BLP,2026-09-28
doi:10.7910/DVN/21ARWA,2026-09-28
doi:10.7910/DVN/ST2ONR,2026-09-28
doi:10.7910/DVN/AINILA,2026-09-28
doi:10.7910/DVN/F9RDNK,2026-09-28
doi:10.7910/DVN/VCHMLD,2026-09-28
doi:10.7910/DVN/RX2WBG,2026-09-28
doi:10.7910/DVN/U5GT7X,2026-09-28
doi:10.7910/DVN/ENUFXJ,2026-09-28
doi:10.7910/DVN/BFOY4A,2026-09-28
doi:10.7910/DVN/8JVXOS,2026-09-28
doi:10.7910/DVN/O1RCGV,2026-09-28
doi:10.7910/DVN/POZ9IL,2026-09-28
doi:10.7910/DVN/MMMYGJ,2026-09-28
doi:10.7910/DVN/MLERXI,2026-09-28
doi:10.7910/DVN/4KU6NI,2026-09-28
doi:10.7910/DVN/VHWKQP,2026-09-28
doi:10.7910/DVN/R2EO73,2026-09-28
doi:10.7910/DVN/NBS63L,2026-09-28
doi:10.7910/DVN/QEQDDG,2026-09-28
doi:10.7910/DVN/KLRTHN,2026-09-28
doi:10.7910/DVN/DIIYV3,2026-09-28
doi:10.7910/DVN/KNYOWY,2026-09-28
doi:10.7910/DVN/S1ULGB,2026-09-28
doi:10.7910/DVN/TBBSFI,2026-09-28
doi:10.7910/DVN/WXOYVM,2026-09-28
doi:10.7910/DVN/IISRW5,2026-09-28
doi:10.7910/DVN/KKOHWP,2026-09-28
doi:10.7910/DVN/CY4D8P,2026-09-28
doi:10.7910/DVN/ZWLFWO,2026-09-28
doi:10.7910/DVN/N6UCR3,2026-09-28
doi:10.7910/DVN/POV0O0,2026-09-28
doi:10.7910/DVN/YGSMIF,2026-09-28
doi:10.7910/DVN/01BU1N,2026-09-28
doi:10.7910/DVN/BEC5IZ,2026-09-28
doi:10.7910/DVN/KBX2SL,2026-09-28
doi:10.7910/DVN/XFCGKU,2026-09-28
doi:10.7910/DVN/QWYXTK,2026-09-28
doi:10.7910/DVN/TA4DUW,2026-09-28
doi:10.7910/DVN/ITWSK2,2026-09-28
doi:10.7910/DVN/ZXYKLX,2026-09-28
doi:10.7910/DVN/ZQDC1D,2026-09-28
doi:10.7910/DVN/GCZG82,2026-09-28
doi:10.7910/DVN/TY8RB9,2026-09-28
doi:10.7910/DVN/7IW6JF,2026-09-28
doi:10.7910/DVN/IAD3SQ,2026-09-28
doi:10.7910/DVN/43NTUY,2026-09-28
doi:10.7910/DVN/7IWKOV,2026-09-28
doi:10.7910/DVN/BPNCX4,2026-09-28
doi:10.7910/DVN/0ZSTDM,2026-09-28
doi:10.7910/DVN/R57MJ4,2026-09-28
doi:10.7910/DVN/TD6YHR,2026-09-28
doi:10.7910/DVN/RWFPHU,2026-09-28
doi:10.7910/DVN/YBKP8C,2026-09-28
doi:10.7910/DVN/ESGRRS,2026-09-28
doi:10.7910/DVN/CMFPFR,2026-09-28
doi:10.7910/DVN/MO72A2,2026-09-28
doi:10.7910/DVN/IEPB4B,2026-09-28
doi:10.7910/DVN/VCWAXV,2026-09-28
doi:10.7910/DVN/TAZPWZ,2026-09-28
doi:10.7910/DVN/6MFGLC,2026-09-28
doi:10.7910/DVN/EYE5IF,2026-09-28
doi:10.7910/DVN/VSNQPI,2026-09-28
doi:10.7910/DVN/PG2RCO,2026-09-28
doi:10.7910/DVN/SRYVKV,2026-09-28
doi:10.7910/DVN/BVQU65,2026-09-28
doi:10.7910/DVN/GQOAJG,2026-09-28
doi:10.7910/DVN/LGWQB5,2026-09-28
doi:10.7910/DVN/MPPMA7,2026-09-28
doi:10.7910/DVN/FIHGN0,2026-09-28
doi:10.7910/DVN/LYW91V,2026-09-28
doi:10.7910/DVN/5ZAFIF,2026-09-28
doi:10.7910/DVN/SZNZBV,2026-09-28
doi:10.7910/DVN/IB9OSK,2026-09-28
doi:10.7910/DVN/DYHANZ,2026-09-28
doi:10.7910/DVN/RTUBVV,2026-09-28
doi:10.7910/DVN/YCOSD2,2026-09-28
doi:10.7910/DVN/ONMBPF,2026-09-28
doi:10.7910/DVN/K8J8GU,2026-09-28
doi:10.7910/DVN/J62BZM,2026-09-28
doi:10.7910/DVN/8GWO7H,2026-09-28
doi:10.7910/DVN/J8TLGX,2026-09-28
doi:10.7910/DVN/ZNBYLT,2026-09-28
doi:10.7910/DVN/UIF9BL,2026-09-28
doi:10.7910/DVN/8KQHYP,2026-09-28
doi:10.7910/DVN/GJIIU3,2026-09-28
doi:10.7910/DVN/XWLQ6P,2026-09-28
doi:10.7910/DVN/ZEYLMH,2026-09-28
doi:10.7910/DVN/ZRWAR0,2026-09-28
doi:10.7910/DVN/VQCGNW,2026-09-28
doi:10.7910/DVN/0BLAWN,2026-09-28
doi:10.7910/DVN/3DIDV7,2026-09-28
doi:10.7910/DVN/XJ2BDK,2026-09-28
doi:10.7910/DVN/2CD3VZ,2026-09-28
doi:10.7910/DVN/IJIBH3,2026-09-28
doi:10.7910/DVN/RGZWNJ,2026-09-28
doi:10.7910/DVN/JF3Z7V,2026-09-28
doi:10.7910/DVN/IVLUBU,2026-09-28
doi:10.7910/DVN/9IZO5I,2026-09-28
doi:10.7910/DVN/RZVEJ7,2026-09-28
doi:10.7910/DVN/CTWSDT,2026-09-28
doi:10.7910/DVN/IXOMN4,2026-09-28
doi:10.7910/DVN/IOX23B,2026-09-28
doi:10.7910/DVN/IRUDXK,2026-09-28
doi:10.7910/DVN/Q7SFJW,2026-09-28
doi:10.7910/DVN/OJQV5O,2026-09-28
doi:10.7910/DVN/3VQXIM,2026-09-28
doi:10.7910/DVN/KH0JJR,2026-09-28
doi:10.7910/DVN/U0ITDX,2026-09-28
doi:10.7910/DVN/IWLKCW,2026-09-28
doi:10.7910/DVN/OWOZSD,2026-09-28
doi:10.7910/DVN/OF2PIH,2026-09-28
doi:10.7910/DVN/KVTPVX,2026-09-28
doi:10.7910/DVN/78ZHZH,2026-09-28
doi:10.7910/DVN/J9IJGM,2026-09-28
doi:10.7910/DVN/BA2WPD,2026-09-28
doi:10.7910/DVN/EFXNLX,2026-09-28
doi:10.7910/DVN/MHLM6J,2026-09-28
doi:10.7910/DVN/RINGFV,2026-09-28
doi:10.7910/DVN/UN2SMP,2026-09-28
doi:10.7910/DVN/CFPACR,2026-09-28
doi:10.7910/DVN/LH7RM3,2026-09-28
doi:10.7910/DVN/28HGPY,2026-09-28
doi:10.7910/DVN/OQG8DB,2026-09-28
doi:10.7910/DVN/0PVY33,2026-09-28
doi:10.7910/DVN/LIVEUK,2026-09-28
doi:10.7910/DVN/ZKDNHH,2026-09-28
doi:10.7910/DVN/WGPDBS,2026-09-28
doi:10.7910/DVN/IONQ8V,2026-09-28
doi:10.7910/DVN/I2XZTY,2026-09-28
doi:10.7910/DVN/CMVB4Q,2026-09-28
doi:10.7910/DVN/HWWVAX,2026-09-28
doi:10.7910/DVN/Z66XXP,2026-09-28
doi:10.7910/DVN/ZWAGXZ,2026-09-28
doi:10.7910/DVN/FMVTUF,2026-09-28
doi:10.7910/DVN/BU9XAZ,2026-09-28
doi:10.7910/DVN/OQBWQ4,2026-09-28
doi:10.7910/DVN/QWVACY,2026-09-28
doi:10.7910/DVN/KKUZXW,2026-09-28
doi:10.7910/DVN/FRGHVR,2026-09-28
doi:10.7910/DVN/KDGUS6,2026-09-28
doi:10.7910/DVN/O8MLXX,2026-09-28
doi:10.7910/DVN/8AJYXZ,2026-09-28
doi:10.7910/DVN/X4EUKO,2026-09-28
doi:10.7910/DVN/FRBXQW,2026-09-28
doi:10.7910/DVN/01F70K,2026-09-28
doi:10.7910/DVN/TDDMIB,2026-09-28
doi:10.7910/DVN/GZDRRG,2026-09-28
doi:10.7910/DVN/9GMWFE,2026-09-28
doi:10.7910/DVN/TRR0DK,2026-09-28
doi:10.7910/DVN/SUDLEG,2026-09-28
doi:10.7910/DVN/TGMF6R,2026-09-28
doi:10.7910/DVN/Z6YXV0,2026-09-28
doi:10.7910/DVN/GAX8JV,2026-09-28
doi:10.7910/DVN/X6MMEJ,2026-09-28
doi:10.7910/DVN/YN03BJ,2026-09-28
doi:10.7910/DVN/7JW4EL,2026-09-28
doi:10.7910/DVN/MMG1F3,2026-09-28
doi:10.7910/DVN/HPMEVO,2026-09-28
doi:10.7910/DVN/CVOTBI,2026-09-28
doi:10.7910/DVN/RUNY3Y,2026-09-28
doi:10.7910/DVN/SKUWAQ,2026-09-28
doi:10.7910/DVN/YBCZHI,2026-09-28
doi:10.7910/DVN/BGTAGA,2026-09-28
doi:10.7910/DVN/PURXWF,2026-09-28
doi:10.7910/DVN/Q7USJQ,2026-09-28
doi:10.7910/DVN/WKJMZY,2026-09-28
doi:10.7910/DVN/FY7SVG,2026-09-28
doi:10.7910/DVN/J33F9O,2026-09-28
doi:10.7910/DVN/7PAB1N,2026-09-28
doi:10.7910/DVN/GUATS6,2026-09-28
doi:10.7910/DVN/MPLQUI,2026-09-28
doi:10.7910/DVN/GZRCCJ,2026-09-28
doi:10.7910/DVN/NNXBHP,2026-09-28
doi:10.7910/DVN/UBQYXT,2026-09-28
doi:10.7910/DVN/BRJNBS,2026-09-28
doi:10.7910/DVN/R9PGXI,2026-09-28
doi:10.7910/DVN/YXWASQ,2026-09-28
doi:10.7910/DVN/YDC4XD,2026-09-28
doi:10.7910/DVN/59NTIL,2026-09-28
doi:10.7910/DVN/T4GBDS,2026-09-28
doi:10.7910/DVN/WFRUXM,2026-09-28
doi:10.7910/DVN/T89O95,2026-09-28
doi:10.7910/DVN/USP7LQ,2026-09-28
doi:10.7910/DVN/8WCOCN,2026-09-28
doi:10.7910/DVN/XYYAQC,2026-09-28
doi:10.7910/DVN/VJCL6D,2026-09-28
doi:10.7910/DVN/JXJ0ZS,2026-09-28
doi:10.7910/DVN/VYGJAM,2026-09-28
doi:10.7910/DVN/88AACL,2026-09-28
doi:10.7910/DVN/YKDXJL,2026-09-28
doi:10.7910/DVN/ZBZPV3,2026-09-28
doi:10.7910/DVN/RDQZUM,2026-09-28
doi:10.7910/DVN/COZN1F,2026-09-28
doi:10.7910/DVN/EXISK5,2026-09-28
doi:10.7910/DVN/UKOSTN,2026-09-28
doi:10.7910/DVN/MZUOWG,2026-09-28
doi:10.7910/DVN/LQQ5FE,2026-09-28
doi:10.7910/DVN/SWORPS,2026-09-28
doi:10.7910/DVN/L4XKEZ,2026-09-28
doi:10.7910/DVN/DE0OVP,2026-09-28
doi:10.7910/DVN/YXGVBT,2026-09-28
doi:10.7910/DVN/V8DLYR,2026-09-28
doi:10.7910/DVN/ZRUDFC,2026-09-28
doi:10.7910/DVN/6FBXGL,2026-09-28
doi:10.7910/DVN/CFEIEQ,2026-09-28
doi:10.7910/DVN/SISU79,2026-09-28
doi:10.7910/DVN/IJEWYV,2026-09-28
doi:10.7910/DVN/M0NGKW,2026-09-28
doi:10.7910/DVN/ZX4HGA,2026-09-28
doi:10.7910/DVN/XBWR8N,2026-09-28
doi:10.7910/DVN/1HPT9N,2026-09-28
doi:10.7910/DVN/LAYMOS,2026-09-28
doi:10.7910/DVN/Z0F7KO,2026-09-28
doi:10.7910/DVN/RYJK3W,2026-09-28
doi:10.7910/DVN/MS0NFV,2026-09-28
doi:10.7910/DVN/O9UVFU,2026-09-28
doi:10.7910/DVN/SVGV76,2026-09-28
doi:10.7910/DVN/2JCJLX,2026-09-28
doi:10.7910/DVN/4SIEEF,2026-09-28
doi:10.7910/DVN/0AX8T1,2026-09-28
doi:10.7910/DVN/TKORD8,2026-09-28
doi:10.7910/DVN/URJM7O,2026-09-28
doi:10.7910/DVN/QHMXAQ,2026-09-28
doi:10.7910/DVN/92ELXT,2026-09-28
doi:10.7910/DVN/IZKZET,2026-09-28
doi:10.7910/DVN/OXZXUB,2026-09-28
doi:10.7910/DVN/JC2QJ0,2026-09-28
doi:10.7910/DVN/XFHBPO,2026-09-28
doi:10.7910/DVN/AJYEDA,2026-09-28
doi:10.7910/DVN/CORRXG,2026-09-28
doi:10.7910/DVN/5JS2AB,2026-09-28
doi:10.7910/DVN/MCV1LU,2026-09-28
doi:10.7910/DVN/EDEJND,2026-09-28
doi:10.7910/DVN/XCLNIE,2026-09-28
doi:10.7910/DVN/G7EOGT,2026-09-28
doi:10.7910/DVN/AHUIEC,2026-09-28
doi:10.7910/DVN/6IRW0N,2026-09-28
doi:10.7910/DVN/6HALRE,2026-09-28
doi:10.7910/DVN/ISJPJN,2026-09-28
doi:10.7910/DVN/E4I6ZV,2026-09-28
doi:10.7910/DVN/H6DWAO,2026-09-28
doi:10.7910/DVN/U23L09,2026-09-28
doi:10.7910/DVN/PVIGW1,2026-09-28
doi:10.7910/DVN/CTAY6U,2026-09-28
doi:10.7910/DVN/59F366,2026-09-28
doi:10.7910/DVN/HMYNRV,2026-09-28
doi:10.7910/DVN/MT7XU0,2026-09-28
doi:10.7910/DVN/XTJRQN,2026-09-28
doi:10.7910/DVN/2ZEVWT,2026-09-28
doi:10.7910/DVN/BMTO0R,2026-09-28
doi:10.7910/DVN/OUAYYH,2026-09-28
doi:10.7910/DVN/AGRX5U,2026-09-28
doi:10.7910/DVN/SHADUV,2026-09-28
doi:10.7910/DVN/SUS2KV,2026-09-28
doi:10.7910/DVN/RRBQAU,2026-09-28
doi:10.7910/DVN/C3RSF5,2026-09-28
doi:10.7910/DVN/7EGFAM,2026-09-28
doi:10.7910/DVN/3IHOLN,2026-09-28
doi:10.7910/DVN/WP7ETR,2026-09-28
doi:10.7910/DVN/KGUTGA,2026-09-28
doi:10.7910/DVN/CQNETA,2026-09-28
doi:10.7910/DVN/WKQTNZ,2026-09-28
doi:10.7910/DVN/OBGAHG,2026-09-28
doi:10.7910/DVN/QZVK4B,2026-09-28
doi:10.7910/DVN/LTJIDX,2026-09-28
doi:10.7910/DVN/GUAY8P,2026-09-28
doi:10.7910/DVN/LK5ARP,2026-09-28
doi:10.7910/DVN/WSUHI3,2026-09-28
doi:10.7910/DVN/B3YH3T,2026-09-28
doi:10.7910/DVN/WYTRZC,2026-09-28
doi:10.7910/DVN/NPQ3FB,2026-09-28
doi:10.7910/DVN/XZJP2J,2026-09-28
doi:10.7910/DVN/YQNLWF,2026-09-28
doi:10.7910/DVN/VXVBNI,2026-09-28
doi:10.7910/DVN/HZBYG7,2026-09-28
doi:10.7910/DVN/9DAQH4,2026-09-28
doi:10.7910/DVN/DY1282,2026-09-28
doi:10.7910/DVN/UYUU9G,2026-09-28
doi:10.7910/DVN/4JXJWI,2026-09-28
doi:10.7910/DVN/NM7VK7,2026-09-28
doi:10.7910/DVN/LD9STS,2026-09-28
doi:10.7910/DVN/BEQRZC,2026-09-28
doi:10.7910/DVN/SGKPSH,2026-09-28
doi:10.7910/DVN/HRUGSI,2026-09-28
doi:10.7910/DVN/MBAVJW,2026-09-28
doi:10.7910/DVN/P9SUH8,2026-09-28
doi:10.7910/DVN/D155SP,2026-09-28
doi:10.7910/DVN/SCN9LA,2026-09-28
doi:10.7910/DVN/QGEQCQ,2026-09-28
doi:10.7910/DVN/T5FLOH,2026-09-28
doi:10.7910/DVN/5VJF4S,2026-09-28
doi:10.7910/DVN/V9DNG8,2026-09-28
doi:10.7910/DVN/ERNXOP,2026-09-28
doi:10.7910/DVN/BP5G4Q,2026-09-28
doi:10.7910/DVN/DIIQF7,2026-09-28
doi:10.7910/DVN/KJCN21,2026-09-28
doi:10.7910/DVN/UYUZYA,2026-09-28
doi:10.7910/DVN/NW4LIO,2026-09-28
doi:10.7910/DVN/SING1G,2026-09-28
doi:10.7910/DVN/CEAAAT,2026-09-28
doi:10.7910/DVN/EXVUEA,2026-09-28
doi:10.7910/DVN/NBTRGA,2026-09-28
doi:10.7910/DVN/TGKZ2T,2026-09-28
doi:10.7910/DVN/XIPZQT,2026-09-28
doi:10.7910/DVN/PEXMHA,2026-09-28
doi:10.7910/DVN/C5OXWN,2026-09-28
doi:10.7910/DVN/2B9T2H,2026-09-28
doi:10.7910/DVN/MFJMQN,2026-09-28
doi:10.7910/DVN/4B5AD1,2026-09-28
doi:10.7910/DVN/12SK8B,2026-09-28
doi:10.7910/DVN/B9OYRP,2026-09-28
doi:10.7910/DVN/MCMKKT,2026-09-28
doi:10.7910/DVN/M0H9IQ,2026-09-28
doi:10.7910/DVN/ZPAFER,2026-09-28
doi:10.7910/DVN/2X1EHN,2026-09-28
doi:10.7910/DVN/V5TUYQ,2026-09-28
doi:10.7910/DVN/WATYCB,2026-09-28
doi:10.7910/DVN/XK6QHU,2026-09-28
doi:10.7910/DVN/JHJEGT,2026-09-28
doi:10.7910/DVN/BC7U1D,2026-09-28
doi:10.7910/DVN/XERJIF,2026-09-28
doi:10.7910/DVN/NDTGKY,2026-09-28
doi:10.7910/DVN/QJOMLG,2026-09-28
doi:10.7910/DVN/HKBZNG,2026-09-28
doi:10.7910/DVN/E8EOOD,2026-09-28
doi:10.7910/DVN/MPUEIC,2026-09-28
doi:10.7910/DVN/9W5DBM,2026-09-28
doi:10.7910/DVN/HLLLGF,2026-09-28
doi:10.7910/DVN/EJKDS6,2026-09-28
doi:10.7910/DVN/LGISTM,2026-09-28
doi:10.7910/DVN/QPAALU,2026-09-28
doi:10.7910/DVN/OB2GXR,2026-09-28
doi:10.7910/DVN/XOWF9C,2026-09-28
doi:10.7910/DVN/7EBDDY,2026-09-28
doi:10.7910/DVN/HARTMV,2026-09-28
doi:10.7910/DVN/TNABTF,2026-09-28
doi:10.7910/DVN/DUCHYS,2026-09-28
doi:10.7910/DVN/2JMT9J,2026-09-28
doi:10.7910/DVN/MZAALH,2026-09-28
doi:10.7910/DVN/4G3GEV,2026-09-28
doi:10.7910/DVN/K3I16E,2026-09-28
doi:10.7910/DVN/ZF32UF,2026-09-28
doi:10.7910/DVN/7G092W,2026-09-28
doi:10.7910/DVN/KDO5AM,2026-09-28
doi:10.7910/DVN/OKPRJG,2026-09-28
doi:10.7910/DVN/MSY9L1,2026-09-28
doi:10.7910/DVN/SV5VHH,2026-09-28
doi:10.7910/DVN/HL7ZYO,2026-09-28
doi:10.7910/DVN/KHNBZL,2026-09-28
doi:10.7910/DVN/7U5KEJ,2026-09-28
doi:10.7910/DVN/PY8COU,2026-09-28
doi:10.7910/DVN/7RN8QO,2026-09-28
doi:10.7910/DVN/7PKVUC,2026-09-28
doi:10.7910/DVN/VLFHHR,2026-09-28
doi:10.7910/DVN/NUWHQP,2026-09-28
doi:10.7910/DVN/F4UHHW,2026-09-28
doi:10.7910/DVN/NXESQQ,2026-09-28
doi:10.7910/DVN/FZVF5X,2026-09-28
doi:10.7910/DVN/MXNQ7F,2026-09-28
doi:10.7910/DVN/LMFOBS,2026-09-28
doi:10.7910/DVN/BZC110,2026-09-28
doi:10.7910/DVN/KUEXLW,2026-09-28
doi:10.7910/DVN/VTFDX6,2026-09-28
doi:10.7910/DVN/8BE6M9,2026-09-28
doi:10.7910/DVN/KZ5BJF,2026-09-28
doi:10.7910/DVN/JWZ75L,2026-09-28
doi:10.7910/DVN/8APIHS,2026-09-28
doi:10.7910/DVN/JDSFJO,2026-09-28
doi:10.7910/DVN/Y6JJ0A,2026-09-28
doi:10.7910/DVN/YITNSV,2026-09-28
doi:10.7910/DVN/BQWZJF,2026-09-28
doi:10.7910/DVN/69RUAD,2026-09-28
doi:10.7910/DVN/SECNCZ,2026-09-28
doi:10.7910/DVN/SCTVOF,2026-09-28
doi:10.7910/DVN/YFM0BW,2026-09-28
doi:10.7910/DVN/1QMLOV,2026-09-28
doi:10.7910/DVN/JZ55TF,2026-09-28
doi:10.7910/DVN/QVOLDN,2026-09-28
doi:10.7910/DVN/G2VRQH,2026-09-28
doi:10.7910/DVN/JJ5BBX,2026-09-28
doi:10.7910/DVN/GFLSLH,2026-09-28
doi:10.7910/DVN/6PXYGY,2026-09-28
doi:10.7910/DVN/UUPSCM,2026-09-28
doi:10.7910/DVN/GBSOAS,2026-09-28
doi:10.7910/DVN/TVJCTX,2026-09-28
doi:10.7910/DVN/UCTXEF,2026-09-28
doi:10.7910/DVN/YDNVSN,2026-09-28
doi:10.7910/DVN/FSK6NZ,2026-09-28
doi:10.7910/DVN/GLDGAD,2026-09-28
doi:10.7910/DVN/XDVIBG,2026-09-28
doi:10.7910/DVN/L18QRY,2026-09-28
doi:10.7910/DVN/7ZRCS6,2026-09-28
doi:10.7910/DVN/BDCJBZ,2026-09-28
doi:10.7910/DVN/DIUPUA,2026-09-28
doi:10.7910/DVN/QX0BSK,2026-09-28
doi:10.7910/DVN/TFTEF2,2026-09-28
doi:10.7910/DVN/SVBF5T,2026-09-28
doi:10.7910/DVN/V9L9XC,2026-09-28
doi:10.7910/DVN/L2NVRD,2026-09-28
doi:10.7910/DVN/AJXRCV,2026-09-28
doi:10.7910/DVN/UUDNM7,2026-09-28
doi:10.7910/DVN/N15MSX,2026-09-28
doi:10.7910/DVN/VPN481,2026-09-28
doi:10.7910/DVN/ZU5QTG,2026-09-28
doi:10.7910/DVN/R3JGWS,2026-09-28
doi:10.7910/DVN/YBV9Z8,2026-09-28
doi:10.7910/DVN/MM5THZ,2026-09-28
doi:10.7910/DVN/X94ITA,2026-09-28
doi:10.7910/DVN/SKWTGS,2026-09-28
doi:10.7910/DVN/1UWD3M,2026-09-28
doi:10.7910/DVN/WZZFTW,2026-09-28
doi:10.7910/DVN/ENI8GF,2026-09-28
doi:10.7910/DVN/VLMMZQ,2026-09-28
doi:10.7910/DVN/XBYFE1,2026-09-28
doi:10.7910/DVN/7PCLRI,2026-09-28
doi:10.7910/DVN/HYOQCD,2026-09-28
doi:10.7910/DVN/D56UWV,2026-09-28
doi:10.7910/DVN/TBWMCG,2026-09-28
doi:10.7910/DVN/6EYRJG,2026-09-28
doi:10.7910/DVN/WNW0AD,2026-09-28
doi:10.7910/DVN/PZYLYU,2026-09-28
doi:10.7910/DVN/9I0LRQ,2026-09-28
doi:10.7910/DVN/FBZMWN,2026-09-28
doi:10.7910/DVN/SVD9SV,2026-09-28
doi:10.7910/DVN/ABOTUG,2026-09-28
doi:10.7910/DVN/4ROL8S,2026-09-28
doi:10.7910/DVN/8ACDTT,2026-09-28
doi:10.7910/DVN/VX0YPW,2026-09-28
doi:10.7910/DVN/3WILXI,2026-09-28
doi:10.7910/DVN/YJSJEX,2026-09-28
doi:10.7910/DVN/Y5INRM,2026-09-28
doi:10.7910/DVN/GAK3QS,2026-09-28
doi:10.7910/DVN/J7BSXQ,2026-09-28
doi:10.7910/DVN/JOEVPN,2026-09-28
doi:10.7910/DVN/NV66YN,2026-09-28
doi:10.7910/DVN/FMT8KR,2026-09-28
doi:10.7910/DVN/TOSX7N,2026-09-28
doi:10.7910/DVN/BCDALU,2026-09-28
doi:10.7910/DVN/JPV20K,2026-09-28
doi:10.7910/DVN/3BRWKK,2026-09-28
doi:10.7910/DVN/BYO6KX,2026-09-28
doi:10.7910/DVN/TFQPCM,2026-09-28
doi:10.7910/DVN/TOYNMH,2026-09-28
doi:10.7910/DVN/HXORK9,2026-09-28
doi:10.7910/DVN/HIPDOP,2026-09-28
doi:10.7910/DVN/DDXRXI,2026-09-28
doi:10.7910/DVN/OLRTXA,2026-09-28
doi:10.7910/DVN/7MRDUW,2026-09-28
doi:10.7910/DVN/BMJYAN,2026-09-28
doi:10.7910/DVN/BIORH8,2026-09-28
doi:10.7910/DVN/6SWKPR,2026-09-28
doi:10.7910/DVN/S44D0E,2026-09-28
doi:10.7910/DVN/CLQY6O,2026-09-28
doi:10.7910/DVN/MCQTYC,2026-09-28
doi:10.7910/DVN/C9SAIX,2026-09-28
doi:10.7910/DVN/5XYO7O,2026-09-28
doi:10.7910/DVN/NBRBHO,2026-09-28
doi:10.7910/DVN/45GQNA,2026-09-28
doi:10.7910/DVN/LXGDWZ,2026-09-28
doi:10.7910/DVN/QI2WP9,2026-09-28
doi:10.7910/DVN/ZYOJF6,2026-09-28
doi:10.7910/DVN/XLY5AJ,2026-09-28
doi:10.7910/DVN/MUYYG4,2026-09-28
doi:10.7910/DVN/ZJCYGP,2026-09-28
doi:10.7910/DVN/SLIXNF,2026-09-28
doi:10.7910/DVN/G0XXSE,2026-09-28
doi:10.7910/DVN/MGEN32,2026-09-28
doi:10.7910/DVN/T8BG2K,2026-09-28
doi:10.7910/DVN/PEGIUB,2026-09-28
doi:10.7910/DVN/C1XZKK,2026-09-28
doi:10.7910/DVN/IIXGBM,2026-09-28
doi:10.7910/DVN/GNHESM,2026-09-28
doi:10.7910/DVN/AHWMIL,2026-09-28
doi:10.7910/DVN/UDFZJD,2026-09-28
doi:10.7910/DVN/JYVGLU,2026-09-28
doi:10.7910/DVN/3RNU1Q,2026-09-28
doi:10.7910/DVN/4WDVDB,2026-09-28
doi:10.7910/DVN/4031UL,2026-09-28
doi:10.7910/DVN/CHTWUB,2026-09-28
doi:10.7910/DVN/AVNZR6,2026-09-28
doi:10.7910/DVN/S02EBF,2026-09-28
doi:10.7910/DVN/ZIKRB3,2026-09-28
doi:10.7910/DVN/6OGTHL,2026-09-28
doi:10.7910/DVN/BXV4AT,2026-09-28
doi:10.7910/DVN/MVVLQC,2026-09-28
doi:10.7910/DVN/IH7ICK,2026-09-28
doi:10.7910/DVN/B6SWA1,2026-09-28
doi:10.7910/DVN/SOVPA4,2026-09-28
doi:10.7910/DVN/Q0OIMY,2026-09-28
doi:10.7910/DVN/FEW2JP,2026-09-28
doi:10.7910/DVN/4PYOXP,2026-09-28
doi:10.7910/DVN/HZYFRI,2026-09-28
doi:10.7910/DVN/T03YJD,2026-09-28
doi:10.7910/DVN/SWZUUE,2026-09-28
doi:10.7910/DVN/UNYOLF,2026-09-28
doi:10.7910/DVN/VWURHG,2026-09-28
doi:10.7910/DVN/W90Q7B,2026-09-28
doi:10.7910/DVN/WXIRQN,2026-09-28
doi:10.7910/DVN/MERAIC,2026-09-28
doi:10.7910/DVN/9SKYLD,2026-09-28
doi:10.7910/DVN/K2JI6I,2026-09-28
doi:10.7910/DVN/EACMTV,2026-09-28
doi:10.7910/DVN/P5SIO1,2026-09-28
doi:10.7910/DVN/FYRQQE,2026-09-28
doi:10.7910/DVN/S8M39Y,2026-09-28
doi:10.7910/DVN/WXZH8C,2026-09-28
doi:10.7910/DVN/LBEWBR,2026-09-28
doi:10.7910/DVN/UPL4TT,2026-09-28
doi:10.7910/DVN/GWSZV3,2026-09-28
doi:10.7910/DVN/G08D9T,2026-09-28
doi:10.7910/DVN/WVP5LE,2026-09-28
doi:10.7910/DVN/O9WE06,2026-09-28
doi:10.7910/DVN/XIEJCR,2026-09-28
doi:10.7910/DVN/4LO1XE,2026-09-28
doi:10.7910/DVN/Z6BCTJ,2026-09-28
doi:10.7910/DVN/IVRHIR,2026-09-28
doi:10.7910/DVN/NS91FD,2026-09-28
doi:10.7910/DVN/HVY5GR,2026-09-28
doi:10.7910/DVN/XR3IDV,2026-09-28
doi:10.7910/DVN/VZDPSQ,2026-09-28
doi:10.7910/DVN/GEC2LS,2026-09-28
doi:10.7910/DVN/IKSE2O,2026-09-28
doi:10.7910/DVN/OP6EVF,2026-09-28
doi:10.7910/DVN/ARZJKP,2026-09-28
doi:10.7910/DVN/ZEV0WX,2026-09-28
doi:10.7910/DVN/MVP6ID,2026-09-28
doi:10.7910/DVN/QQHBHY,2026-09-28
doi:10.7910/DVN/FOUVEL,2026-09-28
doi:10.7910/DVN/1YIX0D,2026-09-28
doi:10.7910/DVN/BJMZNR,2026-09-28
doi:10.7910/DVN/G63OG9,2026-09-28
doi:10.7910/DVN/YQPEVQ,2026-09-28
doi:10.7910/DVN/CFHOCU,2026-09-28
doi:10.7910/DVN/CSAJQY,2026-09-28
doi:10.7910/DVN/STH14F,2026-09-28
doi:10.7910/DVN/TOZUDO,2026-09-28
doi:10.7910/DVN/MXKRDE,2026-09-28
doi:10.7910/DVN/TISLDL,2026-09-28
doi:10.7910/DVN/E6NN9E,2026-09-28
doi:10.7910/DVN/CY7YWE,2026-09-28
doi:10.7910/DVN/SV9B3E,2026-09-28
doi:10.7910/DVN/YMQFYB,2026-09-28
doi:10.7910/DVN/B8JYZW,2026-09-28
doi:10.7910/DVN/FQTA4A,2026-09-28
doi:10.7910/DVN/ADIFOV,2026-09-28
doi:10.7910/DVN/VZFXYW,2026-09-28
doi:10.7910/DVN/K8IL3V,2026-09-28
doi:10.7910/DVN/T88EAX,2026-09-28
doi:10.7910/DVN/TRLTPY,2026-09-28
doi:10.7910/DVN/MCXXBS,2026-09-28
doi:10.7910/DVN/VJ9QDB,2026-09-28
doi:10.7910/DVN/H9X2AB,2026-09-28
doi:10.7910/DVN/MRVKIR,2026-09-28
doi:10.7910/DVN/PRDURU,2026-09-28
doi:10.7910/DVN/PIV1KX,2026-09-28
doi:10.7910/DVN/NIPYJ8,2026-09-28
doi:10.7910/DVN/Y18MK5,2026-09-28
doi:10.7910/DVN/HXAKGJ,2026-09-28
doi:10.7910/DVN/IABJEB,2026-09-28
doi:10.7910/DVN/F0GMX1,2026-09-28
doi:10.7910/DVN/JLAOEN,2026-09-28
doi:10.7910/DVN/ARHZU4,2026-09-28
doi:10.7910/DVN/LSEEKB,2026-09-28
doi:10.7910/DVN/W9DGRR,2026-09-28
doi:10.7910/DVN/8DWAZW,2026-09-28
doi:10.7910/DVN/K0OYQF,2026-09-28
doi:10.7910/DVN/2F8CWX,2026-09-28
doi:10.7910/DVN/RDIIVL,2026-09-28
doi:10.7910/DVN/HG2CAJ,2026-09-28
doi:10.7910/DVN/1WZCEA,2026-09-28
doi:10.7910/DVN/CGNX3M,2026-09-28
doi:10.7910/DVN/L3GWNP,2026-09-28
doi:10.7910/DVN/TBW4Y4,2026-09-28
doi:10.7910/DVN/W7KZVL,2026-09-28
doi:10.7910/DVN/ILZHUR,2026-09-28
doi:10.7910/DVN/A9LZNV,2026-09-28
doi:10.7910/DVN/DKY4DY,2026-09-28
doi:10.7910/DVN/PNPR8C,2026-09-28
doi:10.7910/DVN/GM5SYQ,2026-09-28
doi:10.7910/DVN/SVAONZ,2026-09-28
doi:10.7910/DVN/WB9XLZ,2026-09-28
doi:10.7910/DVN/NAJIKB,2026-09-28
doi:10.7910/DVN/DFRSKZ,2026-09-28
doi:10.7910/DVN/YPMVMH,2026-09-28
doi:10.7910/DVN/HHOIA4,2026-09-28
doi:10.7910/DVN/PGQY2F,2026-09-28
doi:10.7910/DVN/4RCPSE,2026-09-28
doi:10.7910/DVN/JJCXTH,2026-09-28
doi:10.7910/DVN/CU0V56,2026-09-28
doi:10.7910/DVN/HCSQBD,2026-09-28
doi:10.7910/DVN/SSLCFF,2026-09-28
doi:10.7910/DVN/GXXYMH,2026-09-28
doi:10.7910/DVN/TUUYLQ,2026-09-28
doi:10.7910/DVN/ADJWFS,2026-09-28
doi:10.7910/DVN/ILTOGF,2026-09-28
doi:10.7910/DVN/KT20FE,2026-09-28
doi:10.7910/DVN/BPU1XG,2026-09-28
doi:10.7910/DVN/MLYNX0,2026-09-28
doi:10.7910/DVN/Q1V0OG,2026-09-28
doi:10.7910/DVN/H31DZG,2026-09-28
doi:10.7910/DVN/JFU71R,2026-09-28
doi:10.7910/DVN/U0TYY3,2026-09-28
doi:10.7910/DVN/Y9KMJW,2026-09-28
doi:10.7910/DVN/UIUYGY,2026-09-28
doi:10.7910/DVN/VFDCJV,2026-09-28
doi:10.7910/DVN/ICTG9Z,2026-09-28
doi:10.7910/DVN/CYYLOK,2026-09-28
doi:10.7910/DVN/PCYBPY,2026-09-28
doi:10.7910/DVN/KGP01E,2026-09-28
doi:10.7910/DVN/AOY452,2026-09-28
doi:10.7910/DVN/A47LUM,2026-09-28
doi:10.7910/DVN/NQVP7K,2026-09-28
doi:10.7910/DVN/VKMY6N,2026-09-28
doi:10.7910/DVN/0ZCBTB,2026-09-28
doi:10.7910/DVN/NDTR8K,2026-09-28
doi:10.7910/DVN/RAUIHG,2026-09-28
doi:10.7910/DVN/OZ6VYD,2026-09-28
doi:10.7910/DVN/9YCVJC,2026-09-28
doi:10.7910/DVN/KHE44F,2026-09-28
doi:10.7910/DVN/R7AQT1,2026-09-28
doi:10.7910/DVN/TGFAOH,2026-09-28
doi:10.7910/DVN/KVZXE8,2026-09-28
doi:10.7910/DVN/3IWTGB,2026-09-28
doi:10.7910/DVN/W4TXDU,2026-09-28
doi:10.7910/DVN/IDXGOH,2026-09-28
doi:10.7910/DVN/AGUVBE,2026-09-28
doi:10.7910/DVN/KUMMUJ,2026-09-28
doi:10.7910/DVN/52UGJT,2026-09-28
doi:10.7910/DVN/WM3X3D,2026-09-28
doi:10.7910/DVN/XRR0HM,2026-09-28
doi:10.7910/DVN/WIRN6R,2026-09-28
doi:10.7910/DVN/DFEH8S,2026-09-28
doi:10.7910/DVN/R9GKJA,2026-09-28
doi:10.7910/DVN/S9G9XS,2026-09-28
doi:10.7910/DVN/SKGWTS,2026-09-28
doi:10.7910/DVN/YTPJ1N,2026-09-28
doi:10.7910/DVN/TLPMVI,2026-09-28
doi:10.7910/DVN/4J48AX,2026-09-28
doi:10.7910/DVN/DXDQV3,2026-09-28
doi:10.7910/DVN/ELHTWJ,2026-09-28
doi:10.7910/DVN/80WUQB,2026-09-28
doi:10.7910/DVN/UNHYMP,2026-09-28
doi:10.7910/DVN/Q0IXQY,2026-09-28
doi:10.7910/DVN/9NXGHP,2026-09-28
doi:10.7910/DVN/RJF61A,2026-09-28
doi:10.7910/DVN/K3D1M2,2026-09-28
doi:10.7910/DVN/EEP5MT,2026-09-28
doi:10.7910/DVN/BQMLQW,2026-09-28
doi:10.7910/DVN/346Y30,2026-09-28
doi:10.7910/DVN/CYXFB8,2026-09-28
doi:10.7910/DVN/AKHHHF,2026-09-28
doi:10.7910/DVN/HRLHA4,2026-09-28
doi:10.7910/DVN/PZKBUX,2026-09-28
doi:10.7910/DVN/GTSXC1,2026-09-28
doi:10.7910/DVN/UFSQ1J,2026-09-28
doi:10.7910/DVN/KKWB4A,2026-09-28
doi:10.7910/DVN/LUGBL1,2026-09-28
doi:10.7910/DVN/NO90AJ,2026-09-28
doi:10.7910/DVN/TVNVN3,2026-09-28
doi:10.7910/DVN/92GMLB,2026-09-28
doi:10.7910/DVN/RNMB1Q,2026-09-28
doi:10.7910/DVN/567RS6,2026-09-28
doi:10.7910/DVN/AQB4MP,2026-09-28
doi:10.7910/DVN/JIEWR3,2026-09-28
doi:10.7910/DVN/DZZXAD,2026-09-28
doi:10.7910/DVN/SJ2RP1,2026-09-28
doi:10.7910/DVN/8AKACJ,2026-09-28
doi:10.7910/DVN/LVHLZK,2026-09-28
doi:10.7910/DVN/RPZLMY,2026-09-28
doi:10.7910/DVN/OZ7YZ1,2026-09-28
doi:10.7910/DVN/BCQM3Y,2026-09-28
doi:10.7910/DVN/CRLKIF,2026-09-28
doi:10.7910/DVN/QXCFO2,2026-09-28
doi:10.7910/DVN/RQMIV3,2026-09-28
doi:10.7910/DVN/UO5WQ4,2026-09-28
doi:10.7910/DVN/FMH2IR,2026-09-28
doi:10.7910/DVN/V6ECYU,2026-09-28
doi:10.7910/DVN/D6HU1J,2026-09-28
doi:10.7910/DVN/VW7G2Q,2026-09-28
doi:10.7910/DVN/MVIQUD,2026-09-28
doi:10.7910/DVN/I5KCWI,2026-09-28
doi:10.7910/DVN/OMJYE5,2026-09-28
doi:10.7910/DVN/HZHVCU,2026-09-28
doi:10.7910/DVN/Q7V70C,2026-09-28
doi:10.7910/DVN/J7HUX3,2026-09-28
doi:10.7910/DVN/JSXOEY,2026-09-28
doi:10.7910/DVN/EBBP1O,2026-09-28
doi:10.7910/DVN/4IOIWV,2026-09-28
doi:10.7910/DVN/SVY5VF,2026-09-28
doi:10.7910/DVN/N2I9LC,2026-09-28
doi:10.7910/DVN/54JC6M,2026-09-28
doi:10.7910/DVN/26935,2026-09-28
doi:10.7910/DVN/2AIHQF,2026-09-28
doi:10.7910/DVN/SACLMT,2026-09-28
doi:10.7910/DVN/DH1IUI,2026-09-28
doi:10.7910/DVN/QE27H9,2026-09-28
doi:10.7910/DVN/KD4MXV,2026-09-28
doi:10.7910/DVN/VAKZ2G,2026-09-28
doi:10.7910/DVN/LVNZE2,2026-09-28
doi:10.7910/DVN/IZWWBC,2026-09-28
doi:10.7910/DVN/KRKWK8,2026-09-28
doi:10.7910/DVN/1FYXUJ,2026-09-28
doi:10.7910/DVN/INGQYA,2026-09-28
doi:10.7910/DVN/DOSJCD,2026-09-28
doi:10.7910/DVN/I7Y3G2,2026-09-28
doi:10.7910/DVN/GY6P9I,2026-09-28
doi:10.7910/DVN/4K4VTC,2026-09-28
doi:10.7910/DVN/PPPKMF,2026-09-28
doi:10.7910/DVN/VCSRMX,2026-09-28
doi:10.7910/DVN/MPU019,2026-09-28
doi:10.7910/DVN/FSNGNP,2026-09-28
doi:10.7910/DVN/29603,2026-09-28
doi:10.7910/DVN/29488,2026-09-28
doi:10.7910/DVN/29342,2026-09-28
doi:10.7910/DVN/28766,2026-09-28
doi:10.7910/DVN/28591,2026-09-28
doi:10.7910/DVN/28729,2026-09-28
doi:10.7910/DVN/28696,2026-09-28
doi:10.7910/DVN/28662,2026-09-28
doi:10.7910/DVN/28575,2026-09-28
doi:10.7910/DVN/27691,2026-09-28
doi:10.7910/DVN/27899,2026-09-28
doi:10.7910/DVN/27744,2026-09-28
doi:10.7910/DVN/27564,2026-09-28
doi:10.7910/DVN/24672,2026-09-28
doi:10.7910/DVN/24274,2026-09-28
doi:10.7910/DVN/24497,2026-09-28
doi:10.7910/DVN/23248,2026-09-28
doi:10.7910/DVN/23510,2026-09-28
doi:10.7910/DVN/25719,2026-09-28
doi:10.7910/DVN/25430,2026-09-28
doi:10.7910/DVN/3EGVBB,2026-09-28
doi:10.7910/DVN/VLKZ3E,2026-09-28
doi:10.7910/DVN/EP871L,2026-09-28
doi:10.7910/DVN/YUN5CA,2026-09-28
doi:10.7910/DVN/BISYEV,2026-09-28
doi:10.7910/DVN/LITWQ9,2026-09-28
doi:10.7910/DVN/VOSEXQ,2026-09-28
doi:10.7910/DVN/ECFTA0,2026-09-28
doi:10.7910/DVN/KLW6KY,2026-09-28
doi:10.7910/DVN/IRX5WN,2026-09-28
doi:10.7910/DVN/ZSJNHJ,2026-09-28
doi:10.7910/DVN/EMUICK,2026-09-28
doi:10.7910/DVN/UNJNCQ,2026-09-28
doi:10.7910/DVN/351JJT,2026-09-28
doi:10.7910/DVN/LNAQQF,2026-09-28
doi:10.7910/DVN/V3OMR2,2026-09-28
doi:10.7910/DVN/DE2PLL,2026-09-28
doi:10.7910/DVN/LBNTPK,2026-09-28
doi:10.7910/DVN/6UWAUQ,2026-09-28
doi:10.7910/DVN/FAXB2R,2026-09-28
doi:10.7910/DVN/NMMYYW,2026-09-28
doi:10.7910/DVN/ZRPLDQ,2026-09-28
doi:10.7910/DVN/IVOFSM,2026-09-28
doi:10.7910/DVN/2T9D3B,2026-09-28
doi:10.7910/DVN/HQ3I8K,2026-09-28
doi:10.7910/DVN/YEYNKH,2026-09-28
doi:10.7910/DVN/M3GYD0,2026-09-28
doi:10.7910/DVN/PWU257,2026-09-28
doi:10.7910/DVN/43E9R9,2026-09-28
doi:10.7910/DVN/4KJZJL,2026-09-28
doi:10.7910/DVN/HJCPDK,2026-09-28
doi:10.7910/DVN/7WEJ09,2026-09-28
doi:10.7910/DVN/LSLAWQ,2026-09-28
doi:10.7910/DVN/2PISVQ,2026-09-28
doi:10.7910/DVN/2ATYFU,2026-09-28
doi:10.7910/DVN/VBNDYQ,2026-09-28
doi:10.7910/DVN/I8RK9Q,2026-09-28
doi:10.7910/DVN/FQBHP8,2026-09-28
doi:10.7910/DVN/23170,2026-09-28
doi:10.7910/DVN/23113,2026-09-28
doi:10.7910/DVN/V4V0AU,2026-09-28
doi:10.7910/DVN/CJUG8F,2026-09-28
doi:10.7910/DVN/24094,2026-09-28
doi:10.7910/DVN/H2BRR1,2026-09-28
doi:10.7910/DVN/23773,2026-09-28
doi:10.7910/DVN/22893,2026-09-28
doi:10.7910/DVN/QWPDQJ,2026-09-28
doi:10.7910/DVN/669Z5L,2026-09-28
doi:10.7910/DVN/IE8P0K,2026-09-28
doi:10.7910/DVN/ESQZJU,2026-09-28
doi:10.7910/DVN/23025,2026-09-28
doi:10.7910/DVN/RRDHGR,2026-09-28
doi:10.7910/DVN/T7MJHV,2026-09-28
doi:10.7910/DVN/1V0FCS,2026-09-28
doi:10.7910/DVN/OXIM9P,2026-09-28
doi:10.7910/DVN/MVSBR0,2026-09-28
doi:10.7910/DVN/XJSD0V,2026-09-28
doi:10.7910/DVN/THJYQR,2026-09-28
doi:10.7910/DVN/AX9NVH,2026-09-28
doi:10.7910/DVN/23169,2026-09-28
doi:10.7910/DVN/UCFNHX,2026-09-28
doi:10.7910/DVN/Q4IQGM,2026-09-28
doi:10.7910/DVN/22908,2026-09-28
doi:10.7910/DVN/SPTL3J,2026-09-28
doi:10.7910/DVN/T0BM6X,2026-09-28
doi:10.7910/DVN/23107,2026-09-28
doi:10.7910/DVN/22861,2026-09-28
doi:10.7910/DVN/DWA3NY,2026-09-28
doi:10.7910/DVN/24503,2026-09-28
doi:10.7910/DVN/26453,2026-09-28
doi:10.7910/DVN/26966,2026-09-28
doi:10.7910/DVN/27083,2026-09-28
doi:10.7910/DVN/27100,2026-09-28
doi:10.7910/DVN/26589,2026-09-28
doi:10.7910/DVN/25520,2026-09-28
doi:10.7910/DVN/25367,2026-09-28
doi:10.7910/DVN/23151,2026-09-28
doi:10.7910/DVN/S61U9V,2026-09-28
doi:10.7910/DVN/KWJA3G,2026-09-28
doi:10.7910/DVN/8EYYA2,2026-09-28
doi:10.7910/DVN/DQ23DN,2026-09-28
doi:10.7910/DVN/0X1M0I,2026-09-28
doi:10.7910/DVN/FVOUZ0,2026-09-28
doi:10.7910/DVN/DIDNXD,2026-09-28
doi:10.7910/DVN/1KWH3E,2026-09-28
doi:10.7910/DVN/TMWJYL,2026-09-28
doi:10.7910/DVN/GIJFIK,2026-09-28
doi:10.7910/DVN/HUPTER,2026-09-28
doi:10.7910/DVN/KUE8ZX,2026-09-28
doi:10.7910/DVN/DBLESX,2026-09-28
doi:10.7910/DVN/LE2UED,2026-09-28
doi:10.7910/DVN/BVVYXJ,2026-09-28
doi:10.7910/DVN/ASXXGU,2026-09-28
doi:10.7910/DVN/Z90FRS,2026-09-28
doi:10.7910/DVN/LLYEBZ,2026-09-28
doi:10.7910/DVN/ZFGUY0,2026-09-28
doi:10.7910/DVN/QQ7ZLH,2026-09-28
doi:10.7910/DVN/3UW00O,2026-09-28
doi:10.7910/DVN/K8FN9V,2026-09-28
doi:10.7910/DVN/R14RGH,2026-09-28
doi:10.7910/DVN/DEIFMX,2026-09-28
doi:10.7910/DVN/MXCRK5,2026-09-28
doi:10.7910/DVN/U2XMOY,2026-09-28
doi:10.7910/DVN/CTT87V,2026-09-28
doi:10.7910/DVN/DEOFD9,2026-09-28
doi:10.7910/DVN/41HIQD,2026-09-28
doi:10.7910/DVN/L2HEGZ,2026-09-28
doi:10.7910/DVN/KFPEIH,2026-09-28
doi:10.7910/DVN/UT9WBM,2026-09-28
doi:10.7910/DVN/LJGY40,2026-09-28
doi:10.7910/DVN/VQ62JN,2026-09-28
doi:10.7910/DVN/EW4SSS,2026-09-28
doi:10.7910/DVN/D5CVV2,2026-09-28
doi:10.7910/DVN/09YAWL,2026-09-28
doi:10.7910/DVN/IGWWFE,2026-09-28
doi:10.7910/DVN/8VWE6A,2026-09-28
doi:10.7910/DVN/BFXTQ1,2026-09-28
doi:10.7910/DVN/U76JIP,2026-09-28
doi:10.7910/DVN/WS0OLY,2026-09-28
doi:10.7910/DVN/1SUXPY,2026-09-28
doi:10.7910/DVN/BZZM2E,2026-09-28
doi:10.7910/DVN/FKAQXS,2026-09-28
doi:10.7910/DVN/RMSOVN,2026-09-28
doi:10.7910/DVN/MKWW5L,2026-09-28
doi:10.7910/DVN/SXLVAR,2026-09-28
doi:10.7910/DVN/SVYYAP,2026-09-28
doi:10.7910/DVN/QO28VG,2026-09-28
doi:10.7910/DVN/J2PCGQ,2026-09-28
doi:10.7910/DVN/CSYEPJ,2026-09-28
doi:10.7910/DVN/CU4EGC,2026-09-28
doi:10.7910/DVN/G4EH2B,2026-09-28
doi:10.7910/DVN/CEXDMV,2026-09-28
doi:10.7910/DVN/3MFJMF,2026-09-28
doi:10.7910/DVN/SPAFJK,2026-09-28
doi:10.7910/DVN/7QYM4J,2026-09-28
doi:10.7910/DVN/XPFGAZ,2026-09-28
doi:10.7910/DVN/UDRSQ6,2026-09-28
doi:10.7910/DVN/6UANXQ,2026-09-28
doi:10.7910/DVN/P9S62I,2026-09-28
doi:10.7910/DVN/O4V7BR,2026-09-28
doi:10.7910/DVN/GYFBPN,2026-09-28
doi:10.7910/DVN/Z7J49T,2026-09-28
doi:10.7910/DVN/WAQMYN,2026-09-28
doi:10.7910/DVN/GB1ROX,2026-09-28
doi:10.7910/DVN/DQC9KV,2026-09-28
doi:10.7910/DVN/PXM0ES,2026-09-28
doi:10.7910/DVN/X8MGC3,2026-09-28
doi:10.7910/DVN/PCPVWB,2026-09-28
doi:10.7910/DVN/JDZ3P5,2026-09-28
doi:10.7910/DVN/QFNUJO,2026-09-28
doi:10.7910/DVN/AXTRI7,2026-09-28
doi:10.7910/DVN/CC0N21,2026-09-28
doi:10.7910/DVN/T1IOUU,2026-09-28
doi:10.7910/DVN/S38FOU,2026-09-28
doi:10.7910/DVN/1DLOE6,2026-09-28
doi:10.7910/DVN/LJQUB5,2026-09-28
doi:10.7910/DVN/KVMF0H,2026-09-28
doi:10.7910/DVN/8QDAI6,2026-09-28
doi:10.7910/DVN/PNZI2S,2026-09-28
doi:10.7910/DVN/YDYAZG,2026-09-28
doi:10.7910/DVN/BIW6K5,2026-09-28
doi:10.7910/DVN/NSWMR6,2026-09-28
doi:10.7910/DVN/MKJ5EN,2026-09-28
doi:10.7910/DVN/F06OSQ,2026-09-28
doi:10.7910/DVN/2JHJFF,2026-09-28
doi:10.7910/DVN/RU4RJT,2026-09-28
doi:10.7910/DVN/MEJBZT,2026-09-28
doi:10.7910/DVN/U1UBII,2026-09-28
doi:10.7910/DVN/UCGN7P,2026-09-28
doi:10.7910/DVN/M9KLWI,2026-09-28
doi:10.7910/DVN/QY1ZU0,2026-09-28
doi:10.7910/DVN/YFREQV,2026-09-28
doi:10.7910/DVN/GFDLFN,2026-09-28
doi:10.7910/DVN/U21JCL,2026-09-28
doi:10.7910/DVN/ASCAQJ,2026-09-28
doi:10.7910/DVN/O4PJRG,2026-09-28
doi:10.7910/DVN/5TYA0H,2026-09-28
doi:10.7910/DVN/RXPLJ6,2026-09-28
doi:10.7910/DVN/AIVBZQ,2026-09-28
doi:10.7910/DVN/BUNHD4,2026-09-28
doi:10.7910/DVN/MEQCZU,2026-09-28
doi:10.7910/DVN/H3XPCI,2026-09-28
doi:10.7910/DVN/OV2MQZ,2026-09-28
doi:10.7910/DVN/5GUVZ3,2026-09-28
doi:10.7910/DVN/SEEUWA,2026-09-28
doi:10.7910/DVN/Z4QIW2,2026-09-28
doi:10.7910/DVN/DMOMCF,2026-09-28
doi:10.7910/DVN/SEAXTK,2026-09-28
doi:10.7910/DVN/GCFLIJ,2026-09-28
doi:10.7910/DVN/HUXDGD,2026-09-28
doi:10.7910/DVN/3LOTUL,2026-09-28
doi:10.7910/DVN/ZUXL7C,2026-09-28
doi:10.7910/DVN/NP9NZO,2026-09-28
doi:10.7910/DVN/BYE2QL,2026-09-28
doi:10.7910/DVN/1GEF4C,2026-09-28
doi:10.7910/DVN/KVL45X,2026-09-28
doi:10.7910/DVN/V4DFVZ,2026-09-28
doi:10.7910/DVN/BD2G6X,2026-09-28
doi:10.7910/DVN/KGAYVB,2026-09-28
doi:10.7910/DVN/DRTT1H,2026-09-28
doi:10.7910/DVN/HPWSNE,2026-09-28
doi:10.7910/DVN/TS0UJQ,2026-09-28
doi:10.7910/DVN/T6UN5A,2026-09-28
doi:10.7910/DVN/HL5YUY,2026-09-28
doi:10.7910/DVN/PJ7CVB,2026-09-28
doi:10.7910/DVN/OMXKJQ,2026-09-28
doi:10.7910/DVN/TRRVNY,2026-09-28
doi:10.7910/DVN/A2IOEH,2026-09-28
doi:10.7910/DVN/CAMT5L,2026-09-28
doi:10.7910/DVN/6JINVU,2026-09-28
doi:10.7910/DVN/4C5GJN,2026-09-28
doi:10.7910/DVN/5DL20N,2026-09-28
doi:10.7910/DVN/PJBYPC,2026-09-28
doi:10.7910/DVN/18ERYS,2026-09-28
doi:10.7910/DVN/E04M4T,2026-09-28
doi:10.7910/DVN/2LVYOO,2026-09-28
doi:10.7910/DVN/QDVCO2,2026-09-28
doi:10.7910/DVN/FFLR6D,2026-09-28
doi:10.7910/DVN/N9BFTG,2026-09-28
doi:10.7910/DVN/DA2URD,2026-09-28
doi:10.7910/DVN/WTB1JC,2026-09-28
doi:10.7910/DVN/ALFGPB,2026-09-28
doi:10.7910/DVN/UQP5OG,2026-09-28
doi:10.7910/DVN/ERX8UW,2026-09-28
doi:10.7910/DVN/RTU9XT,2026-09-28
doi:10.7910/DVN/SS6TRO,2026-09-28
doi:10.7910/DVN/WDI4SD,2026-09-28
doi:10.7910/DVN/SQXWDP,2026-09-28
doi:10.7910/DVN/D8RLFB,2026-09-28
doi:10.7910/DVN/LCEYMW,2026-09-28
doi:10.7910/DVN/PPWBKF,2026-09-28
doi:10.7910/DVN/OGCPBW,2026-09-28
doi:10.7910/DVN/VS904S,2026-09-28
doi:10.7910/DVN/NN3PTG,2026-09-28
doi:10.7910/DVN/UEVNRJ,2026-09-28
doi:10.7910/DVN/VT8NMD,2026-09-28
doi:10.7910/DVN/AZELGM,2026-09-28
doi:10.7910/DVN/14AEWL,2026-09-28
doi:10.7910/DVN/IQV3PE,2026-09-28
doi:10.7910/DVN/Z866VY,2026-09-28
doi:10.7910/DVN/RUKOQM,2026-09-28
doi:10.7910/DVN/FLKFF1,2026-09-28
doi:10.7910/DVN/BHRGWM,2026-09-28
doi:10.7910/DVN/NTPZWU,2026-09-28
doi:10.7910/DVN/YULUZ1,2026-09-28
doi:10.7910/DVN/LQ20M4,2026-09-28
doi:10.7910/DVN/24ZFTR,2026-09-28
doi:10.7910/DVN/WSVNMM,2026-09-28
doi:10.7910/DVN/EU2J31,2026-09-28
doi:10.7910/DVN/65W5HL,2026-09-28
doi:10.7910/DVN/IRIEZZ,2026-09-28
doi:10.7910/DVN/0QEUU5,2026-09-28
doi:10.7910/DVN/M4ZJTV,2026-09-28
doi:10.7910/DVN/K6QRGX,2026-09-28
doi:10.7910/DVN/ME5BPT,2026-09-28
doi:10.7910/DVN/EMPHO0,2026-09-28
doi:10.7910/DVN/G8BI88,2026-09-28
doi:10.7910/DVN/C2I1FK,2026-09-28
doi:10.7910/DVN/ECNNUW,2026-09-28
doi:10.7910/DVN/TMPYOR,2026-09-28
doi:10.7910/DVN/4S1OG9,2026-09-28
doi:10.7910/DVN/UYYEXD,2026-09-28
doi:10.7910/DVN/87SZYD,2026-09-28
doi:10.7910/DVN/JWVPCN,2026-09-28
doi:10.7910/DVN/UL2NXI,2026-09-28
doi:10.7910/DVN/S8AZX7,2026-09-28
doi:10.7910/DVN/GG6XHW,2026-09-28
doi:10.7910/DVN/QNCYOQ,2026-09-28
doi:10.7910/DVN/MHSXFC,2026-09-28
doi:10.7910/DVN/ZCICMV,2026-09-28
doi:10.7910/DVN/GJK61O,2026-09-28
doi:10.7910/DVN/ZQ9FHV,2026-09-28
doi:10.7910/DVN/D8P6TG,2026-09-28
doi:10.7910/DVN/PEMJVW,2026-09-28
doi:10.7910/DVN/1SFB7U,2026-09-28
doi:10.7910/DVN/NQSBUC,2026-09-28
doi:10.7910/DVN/AXMNFO,2026-09-28
doi:10.7910/DVN/F91JHK,2026-09-28
doi:10.7910/DVN/G3VQ0A,2026-09-28
doi:10.7910/DVN/EPDZGL,2026-09-28
doi:10.7910/DVN/NGWUB7,2026-09-28
doi:10.7910/DVN/EC0AFX,2026-09-28
doi:10.7910/DVN/RQWU64,2026-09-28
doi:10.7910/DVN/OEXYEH,2026-09-28
doi:10.7910/DVN/3QNSES,2026-09-28
doi:10.7910/DVN/CDLVDH,2026-09-28
doi:10.7910/DVN/IQVWSE,2026-09-28
doi:10.7910/DVN/34ASFV,2026-09-28
doi:10.7910/DVN/VFIJQ8,2026-09-28
doi:10.7910/DVN/0FKHT1,2026-09-28
doi:10.7910/DVN/BPBJVS,2026-09-28
doi:10.7910/DVN/LQ1TDN,2026-09-28
doi:10.7910/DVN/JDSSYR,2026-09-28
doi:10.7910/DVN/DLZ2JG,2026-09-28
doi:10.7910/DVN/3FONBK,2026-09-28
doi:10.7910/DVN/MX94XS,2026-09-28
doi:10.7910/DVN/TSNVRW,2026-09-28
doi:10.7910/DVN/KRLQJW,2026-09-28
doi:10.7910/DVN/HXXETO,2026-09-28
doi:10.7910/DVN/QLEM9Q,2026-09-28
doi:10.7910/DVN/WVFZGE,2026-09-28
doi:10.7910/DVN/MVBBL2,2026-09-28
doi:10.7910/DVN/6FP9Z6,2026-09-28
doi:10.7910/DVN/D2XPJ6,2026-09-28
doi:10.7910/DVN/MIIXNG,2026-09-28
doi:10.7910/DVN/HYGRWD,2026-09-28
doi:10.7910/DVN/YQ3J3W,2026-09-28
doi:10.7910/DVN/CON75O,2026-09-28
doi:10.7910/DVN/U3SHXD,2026-09-28
doi:10.7910/DVN/TGKINF,2026-09-28
doi:10.7910/DVN/A8UZPO,2026-09-28
doi:10.7910/DVN/5TSY1H,2026-09-28
doi:10.7910/DVN/WUQ8B5,2026-09-28
doi:10.7910/DVN/KHSFVX,2026-09-28
doi:10.7910/DVN/JPJRCD,2026-09-28
doi:10.7910/DVN/5FVQBW,2026-09-28
doi:10.7910/DVN/FYGUWO,2026-09-28
doi:10.7910/DVN/OYWATT,2026-09-28
doi:10.7910/DVN/I6SPQI,2026-09-28
doi:10.7910/DVN/UKZAEX,2026-09-28
doi:10.7910/DVN/YG4PDG,2026-09-28
doi:10.7910/DVN/548AVK,2026-09-28
doi:10.7910/DVN/JIUPOU,2026-09-28
doi:10.7910/DVN/3N2OPB,2026-09-28
doi:10.7910/DVN/XTMW3N,2026-09-28
doi:10.7910/DVN/DE8RFT,2026-09-28
doi:10.7910/DVN/IBYKME,2026-09-28
doi:10.7910/DVN/ELP2GA,2026-09-28
doi:10.7910/DVN/YEAJ85,2026-09-28
doi:10.7910/DVN/DUVWXQ,2026-09-28
doi:10.7910/DVN/OS4PSG,2026-09-28
doi:10.7910/DVN/VS3GL8,2026-09-28
doi:10.7910/DVN/QPTLBA,2026-09-28
doi:10.7910/DVN/AUMLXM,2026-09-28
doi:10.7910/DVN/HTD5WQ,2026-09-28
doi:10.7910/DVN/PJ27BB,2026-09-28
doi:10.7910/DVN/NC8DIP,2026-09-28
doi:10.7910/DVN/EJ8UZQ,2026-09-28
doi:10.7910/DVN/YZ1W51,2026-09-28
doi:10.7910/DVN/PTX4RU,2026-09-28
doi:10.7910/DVN/DW6ZGZ,2026-09-28
doi:10.7910/DVN/UWJYCB,2026-09-28
doi:10.7910/DVN/1F8YVV,2026-09-28
doi:10.7910/DVN/Z518MY,2026-09-28
doi:10.7910/DVN/SCX187,2026-09-28
doi:10.7910/DVN/SXOYQR,2026-09-28
doi:10.7910/DVN/PWHPTG,2026-09-28
doi:10.7910/DVN/6GMO9C,2026-09-28
doi:10.7910/DVN/ZKUVSA,2026-09-28
doi:10.7910/DVN/TIBNLH,2026-09-28
doi:10.7910/DVN/PPMGWL,2026-09-28
doi:10.7910/DVN/1DFIJA,2026-09-28
doi:10.7910/DVN/TLXOTB,2026-09-28
doi:10.7910/DVN/VPCFCC,2026-09-28
doi:10.7910/DVN/HQ67I9,2026-09-28
doi:10.7910/DVN/KTAJ9N,2026-09-28
doi:10.7910/DVN/HETD4M,2026-09-28
doi:10.7910/DVN/1FBS1Y,2026-09-28
doi:10.7910/DVN/CKBFMB,2026-09-28
doi:10.7910/DVN/897XEW,2026-09-28
doi:10.7910/DVN/EZS44G,2026-09-28
doi:10.7910/DVN/HUWDWO,2026-09-28
doi:10.7910/DVN/VXH3BK,2026-09-28
doi:10.7910/DVN/U3FPBH,2026-09-28
doi:10.7910/DVN/8UQV11,2026-09-28
doi:10.7910/DVN/KA7DLE,2026-09-28
doi:10.7910/DVN/W2ITZG,2026-09-28
doi:10.7910/DVN/0Q1F1U,2026-09-28
doi:10.7910/DVN/6SHF3S,2026-09-28
doi:10.7910/DVN/XUDO5T,2026-09-28
doi:10.7910/DVN/YZPGSV,2026-09-28
doi:10.7910/DVN/4ZRDD6,2026-09-28
doi:10.7910/DVN/AGZPI8,2026-09-28
doi:10.7910/DVN/SUV8DK,2026-09-28
doi:10.7910/DVN/KD3ZUN,2026-09-28
doi:10.7910/DVN/P2SPSD,2026-09-28
doi:10.7910/DVN/1ONUFG,2026-09-28
doi:10.7910/DVN/9RU8WI,2026-09-28
doi:10.7910/DVN/G07AO1,2026-09-28
doi:10.7910/DVN/O2IAWW,2026-09-28
doi:10.7910/DVN/5FPT1M,2026-09-28
doi:10.7910/DVN/ZHWIWG,2026-09-28
doi:10.7910/DVN/WUKKB5,2026-09-28
doi:10.7910/DVN/Q91W2O,2026-09-28
doi:10.7910/DVN/KAPALW,2026-09-28
doi:10.7910/DVN/30EYIE,2026-09-28
doi:10.7910/DVN/42UB2N,2026-09-28
doi:10.7910/DVN/GCKQYW,2026-09-28
doi:10.7910/DVN/UDFLIA,2026-09-28
doi:10.7910/DVN/ETUUOD,2026-09-28
doi:10.7910/DVN/O96MDX,2026-09-28
doi:10.7910/DVN/Y8TS1B,2026-09-28
doi:10.7910/DVN/38UTBF,2026-09-28
doi:10.7910/DVN/7DXBGG,2026-09-28
doi:10.7910/DVN/KSOHIX,2026-09-28
doi:10.7910/DVN/L5QIRU,2026-09-28
doi:10.7910/DVN/E6J9AS,2026-09-28
doi:10.7910/DVN/IDAIUZ,2026-09-28
doi:10.7910/DVN/EAL6AE,2026-09-28
doi:10.7910/DVN/SZCAZF,2026-09-28
doi:10.7910/DVN/KVBIRQ,2026-09-28
doi:10.7910/DVN/JPSNJQ,2026-09-28
doi:10.7910/DVN/Y0WRNC,2026-09-28
doi:10.7910/DVN/PKZNPC,2026-09-28
doi:10.7910/DVN/YNXJZO,2026-09-28
doi:10.7910/DVN/DMJ7EA,2026-09-28
doi:10.7910/DVN/OSEXBV,2026-09-28
doi:10.7910/DVN/64FVHL,2026-09-28
doi:10.7910/DVN/5AEGPM,2026-09-28
doi:10.7910/DVN/Y1FEOX,2026-09-28
doi:10.7910/DVN/RLJLWT,2026-09-28
doi:10.7910/DVN/UMVB6G,2026-09-28
doi:10.7910/DVN/1RAQVF,2026-09-28
doi:10.7910/DVN/GEJGV8,2026-09-28
doi:10.7910/DVN/TOBMYV,2026-09-28
doi:10.7910/DVN/UFXGOL,2026-09-28
doi:10.7910/DVN/QYXN9L,2026-09-28
doi:10.7910/DVN/VZE18R,2026-09-28
doi:10.7910/DVN/8IEROH,2026-09-28
doi:10.7910/DVN/O6NMGE,2026-09-28
doi:10.7910/DVN/V8NM9T,2026-09-28
doi:10.7910/DVN/79T40F,2026-09-28
doi:10.7910/DVN/WHBRYN,2026-09-28
doi:10.7910/DVN/KAMSQK,2026-09-28
doi:10.7910/DVN/0WGIJ8,2026-09-28
doi:10.7910/DVN/530JGJ,2026-09-28
doi:10.7910/DVN/QJ9RLJ,2026-09-28
doi:10.7910/DVN/VL4UTZ,2026-09-28
doi:10.7910/DVN/LPHMB7,2026-09-28
doi:10.7910/DVN/VPLWKF,2026-09-28
doi:10.7910/DVN/N0ZRDZ,2026-09-28
doi:10.7910/DVN/2FYNQE,2026-09-28
doi:10.7910/DVN/AWRD8O,2026-09-28
doi:10.7910/DVN/8CDVQ2,2026-09-28
doi:10.7910/DVN/745PK1,2026-09-28
doi:10.7910/DVN/OJ3HJE,2026-09-28
doi:10.7910/DVN/MXQ8O2,2026-09-28
doi:10.7910/DVN/N9RIKG,2026-09-28
doi:10.7910/DVN/NBIWOA,2026-09-28
doi:10.7910/DVN/SLYEUJ,2026-09-28
doi:10.7910/DVN/JXPS9T,2026-09-28
doi:10.7910/DVN/HUJZMO,2026-09-28
doi:10.7910/DVN/X4ECFT,2026-09-28
doi:10.7910/DVN/NZ83TD,2026-09-28
doi:10.7910/DVN/39NCJL,2026-09-28
doi:10.7910/DVN/YIZEA7,2026-09-28
doi:10.7910/DVN/5E1PNE,2026-09-28
doi:10.7910/DVN/5NKX4F,2026-09-28
doi:10.7910/DVN/1XVYU3,2026-09-28
doi:10.7910/DVN/P7RYPP,2026-09-28
doi:10.7910/DVN/VPIZAF,2026-09-28
doi:10.7910/DVN/LTHJ4N,2026-09-28
doi:10.7910/DVN/6UALO0,2026-09-28
doi:10.7910/DVN/SLDUUT,2026-09-28
doi:10.7910/DVN/8I1PUB,2026-09-28
doi:10.7910/DVN/KVKGUB,2026-09-28
doi:10.7910/DVN/3VVWPL,2026-09-28
doi:10.7910/DVN/CQMMTS,2026-09-28
doi:10.7910/DVN/7QYFLI,2026-09-28
doi:10.7910/DVN/CWEHBA,2026-09-28
doi:10.7910/DVN/MLUEAJ,2026-09-28
doi:10.7910/DVN/24CXA7,2026-09-28
doi:10.7910/DVN/EHVA7Y,2026-09-28
doi:10.7910/DVN/VTA5OA,2026-09-28
doi:10.7910/DVN/EPJBOO,2026-09-28
doi:10.7910/DVN/GL28QD,2026-09-28
doi:10.7910/DVN/OUYTUP,2026-09-28
doi:10.7910/DVN/QPRZD4,2026-09-28
doi:10.7910/DVN/XLVC6T,2026-09-28
doi:10.7910/DVN/YQP2UG,2026-09-28
doi:10.7910/DVN/JNMDCO,2026-09-28
doi:10.7910/DVN/6MRVOM,2026-09-28
doi:10.7910/DVN/SWYQ26,2026-09-28
doi:10.7910/DVN/BBPLQH,2026-09-28
doi:10.7910/DVN/RIEMMC,2026-09-28
doi:10.7910/DVN/XZOZGK,2026-09-28
doi:10.7910/DVN/UCDET3,2026-09-28
doi:10.7910/DVN/MDMVZ5,2026-09-28
doi:10.7910/DVN/UQSZDY,2026-09-28
doi:10.7910/DVN/UMRAM7,2026-09-28
doi:10.7910/DVN/DSZHIP,2026-09-28
doi:10.7910/DVN/GKW5Q5,2026-09-28
doi:10.7910/DVN/OQTUZM,2026-09-28
doi:10.7910/DVN/8E1IIM,2026-09-28
doi:10.7910/DVN/GE3E8R,2026-09-28
doi:10.7910/DVN/ID1KJG,2026-09-28
doi:10.7910/DVN/BSIFTF,2026-09-28
doi:10.7910/DVN/BWCX3E,2026-09-28
doi:10.7910/DVN/6JGSZP,2026-09-28
doi:10.7910/DVN/PI2CBB,2026-09-28
doi:10.7910/DVN/UZJCO1,2026-09-28
doi:10.7910/DVN/KKFS8Y,2026-09-28
doi:10.7910/DVN/NQFPF3,2026-09-28
doi:10.7910/DVN/3EDO2Y,2026-09-28
doi:10.7910/DVN/GPRPZL,2026-09-28
doi:10.7910/DVN/OR4R9O,2026-09-28
doi:10.7910/DVN/N1HOB1,2026-09-28
doi:10.7910/DVN/CXWIPM,2026-09-28
doi:10.7910/DVN/NCH88M,2026-09-28
doi:10.7910/DVN/0XSLQX,2026-09-28
doi:10.7910/DVN/G7F5VA,2026-09-28
doi:10.7910/DVN/MNK26U,2026-09-28
doi:10.7910/DVN/8UNDWJ,2026-09-28
doi:10.7910/DVN/ET8QLG,2026-09-28
doi:10.7910/DVN/5KM8VO,2026-09-28
doi:10.7910/DVN/1KIEXG,2026-09-28
doi:10.7910/DVN/KROGFV,2026-09-28
doi:10.7910/DVN/IS2KTU,2026-09-28
doi:10.7910/DVN/EAI1BB,2026-09-28
doi:10.7910/DVN/E3ZSRO,2026-09-28
doi:10.7910/DVN/OQFMB6,2026-09-28
doi:10.7910/DVN/7TRL0I,2026-09-28
doi:10.7910/DVN/6NVI9C,2026-09-28
doi:10.7910/DVN/CVXOOS,2026-09-28
doi:10.7910/DVN/SIGNC8,2026-09-28
doi:10.7910/DVN/VCWWGZ,2026-09-28
doi:10.7910/DVN/0DE35E,2026-09-28
doi:10.7910/DVN/YTZZIT,2026-09-28
doi:10.7910/DVN/YJOPLH,2026-09-28
doi:10.7910/DVN/SWV9GJ,2026-09-28
doi:10.7910/DVN/RHPOYR,2026-09-28
doi:10.7910/DVN/HO2KIC,2026-09-28
doi:10.7910/DVN/O5LNTG,2026-09-28
doi:10.7910/DVN/SOJQKM,2026-09-28
doi:10.7910/DVN/WUQRIQ,2026-09-28
doi:10.7910/DVN/WA03I2,2026-09-28
doi:10.7910/DVN/AU3BTQ,2026-09-28
doi:10.7910/DVN/CVL1Q7,2026-09-28
doi:10.7910/DVN/R8PNCP,2026-09-28
doi:10.7910/DVN/BKVLFI,2026-09-28
doi:10.7910/DVN/OZRQIQ,2026-09-28
doi:10.7910/DVN/XCSQ9C,2026-09-28
doi:10.7910/DVN/KSKR7F,2026-09-28
doi:10.7910/DVN/HGPNVV,2026-09-28
doi:10.7910/DVN/L8YEDW,2026-09-28
doi:10.7910/DVN/DJTMJC,2026-09-28
doi:10.7910/DVN/0HDTYM,2026-09-28
doi:10.7910/DVN/N7WXBC,2026-09-28
doi:10.7910/DVN/FHNKUL,2026-09-28
doi:10.7910/DVN/CHRT0N,2026-09-28
doi:10.7910/DVN/ORWIHQ,2026-09-28
doi:10.7910/DVN/GVRUVX,2026-09-28
doi:10.7910/DVN/MHK6TL,2026-09-28
doi:10.7910/DVN/QBG1AJ,2026-09-28
doi:10.7910/DVN/WPZTOB,2026-09-28
doi:10.7910/DVN/CGUOWD,2026-09-28
doi:10.7910/DVN/SFR7VQ,2026-09-28
doi:10.7910/DVN/3V9RG0,2026-09-28
doi:10.7910/DVN/DBUQSI,2026-09-28
doi:10.7910/DVN/CDWLEV,2026-09-28
doi:10.7910/DVN/RXKFCR,2026-09-28
doi:10.7910/DVN/CYBR7L,2026-09-28
doi:10.7910/DVN/JNETFS,2026-09-28
doi:10.7910/DVN/Y1UG9P,2026-09-28
doi:10.7910/DVN/LRQQNL,2026-09-28
doi:10.7910/DVN/CKRG9O,2026-09-28
doi:10.7910/DVN/GLCVJU,2026-09-28
doi:10.7910/DVN/LWW9DL,2026-09-28
doi:10.7910/DVN/DIM4OA,2026-09-28
doi:10.7910/DVN/BZZAWT,2026-09-28
doi:10.7910/DVN/FVDIK7,2026-09-28
doi:10.7910/DVN/XXYPYP,2026-09-28
doi:10.7910/DVN/XJMT0Y,2026-09-28
doi:10.7910/DVN/IMI31S,2026-09-28
doi:10.7910/DVN/KFZ3NZ,2026-09-28
doi:10.7910/DVN/JVSHQR,2026-09-28
doi:10.7910/DVN/O8P1NL,2026-09-28
doi:10.7910/DVN/REJ38B,2026-09-28
doi:10.7910/DVN/H2BGV8,2026-09-28
doi:10.7910/DVN/V52AOM,2026-09-28
doi:10.7910/DVN/NVYHZL,2026-09-28
doi:10.7910/DVN/6TSZXR,2026-09-28
doi:10.7910/DVN/L6YKNR,2026-09-28
doi:10.7910/DVN/AMESM3,2026-09-28
doi:10.7910/DVN/JQGLXV,2026-09-28
doi:10.7910/DVN/GWC8I8,2026-09-28
doi:10.7910/DVN/W2XTT7,2026-09-28
doi:10.7910/DVN/QJNCWN,2026-09-28
doi:10.7910/DVN/N0831B,2026-09-28
doi:10.7910/DVN/I34X6P,2026-09-28
doi:10.7910/DVN/II0JJ9,2026-09-28
doi:10.7910/DVN/NHKBP8,2026-09-28
doi:10.7910/DVN/YX4LSZ,2026-09-28
doi:10.7910/DVN/EVUCBL,2026-09-28
doi:10.7910/DVN/DXBNOQ,2026-09-28
doi:10.7910/DVN/BWMJRW,2026-09-28
doi:10.7910/DVN/XFJYCQ,2026-09-28
doi:10.7910/DVN/NMCTXV,2026-09-28
doi:10.7910/DVN/MSDZ7G,2026-09-28
doi:10.7910/DVN/V0P7CN,2026-09-28
doi:10.7910/DVN/0DZPU4,2026-09-28
doi:10.7910/DVN/KPFYDD,2026-09-28
doi:10.7910/DVN/E45XY5,2026-09-28
doi:10.7910/DVN/RTTI71,2026-09-28
doi:10.7910/DVN/HKP2PT,2026-09-28
doi:10.7910/DVN/HZGLY9,2026-09-28
doi:10.7910/DVN/U6PRKJ,2026-09-28
doi:10.7910/DVN/ZIB5NN,2026-09-28
doi:10.7910/DVN/LH6ZIN,2026-09-28
doi:10.7910/DVN/9ZWATQ,2026-09-28
doi:10.7910/DVN/IMKU8O,2026-09-28
doi:10.7910/DVN/ZWLBG8,2026-09-28
doi:10.7910/DVN/OIRM5N,2026-09-28
doi:10.7910/DVN/2VKBGD,2026-09-28
doi:10.7910/DVN/4WXWAJ,2026-09-28
doi:10.7910/DVN/AZLRMG,2026-09-28
doi:10.7910/DVN/X7O80B,2026-09-28
doi:10.7910/DVN/GVO2BA,2026-09-28
doi:10.7910/DVN/A9UC0H,2026-09-28
doi:10.7910/DVN/2VSJA7,2026-09-28
doi:10.7910/DVN/UWIVDA,2026-09-28
doi:10.7910/DVN/FMRDPF,2026-09-28
doi:10.7910/DVN/HPFSZJ,2026-09-28
doi:10.7910/DVN/7KJLH7,2026-09-28
doi:10.7910/DVN/L6YZV9,2026-09-28
doi:10.7910/DVN/DUZNXB,2026-09-28
doi:10.7910/DVN/2KT0XS,2026-09-28
doi:10.7910/DVN/E4TVR0,2026-09-28
doi:10.7910/DVN/FXQZOX,2026-09-28
doi:10.7910/DVN/RLEUOF,2026-09-28
doi:10.7910/DVN/69MTYM,2026-09-28
doi:10.7910/DVN/6XKQLA,2026-09-28
doi:10.7910/DVN/3XQ5SW,2026-09-28
doi:10.7910/DVN/MGFWJE,2026-09-28
doi:10.7910/DVN/JQTVYT,2026-09-28
doi:10.7910/DVN/M34FWI,2026-09-28
doi:10.7910/DVN/4BEBLZ,2026-09-28
doi:10.7910/DVN/BM3ZXD,2026-09-28
doi:10.7910/DVN/DIZ4ZB,2026-09-28
doi:10.7910/DVN/PGUNAP,2026-09-28
doi:10.7910/DVN/LDRXW2,2026-09-28
doi:10.7910/DVN/QHDPQK,2026-09-28
doi:10.7910/DVN/FGBBSO,2026-09-28
doi:10.7910/DVN/WRJLJQ,2026-09-28
doi:10.7910/DVN/C09NG6,2026-09-28
doi:10.7910/DVN/VYKHUL,2026-09-28
doi:10.7910/DVN/JSICOQ,2026-09-28
doi:10.7910/DVN/ML09LM,2026-09-28
doi:10.7910/DVN/OLC2IF,2026-09-28
doi:10.7910/DVN/REHH3Q,2026-09-28
doi:10.7910/DVN/DERZQL,2026-09-28
doi:10.7910/DVN/ZB1S4P,2026-09-28
doi:10.7910/DVN/WW4OUZ,2026-09-28
doi:10.7910/DVN/FH59GV,2026-09-28
doi:10.7910/DVN/ZGDHOU,2026-09-28
doi:10.7910/DVN/POLB30,2026-09-28
doi:10.7910/DVN/USRTNJ,2026-09-28
doi:10.7910/DVN/XIXD0J,2026-09-28
doi:10.7910/DVN/IFG7JI,2026-09-28
doi:10.7910/DVN/ZH5LE9,2026-09-28
doi:10.7910/DVN/NEPEWK,2026-09-28
doi:10.7910/DVN/FZK6MW,2026-09-28
doi:10.7910/DVN/PSS2KP,2026-09-28
doi:10.7910/DVN/PUGXJG,2026-09-28
doi:10.7910/DVN/1QA5PC,2026-09-28
doi:10.7910/DVN/FNZQ06,2026-09-28
doi:10.7910/DVN/YXILZP,2026-09-28
doi:10.7910/DVN/SZBQJN,2026-09-28
doi:10.7910/DVN/GGPPNL,2026-09-28
doi:10.7910/DVN/CLL7OO,2026-09-28
doi:10.7910/DVN/KOOIRH,2026-09-28
doi:10.7910/DVN/G2SQ6Y,2026-09-28
doi:10.7910/DVN/MYPI19,2026-09-28
doi:10.7910/DVN/QJAUTB,2026-09-28
doi:10.7910/DVN/9ENYOD,2026-09-28
doi:10.7910/DVN/AFK6FC,2026-09-28
doi:10.7910/DVN/TRMNKW,2026-09-28
doi:10.7910/DVN/FA6E1V,2026-09-28
doi:10.7910/DVN/S0YZU3,2026-09-28
doi:10.7910/DVN/RE0FZS,2026-09-28
doi:10.7910/DVN/SS5TKG,2026-09-28
doi:10.7910/DVN/HKA2YJ,2026-09-28
doi:10.7910/DVN/Y6OWN2,2026-09-28
doi:10.7910/DVN/6I27DM,2026-09-28
doi:10.7910/DVN/2NJKAU,2026-09-28
doi:10.7910/DVN/Z972VT,2026-09-28
doi:10.7910/DVN/JS6AVN,2026-09-28
doi:10.7910/DVN/LR89AZ,2026-09-28
doi:10.7910/DVN/KO3FID,2026-09-28
doi:10.7910/DVN/MCWNJA,2026-09-28
doi:10.7910/DVN/BPBVIG,2026-09-28
doi:10.7910/DVN/OHXMKG,2026-09-28
doi:10.7910/DVN/QDWDFQ,2026-09-28
doi:10.7910/DVN/0H0X7O,2026-09-28
doi:10.7910/DVN/SGZJYC,2026-09-28
doi:10.7910/DVN/82JRWQ,2026-09-28
doi:10.7910/DVN/IKRJWI,2026-09-28
doi:10.7910/DVN/CFJRTX,2026-09-28
doi:10.7910/DVN/JVAWM0,2026-09-28
doi:10.7910/DVN/MXJP47,2026-09-28
doi:10.7910/DVN/9KIMSV,2026-09-28
doi:10.7910/DVN/Y06T2Y,2026-09-28
doi:10.7910/DVN/QKCICV,2026-09-28
doi:10.7910/DVN/KDRC0I,2026-09-28
doi:10.7910/DVN/J1IBIS,2026-09-28
doi:10.7910/DVN/K7I3JT,2026-09-28
doi:10.7910/DVN/FZOVRC,2026-09-28
doi:10.7910/DVN/KSQCEQ,2026-09-28
doi:10.7910/DVN/UOYAFO,2026-09-28
doi:10.7910/DVN/YGVLRC,2026-09-28
doi:10.7910/DVN/YBRQVJ,2026-09-28
doi:10.7910/DVN/X08IVC,2026-09-28
doi:10.7910/DVN/DWLGEX,2026-09-28
doi:10.7910/DVN/77KLLV,2026-09-28
doi:10.7910/DVN/KN28MM,2026-09-28
doi:10.7910/DVN/PYKIUN,2026-09-28
doi:10.7910/DVN/Y6TSIK,2026-09-28
doi:10.7910/DVN/FFJWMF,2026-09-28
doi:10.7910/DVN/EFW7U8,2026-09-28
doi:10.7910/DVN/8V3S2I,2026-09-28
doi:10.7910/DVN/P5XXSH,2026-09-28
doi:10.7910/DVN/2RGHFP,2026-09-28
doi:10.7910/DVN/BFDS0O,2026-09-28
doi:10.7910/DVN/XTUKEA,2026-09-28
doi:10.7910/DVN/OM9HES,2026-09-28
doi:10.7910/DVN/5LN0TJ,2026-09-28
doi:10.7910/DVN/KUNQGF,2026-09-28
doi:10.7910/DVN/DQ4OZV,2026-09-28
doi:10.7910/DVN/4RCJAC,2026-09-28
doi:10.7910/DVN/FNHEVD,2026-09-28
doi:10.7910/DVN/C61HF9,2026-09-28
doi:10.7910/DVN/JXBLX6,2026-09-28
doi:10.7910/DVN/MPYI5D,2026-09-28
doi:10.7910/DVN/596TQ4,2026-09-28
doi:10.7910/DVN/WM6AOP,2026-09-28
doi:10.7910/DVN/CX7DEW,2026-09-28
doi:10.7910/DVN/N8WNB1,2026-09-28
doi:10.7910/DVN/EP63RI,2026-09-28
doi:10.7910/DVN/ZEJ7TX,2026-09-28
doi:10.7910/DVN/Y9X48I,2026-09-28
doi:10.7910/DVN/GQ75UG,2026-09-28
doi:10.7910/DVN/VYYYRN,2026-09-28
doi:10.7910/DVN/AMB2VA,2026-09-28
doi:10.7910/DVN/8AMHQW,2026-09-28
doi:10.7910/DVN/EH9CW1,2026-09-28
doi:10.7910/DVN/FX5C2X,2026-09-28
doi:10.7910/DVN/WINLHO,2026-09-28
doi:10.7910/DVN/F5PP8C,2026-09-28
doi:10.7910/DVN/JVW4NF,2026-09-28
doi:10.7910/DVN/43ZSGA,2026-09-28
doi:10.7910/DVN/YNUE8B,2026-09-28
doi:10.7910/DVN/RL3GLH,2026-09-28
doi:10.7910/DVN/YLTGR8,2026-09-28
doi:10.7910/DVN/MUXIKE,2026-09-28
doi:10.7910/DVN/OLGXYA,2026-09-28
doi:10.7910/DVN/CT7LVB,2026-09-28
doi:10.7910/DVN/DE6Y79,2026-09-28
doi:10.7910/DVN/VV1WM8,2026-09-28
doi:10.7910/DVN/2LOEKN,2026-09-28
doi:10.7910/DVN/ITAY0K,2026-09-28
doi:10.7910/DVN/7PVGLC,2026-09-28
doi:10.7910/DVN/LNTRMB,2026-09-28
doi:10.7910/DVN/UVWRTV,2026-09-28
doi:10.7910/DVN/TPGJGA,2026-09-28
doi:10.7910/DVN/JDTA6S,2026-09-28
doi:10.7910/DVN/XIMJMM,2026-09-28
doi:10.7910/DVN/LQUXL1,2026-09-28
doi:10.7910/DVN/M2SCN0,2026-09-28
doi:10.7910/DVN/OSVICI,2026-09-28
doi:10.7910/DVN/HLWNGC,2026-09-28
doi:10.7910/DVN/JRL8IW,2026-09-28
doi:10.7910/DVN/K2LOJN,2026-09-28
doi:10.7910/DVN/VOCIQ0,2026-09-28
doi:10.7910/DVN/QH3CQY,2026-09-28
doi:10.7910/DVN/WAC2VE,2026-09-28
doi:10.7910/DVN/IA87LQ,2026-09-28
doi:10.7910/DVN/GFYXHM,2026-09-28
doi:10.7910/DVN/145ZMF,2026-09-28
doi:10.7910/DVN/IQVQYM,2026-09-28
doi:10.7910/DVN/76STOM,2026-09-28
doi:10.7910/DVN/BTUDQT,2026-09-28
doi:10.7910/DVN/FENBA2,2026-09-28
doi:10.7910/DVN/C5FOW7,2026-09-28
doi:10.7910/DVN/IJUVUG,2026-09-28
doi:10.7910/DVN/JQLNCT,2026-09-28
doi:10.7910/DVN/XAXMVK,2026-09-28
doi:10.7910/DVN/XDXYPT,2026-09-28
doi:10.7910/DVN/YEFLJZ,2026-09-28
doi:10.7910/DVN/IDCU63,2026-09-28
doi:10.7910/DVN/CZLJS6,2026-09-28
doi:10.7910/DVN/KCMSB0,2026-09-28
doi:10.7910/DVN/KHLK5S,2026-09-28
doi:10.7910/DVN/LMDUEQ,2026-09-28
doi:10.7910/DVN/KWTJJV,2026-09-28
doi:10.7910/DVN/WVTI2K,2026-09-28
doi:10.7910/DVN/EDTKNW,2026-09-28
doi:10.7910/DVN/GGMW0H,2026-09-28
doi:10.7910/DVN/BSQWOU,2026-09-28
doi:10.7910/DVN/VHAPHV,2026-09-28
doi:10.7910/DVN/DGQ73Y,2026-09-28
doi:10.7910/DVN/PUYM1K,2026-09-28
doi:10.7910/DVN/ULPXR1,2026-09-28
doi:10.7910/DVN/YRSZNE,2026-09-28
doi:10.7910/DVN/21CU9M,2026-09-28
doi:10.7910/DVN/LLI8HS,2026-09-28
doi:10.7910/DVN/KAPQWT,2026-09-28
doi:10.7910/DVN/0WRY9Q,2026-09-28
doi:10.7910/DVN/X0NO0K,2026-09-28
doi:10.7910/DVN/VCFQDZ,2026-09-28
doi:10.7910/DVN/JLLFGK,2026-09-28
doi:10.7910/DVN/OTN7GQ,2026-09-28
doi:10.7910/DVN/MSC8DO,2026-09-28
doi:10.7910/DVN/EM2GAO,2026-09-28
doi:10.7910/DVN/EIKB8U,2026-09-28
doi:10.7910/DVN/PXLWBZ,2026-09-28
doi:10.7910/DVN/TQYV0I,2026-09-28
doi:10.7910/DVN/7HRZOW,2026-09-28
doi:10.7910/DVN/1VCMGG,2026-09-28
doi:10.7910/DVN/A8QDOX,2026-09-28
doi:10.7910/DVN/SNLJB6,2026-09-28
doi:10.7910/DVN/CJQROH,2026-09-28
doi:10.7910/DVN/G7KPHT,2026-09-28
doi:10.7910/DVN/FVKAGM,2026-09-28
doi:10.7910/DVN/IBFHRE,2026-09-28
doi:10.7910/DVN/QUPBSR,2026-09-28
doi:10.7910/DVN/NQWLFH,2026-09-28
doi:10.7910/DVN/OGTHTO,2026-09-28
doi:10.7910/DVN/PGBDNS,2026-09-28
doi:10.7910/DVN/6GWHQB,2026-09-28
doi:10.7910/DVN/XJVOBX,2026-09-28
doi:10.7910/DVN/JYIZ73,2026-09-28
doi:10.7910/DVN/S1594S,2026-09-28
doi:10.7910/DVN/MHUC8C,2026-09-28
doi:10.7910/DVN/A3PNXK,2026-09-28
doi:10.7910/DVN/ADMBN9,2026-09-28
doi:10.7910/DVN/RLECFV,2026-09-28
doi:10.7910/DVN/NAH0FD,2026-09-28
doi:10.7910/DVN/ZHYKSD,2026-09-28
doi:10.7910/DVN/JCO5EI,2026-09-28
doi:10.7910/DVN/T6FKLQ,2026-09-28
doi:10.7910/DVN/JYJBPG,2026-09-28
doi:10.7910/DVN/2ASZ9B,2026-09-28
doi:10.7910/DVN/DVBL0A,2026-09-28
doi:10.7910/DVN/D2PMWV,2026-09-28
doi:10.7910/DVN/TL3BLS,2026-09-28
doi:10.7910/DVN/5UVZOS,2026-09-28
doi:10.7910/DVN/B3Y1GZ,2026-09-28
doi:10.7910/DVN/3DIX8E,2026-09-28
doi:10.7910/DVN/QWEK63,2026-09-28
doi:10.7910/DVN/6XCLRY,2026-09-28
doi:10.7910/DVN/L55JBL,2026-09-28
doi:10.7910/DVN/CIBFU4,2026-09-28
doi:10.7910/DVN/UV8UB0,2026-09-28
doi:10.7910/DVN/CCUHUY,2026-09-28
doi:10.7910/DVN/Q8VDN0,2026-09-28
doi:10.7910/DVN/26685,2026-09-28
doi:10.7910/DVN/26167,2026-09-28
doi:10.7910/DVN/POLLYVOTE2012,2026-09-28
doi:10.7910/DVN/PUFX8D,2026-09-28
doi:10.7910/DVN/JATOSJ,2026-09-28
doi:10.7910/DVN/JAAU3E,2026-09-28
doi:10.7910/DVN/SPJAFZ,2026-09-28
doi:10.7910/DVN/6LSA7U,2026-09-28
doi:10.7910/DVN/1KJYK7,2026-09-28
doi:10.7910/DVN/IU8LKD,2026-09-28
doi:10.7910/DVN/UCCIAZ,2026-09-28
doi:10.7910/DVN/LL0OKJ,2026-09-28
doi:10.7910/DVN/DX0KLB,2026-09-28
doi:10.7910/DVN/HBDIYE,2026-09-28
doi:10.7910/DVN/IKU0P2,2026-09-28
doi:10.7910/DVN/EJKBLW,2026-09-28
doi:10.7910/DVN/TDADO0,2026-09-28
doi:10.7910/DVN/MRXND8,2026-09-28
doi:10.7910/DVN/7GDIYX,2026-09-28
doi:10.7910/DVN/OC1BQB,2026-09-28
doi:10.7910/DVN/PCEHWW,2026-09-28
doi:10.7910/DVN/6ETXRZ,2026-09-28
doi:10.7910/DVN/DRIEKC,2026-09-28
doi:10.7910/DVN/OWEJR8,2026-09-28
doi:10.7910/DVN/KUJQSF,2026-09-28
doi:10.7910/DVN/2GH0KJ,2026-09-28
doi:10.7910/DVN/AMFTSC,2026-09-28
doi:10.7910/DVN/XFCTZT,2026-09-28
doi:10.7910/DVN/DGEVDG,2026-09-28
doi:10.7910/DVN/N06TG7,2026-09-28
doi:10.7910/DVN/VPJUA8,2026-09-28
doi:10.7910/DVN/A6BG3G,2026-09-28
doi:10.7910/DVN/JFMUH9,2026-09-28
doi:10.7910/DVN/G9PREY,2026-09-28
doi:10.7910/DVN/FYRJUB,2026-09-28
doi:10.7910/DVN/GOPOYQ,2026-09-28
doi:10.7910/DVN/CSQNFX,2026-09-28
doi:10.7910/DVN/TUVGWG,2026-09-28
doi:10.7910/DVN/O9SUR0,2026-09-28
doi:10.7910/DVN/NFQHIM,2026-09-28
doi:10.7910/DVN/TIFJZE,2026-09-28
doi:10.7910/DVN/N613E0,2026-09-28
doi:10.7910/DVN/YPNPMA,2026-09-28
doi:10.7910/DVN/WKVLAP,2026-09-28
doi:10.7910/DVN/J0ALHI,2026-09-28
doi:10.7910/DVN/1PT7FZ,2026-09-28
doi:10.7910/DVN/TWWMXE,2026-09-28
doi:10.7910/DVN/C4JNOC,2026-09-28
doi:10.7910/DVN/JSZSWV,2026-09-28
doi:10.7910/DVN/WGATQF,2026-09-28
doi:10.7910/DVN/SQRZR8,2026-09-28
doi:10.7910/DVN/GW7WKI,2026-09-28
doi:10.7910/DVN/CDXO5O,2026-09-28
doi:10.7910/DVN/MOIYUL,2026-09-28
doi:10.7910/DVN/FU0U8V,2026-09-28
doi:10.7910/DVN/0SZGRL,2026-09-28
doi:10.7910/DVN/P4ORL6,2026-09-28
doi:10.7910/DVN/QX8HUS,2026-09-28
doi:10.7910/DVN/TIKAV2,2026-09-28
doi:10.7910/DVN/ZMZFQZ,2026-09-28
doi:10.7910/DVN/YPPVFF,2026-09-28
doi:10.7910/DVN/NITW7O,2026-09-28
doi:10.7910/DVN/NFJ5KC,2026-09-28
doi:10.7910/DVN/DIBX7S,2026-09-28
doi:10.7910/DVN/KRU17D,2026-09-28
doi:10.7910/DVN/ROCHZJ,2026-09-28
doi:10.7910/DVN/ATSAKJ,2026-09-28
doi:10.7910/DVN/5OJFUV,2026-09-28
doi:10.7910/DVN/MAI7J4,2026-09-28
doi:10.7910/DVN/DVFCT3,2026-09-28
doi:10.7910/DVN/QRX26W,2026-09-28
doi:10.7910/DVN/SZOD5E,2026-09-28
doi:10.7910/DVN/TK5OXJ,2026-09-28
doi:10.7910/DVN/E0AWRD,2026-09-28
doi:10.7910/DVN/NUYUB6,2026-09-28
doi:10.7910/DVN/4R0ZP7,2026-09-28
doi:10.7910/DVN/M1NBLZ,2026-09-28
doi:10.7910/DVN/K87D6F,2026-09-28
doi:10.7910/DVN/QJ5K5O,2026-09-28
doi:10.7910/DVN/LIIHNH,2026-09-28
doi:10.7910/DVN/N7WGRO,2026-09-28
doi:10.7910/DVN/W2TSVL,2026-09-28
doi:10.7910/DVN/RH6FGH,2026-09-28
doi:10.7910/DVN/DFY9AK,2026-09-28
doi:10.7910/DVN/IB9HR6,2026-09-28
doi:10.7910/DVN/KKFQAH,2026-09-28
doi:10.7910/DVN/31MOAJ,2026-09-28
doi:10.7910/DVN/I6WHFT,2026-09-28
doi:10.7910/DVN/LLRHWU,2026-09-28
doi:10.7910/DVN/8U47M6,2026-09-28
doi:10.7910/DVN/E2DSBP,2026-09-28
doi:10.7910/DVN/WML51G,2026-09-28
doi:10.7910/DVN/US8MUW,2026-09-28
doi:10.7910/DVN/FWFZCD,2026-09-28
doi:10.7910/DVN/1H9BNR,2026-09-28
doi:10.7910/DVN/FNPBKD,2026-09-28
doi:10.7910/DVN/IY8LZR,2026-09-28
doi:10.7910/DVN/LQX3EQ,2026-09-28
doi:10.7910/DVN/PGAFY5,2026-09-28
doi:10.7910/DVN/JK6GYF,2026-09-28
doi:10.7910/DVN/6OJZQL,2026-09-28
doi:10.7910/DVN/4URCQT,2026-09-28
doi:10.7910/DVN/SACURB,2026-09-28
doi:10.7910/DVN/WWUPFI,2026-09-28
doi:10.7910/DVN/EZDPNP,2026-09-28
doi:10.7910/DVN/IIOG1S,2026-09-28
doi:10.7910/DVN/GWDB2T,2026-09-28
doi:10.7910/DVN/YX2LZI,2026-09-28
doi:10.7910/DVN/U6M7SQ,2026-09-28
doi:10.7910/DVN/XEDQKF,2026-09-28
doi:10.7910/DVN/MQJZ8M,2026-09-28
doi:10.7910/DVN/QA42PP,2026-09-28
doi:10.7910/DVN/LERDYS,2026-09-28
doi:10.7910/DVN/CBKZL1,2026-09-28
doi:10.7910/DVN/H6DSYF,2026-09-28
doi:10.7910/DVN/HS6QKI,2026-09-28
doi:10.7910/DVN/FKNRIK,2026-09-28
doi:10.7910/DVN/YNMJVJ,2026-09-28
doi:10.7910/DVN/TU6WN3,2026-09-28
doi:10.7910/DVN/QZNVZ0,2026-09-28
doi:10.7910/DVN/BERECG,2026-09-28
doi:10.7910/DVN/TMVG91,2026-09-28
doi:10.7910/DVN/3Q6NST,2026-09-28
doi:10.7910/DVN/ZT297T,2026-09-28
doi:10.7910/DVN/ZBSXGO,2026-09-28
doi:10.7910/DVN/TOLS5V,2026-09-28
doi:10.7910/DVN/GO0VG6,2026-09-28
doi:10.7910/DVN/OCXAW5,2026-09-28
doi:10.7910/DVN/QIY9EM,2026-09-28
doi:10.7910/DVN/VWBW5P,2026-09-28
doi:10.7910/DVN/5AJMSL,2026-09-28
doi:10.7910/DVN/ABGCKD,2026-09-28
doi:10.7910/DVN/VLPMP2,2026-09-28
doi:10.7910/DVN/TKYUR6,2026-09-28
doi:10.7910/DVN/CYHYJW,2026-09-28
doi:10.7910/DVN/BNPV1K,2026-09-28
doi:10.7910/DVN/PKWB1F,2026-09-28
doi:10.7910/DVN/BXYZL9,2026-09-28
doi:10.7910/DVN/MDIHJI,2026-09-28
doi:10.7910/DVN/58IXMM,2026-09-28
doi:10.7910/DVN/UCPZSE,2026-09-28
doi:10.7910/DVN/VN7U24,2026-09-28
doi:10.7910/DVN/MJW1R9,2026-09-28
doi:10.7910/DVN/SL3VFP,2026-09-28
doi:10.7910/DVN/WTX6NK,2026-09-28
doi:10.7910/DVN/6P9SUS,2026-09-28
doi:10.7910/DVN/Q7CMRG,2026-09-28
doi:10.7910/DVN/LZXQ6E,2026-09-28
doi:10.7910/DVN/VTC5RZ,2026-09-28
doi:10.7910/DVN/FXXLTS,2026-09-28
doi:10.7910/DVN/HQTZ6E,2026-09-28
doi:10.7910/DVN/AXBEYC,2026-09-28
doi:10.7910/DVN/SZ7JOO,2026-09-28
doi:10.7910/DVN/TRMYO4,2026-09-28
doi:10.7910/DVN/DOVEYV,2026-09-28
doi:10.7910/DVN/UJM75Y,2026-09-28
doi:10.7910/DVN/J9P41M,2026-09-28
doi:10.7910/DVN/GIIL4Z,2026-09-28
doi:10.7910/DVN/CYGMLQ,2026-09-28
doi:10.7910/DVN/MW6ZNF,2026-09-28
doi:10.7910/DVN/LKVRZC,2026-09-28
doi:10.7910/DVN/MUCVAK,2026-09-28
doi:10.7910/DVN/2OL2CM,2026-09-28
doi:10.7910/DVN/CKPPMH,2026-09-28
doi:10.7910/DVN/929EQ1,2026-09-28
doi:10.7910/DVN/DXGIJA,2026-09-28
doi:10.7910/DVN/DQHSAW,2026-09-28
doi:10.7910/DVN/YI3DA1,2026-09-28
doi:10.7910/DVN/VT7OVI,2026-09-28
doi:10.7910/DVN/YWFKKJ,2026-09-28
doi:10.7910/DVN/KGTRVF,2026-09-28
doi:10.7910/DVN/BSHCCJ,2026-09-28
doi:10.7910/DVN/FLFENG,2026-09-28
doi:10.7910/DVN/3QQ40C,2026-09-28
doi:10.7910/DVN/LOXLKH,2026-09-28
doi:10.7910/DVN/G6N5W7,2026-09-28
doi:10.7910/DVN/JIVOCM,2026-09-28
doi:10.7910/DVN/CC6DII,2026-09-28
doi:10.7910/DVN/SEXUZU,2026-09-28
doi:10.7910/DVN/KLXHQ4,2026-09-28
doi:10.7910/DVN/9JVZD5,2026-09-28
doi:10.7910/DVN/3F8TFM,2026-09-28
doi:10.7910/DVN/OJNF1V,2026-09-28
doi:10.7910/DVN/GDAABE,2026-09-28
doi:10.7910/DVN/XWGW5L,2026-09-28
doi:10.7910/DVN/85QZYP,2026-09-28
doi:10.7910/DVN/SJKRGG,2026-09-28
doi:10.7910/DVN/4PCVQP,2026-09-28
doi:10.7910/DVN/2AUJZM,2026-09-28
doi:10.7910/DVN/RHYALC,2026-09-28
doi:10.7910/DVN/RXDOEG,2026-09-28
doi:10.7910/DVN/RBZZU7,2026-09-28
doi:10.7910/DVN/OIK95U,2026-09-28
doi:10.7910/DVN/VZL6O4,2026-09-28
doi:10.7910/DVN/5DHYTU,2026-09-28
doi:10.7910/DVN/TJ7TYS,2026-09-28
doi:10.7910/DVN/VGSVXZ,2026-09-28
doi:10.7910/DVN/6FTRZZ,2026-09-28
doi:10.7910/DVN/T2FZK3,2026-09-28
doi:10.7910/DVN/8N6TRY,2026-09-28
doi:10.7910/DVN/4ECXDG,2026-09-28
doi:10.7910/DVN/9PFC7P,2026-09-28
doi:10.7910/DVN/M7YQXO,2026-09-28
doi:10.7910/DVN/BMEGH1,2026-09-28
doi:10.7910/DVN/KVE3MW,2026-09-28
doi:10.7910/DVN/EOQDGM,2026-09-28
doi:10.7910/DVN/ZHGNOV,2026-09-28
doi:10.7910/DVN/AXOFXL,2026-09-28
doi:10.7910/DVN/JTLM7U,2026-09-28
doi:10.7910/DVN/UX8DSG,2026-09-28
doi:10.7910/DVN/0UHBUM,2026-09-28
doi:10.7910/DVN/F9NSOK,2026-09-28
doi:10.7910/DVN/W8LTRL,2026-09-28
doi:10.7910/DVN/ONU9NB,2026-09-28
doi:10.7910/DVN/98I0JX,2026-09-28
doi:10.7910/DVN/ZJ1END,2026-09-28
doi:10.7910/DVN/VB7ZLX,2026-09-28
doi:10.7910/DVN/TTBTHP,2026-09-28
doi:10.7910/DVN/YRLGNR,2026-09-28
doi:10.7910/DVN/AXQXYP,2026-09-28
doi:10.7910/DVN/7BCD4I,2026-09-28
doi:10.7910/DVN/P57GDP,2026-09-28
doi:10.7910/DVN/Y916NP,2026-09-28
doi:10.7910/DVN/CEJAHP,2026-09-28
doi:10.7910/DVN/0CFNE7,2026-09-28
doi:10.7910/DVN/AE0MKQ,2026-09-28
doi:10.7910/DVN/R7XT2D,2026-09-28
doi:10.7910/DVN/HEIR1W,2026-09-28
doi:10.7910/DVN/DOELUB,2026-09-28
doi:10.7910/DVN/EDKNUT,2026-09-28
doi:10.7910/DVN/MAIUD8,2026-09-28
doi:10.7910/DVN/WRHPXL,2026-09-28
doi:10.7910/DVN/P6YAMO,2026-09-28
doi:10.7910/DVN/SWVFV8,2026-09-28
doi:10.7910/DVN/DGWILM,2026-09-28
doi:10.7910/DVN/DSNO4T,2026-09-28
doi:10.7910/DVN/SUBWTT,2026-09-28
doi:10.7910/DVN/2IYSI8,2026-09-28
doi:10.7910/DVN/FW7M6T,2026-09-28
doi:10.7910/DVN/ZU3K7H,2026-09-28
doi:10.7910/DVN/B6QSZ1,2026-09-28
doi:10.7910/DVN/P8OYIZ,2026-09-28
doi:10.7910/DVN/8BLCWK,2026-09-28
doi:10.7910/DVN/ZVP0TS,2026-09-28
doi:10.7910/DVN/D3OC1H,2026-09-28
doi:10.7910/DVN/6FFKRI,2026-09-28
doi:10.7910/DVN/KHZER5,2026-09-28
doi:10.7910/DVN/4A8LOT,2026-09-28
doi:10.7910/DVN/H0TT9U,2026-09-28
doi:10.7910/DVN/IFGSF5,2026-09-28
doi:10.7910/DVN/AQJWCG,2026-09-28
doi:10.7910/DVN/N5PYXZ,2026-09-28
doi:10.7910/DVN/VX6UIH,2026-09-28
doi:10.7910/DVN/L6KU0D,2026-09-28
doi:10.7910/DVN/IUCOEP,2026-09-28
doi:10.7910/DVN/FXEJWI,2026-09-28
doi:10.7910/DVN/X0LYXD,2026-09-28
doi:10.7910/DVN/E7CLML,2026-09-28
doi:10.7910/DVN/CDA5FN,2026-09-28
doi:10.7910/DVN/AUTKAV,2026-09-28
doi:10.7910/DVN/VXZZ0J,2026-09-28
doi:10.7910/DVN/N8ELFU,2026-09-28
doi:10.7910/DVN/360D4O,2026-09-28
doi:10.7910/DVN/QVOPRT,2026-09-28
doi:10.7910/DVN/FROKE5,2026-09-28
doi:10.7910/DVN/0NDRHU,2026-09-28
doi:10.7910/DVN/YBPZRS,2026-09-28
doi:10.7910/DVN/MQAWKE,2026-09-28
doi:10.7910/DVN/7VW5HS,2026-09-28
doi:10.7910/DVN/XTVNXN,2026-09-28
doi:10.7910/DVN/0NVQK4,2026-09-28
doi:10.7910/DVN/8WLEMA,2026-09-28
doi:10.7910/DVN/HSAXKU,2026-09-28
doi:10.7910/DVN/XQYJKN,2026-09-28
doi:10.7910/DVN/XKOVUN,2026-09-28
doi:10.7910/DVN/EFLNUM,2026-09-28
doi:10.7910/DVN/W1YYEV,2026-09-28
doi:10.7910/DVN/ZELWZ7,2026-09-28
doi:10.7910/DVN/RZPNLY,2026-09-28
doi:10.7910/DVN/PFSCIY,2026-09-28
doi:10.7910/DVN/LGLTN2,2026-09-28
doi:10.7910/DVN/J6SEGJ,2026-09-28
doi:10.7910/DVN/IH1AJS,2026-09-28
doi:10.7910/DVN/OGQJXI,2026-09-28
doi:10.7910/DVN/TX2UFT,2026-09-28
doi:10.7910/DVN/ZECDW0,2026-09-28
doi:10.7910/DVN/QJ4MK0,2026-09-28
doi:10.7910/DVN/2JT5JK,2026-09-28
doi:10.7910/DVN/4QJW0V,2026-09-28
doi:10.7910/DVN/GNCDZR,2026-09-28
doi:10.7910/DVN/CVCF75,2026-09-28
doi:10.7910/DVN/3SFGTQ,2026-09-28
doi:10.7910/DVN/WHLUMW,2026-09-28
doi:10.7910/DVN/XSGYWA,2026-09-28
doi:10.7910/DVN/FV7UOH,2026-09-28
doi:10.7910/DVN/1HCPSG,2026-09-28
doi:10.7910/DVN/I5POAD,2026-09-28
doi:10.7910/DVN/RTJ02G,2026-09-28
doi:10.7910/DVN/ZGI2GF,2026-09-28
doi:10.7910/DVN/IB504I,2026-09-28
doi:10.7910/DVN/CNTPVV,2026-09-28
doi:10.7910/DVN/YFQE9W,2026-09-28
doi:10.7910/DVN/IYWXMF,2026-09-28
doi:10.7910/DVN/1KYJ3N,2026-09-28
doi:10.7910/DVN/QTWGXI,2026-09-28
doi:10.7910/DVN/V1OVVA,2026-09-28
doi:10.7910/DVN/RRF7EU,2026-09-28
doi:10.7910/DVN/KE2AQU,2026-09-28
doi:10.7910/DVN/QOOFYS,2026-09-28
doi:10.7910/DVN/Z09KDS,2026-09-28
doi:10.7910/DVN/VZSO5S,2026-09-28
doi:10.7910/DVN/HM5XCO,2026-09-28
doi:10.7910/DVN/UGKVTJ,2026-09-28
doi:10.7910/DVN/IEMA1T,2026-09-28
doi:10.7910/DVN/1WDVZB,2026-09-28
doi:10.7910/DVN/MWGOZS,2026-09-28
doi:10.7910/DVN/Q8YTNL,2026-09-28
doi:10.7910/DVN/4S83QX,2026-09-28
doi:10.7910/DVN/TZTW1J,2026-09-28
doi:10.7910/DVN/PBACES,2026-09-28
doi:10.7910/DVN/L1E3F6,2026-09-28
doi:10.7910/DVN/L2GSK6,2026-09-28
doi:10.7910/DVN/SLXBX2,2026-09-28
doi:10.7910/DVN/LOUVM2,2026-09-28
doi:10.7910/DVN/BYC7DS,2026-09-28
doi:10.7910/DVN/WGMX7V,2026-09-28
doi:10.7910/DVN/3DN3KJ,2026-09-28
doi:10.7910/DVN/38KQAJ,2026-09-28
doi:10.7910/DVN/O08RNG,2026-09-28
doi:10.7910/DVN/9FSI8S,2026-09-28
doi:10.7910/DVN/NNGG4C,2026-09-28
doi:10.7910/DVN/SGH3Y4,2026-09-28
doi:10.7910/DVN/A0YYKO,2026-09-28
doi:10.7910/DVN/KGMB8R,2026-09-28
doi:10.7910/DVN/2CDWA9,2026-09-28
doi:10.7910/DVN/D8FIPL,2026-09-28
doi:10.7910/DVN/W1PQHE,2026-09-28
doi:10.7910/DVN/5GVHTE,2026-09-28
doi:10.7910/DVN/SH5Q6S,2026-09-28
doi:10.7910/DVN/O1SJV5,2026-09-28
doi:10.7910/DVN/X07ZKQ,2026-09-28
doi:10.7910/DVN/A8LXTP,2026-09-28
doi:10.7910/DVN/JHD8CV,2026-09-28
doi:10.7910/DVN/T8YQH1,2026-09-28
doi:10.7910/DVN/0LRFKG,2026-09-28
doi:10.7910/DVN/BIP9Y6,2026-09-28
doi:10.7910/DVN/CA6DFV,2026-09-28
doi:10.7910/DVN/8TNQHZ,2026-09-28
doi:10.7910/DVN/NCPXYV,2026-09-28
doi:10.7910/DVN/41MFVV,2026-09-28
doi:10.7910/DVN/HHKRN0,2026-09-28
doi:10.7910/DVN/WIAEL2,2026-09-28
doi:10.7910/DVN/7XURZ5,2026-09-28
doi:10.7910/DVN/PNDP4V,2026-09-28
doi:10.7910/DVN/ZRXEL9,2026-09-28
doi:10.7910/DVN/LS8QOF,2026-09-28
doi:10.7910/DVN/QM2ZO1,2026-09-28
doi:10.7910/DVN/5P03UL,2026-09-28
doi:10.7910/DVN/QLKRGD,2026-09-28
doi:10.7910/DVN/H6NGHG,2026-09-28
doi:10.7910/DVN/3AUEJQ,2026-09-28
doi:10.7910/DVN/H8QHXT,2026-09-28
doi:10.7910/DVN/9XYDFR,2026-09-28
doi:10.7910/DVN/2QCPOI,2026-09-28
doi:10.7910/DVN/WWNWNS,2026-09-28
doi:10.7910/DVN/CXGKBE,2026-09-28
doi:10.7910/DVN/2F4OAO,2026-09-28
doi:10.7910/DVN/RUEF38,2026-09-28
doi:10.7910/DVN/ELMSWO,2026-09-28
doi:10.7910/DVN/NIWWF6,2026-09-28
doi:10.7910/DVN/TJEWCC,2026-09-28
doi:10.7910/DVN/GNLRDG,2026-09-28
doi:10.7910/DVN/FC3W21,2026-09-28
doi:10.7910/DVN/3S19DY,2026-09-28
doi:10.7910/DVN/Q5FOMB,2026-09-28
doi:10.7910/DVN/SMGTJC,2026-09-28
doi:10.7910/DVN/C868YD,2026-09-28
doi:10.7910/DVN/VEEDAO,2026-09-28
doi:10.7910/DVN/6M4I5V,2026-09-28
doi:10.7910/DVN/AVXVMZ,2026-09-28
doi:10.7910/DVN/JX0UJ1,2026-09-28
doi:10.7910/DVN/UKKS0P,2026-09-28
doi:10.7910/DVN/AB8MSK,2026-09-28
doi:10.7910/DVN/OJFUOC,2026-09-28
doi:10.7910/DVN/RC1HHG,2026-09-28
doi:10.7910/DVN/0GRFBN,2026-09-28
doi:10.7910/DVN/BLORG0,2026-09-28
doi:10.7910/DVN/JARRBB,2026-09-28
doi:10.7910/DVN/UHOFQ6,2026-09-28
doi:10.7910/DVN/H74HDE,2026-09-28
doi:10.7910/DVN/WZWU2D,2026-09-28
doi:10.7910/DVN/7ZR0A3,2026-09-28
doi:10.7910/DVN/GYOQMG,2026-09-28
doi:10.7910/DVN/GBCYJR,2026-09-28
doi:10.7910/DVN/HZPCZ2,2026-09-28
doi:10.7910/DVN/MITXC3,2026-09-28
doi:10.7910/DVN/CIMSKQ,2026-09-28
doi:10.7910/DVN/T9XEDQ,2026-09-28
doi:10.7910/DVN/NUJDIA,2026-09-28
doi:10.7910/DVN/4QPQQE,2026-09-28
doi:10.7910/DVN/WCBPZM,2026-09-28
doi:10.7910/DVN/NR3DNK,2026-09-28
doi:10.7910/DVN/ZQEHQQ,2026-09-28
doi:10.7910/DVN/EBT3UZ,2026-09-28
doi:10.7910/DVN/5WU7DZ,2026-09-28
doi:10.7910/DVN/SCPLHB,2026-09-28
doi:10.7910/DVN/JRKZR6,2026-09-28
doi:10.7910/DVN/4VFRAD,2026-09-28
doi:10.7910/DVN/3V1W28,2026-09-28
doi:10.7910/DVN/ZHTNC5,2026-09-28
doi:10.7910/DVN/SUNBH7,2026-09-28
doi:10.7910/DVN/WDYA1N,2026-09-28
doi:10.7910/DVN/KQLADK,2026-09-28
doi:10.7910/DVN/NXCK3H,2026-09-28
doi:10.7910/DVN/MCNL5S,2026-09-28
doi:10.7910/DVN/NIFZSU,2026-09-28
doi:10.7910/DVN/IA4Z0Z,2026-09-28
doi:10.7910/DVN/ICQ1M7,2026-09-28
doi:10.7910/DVN/PSDO05,2026-09-28
doi:10.7910/DVN/WOG3DX,2026-09-28
doi:10.7910/DVN/RQDYOO,2026-09-28
doi:10.7910/DVN/LKSBWM,2026-09-28
doi:10.7910/DVN/BZPSI7,2026-09-28
doi:10.7910/DVN/AHIKPP,2026-09-28
doi:10.7910/DVN/MAAWUE,2026-09-28
doi:10.7910/DVN/BQBE3O,2026-09-28
doi:10.7910/DVN/LMQKMA,2026-09-28
doi:10.7910/DVN/K9LYS9,2026-09-28
doi:10.7910/DVN/5T1YXO,2026-09-28
doi:10.7910/DVN/0BUYLE,2026-09-28
doi:10.7910/DVN/UZ2SHW,2026-09-28
doi:10.7910/DVN/GFLOXG,2026-09-28
doi:10.7910/DVN/8KNZYK,2026-09-28
doi:10.7910/DVN/MIBVHB,2026-09-28
doi:10.7910/DVN/AEWVW0,2026-09-28
doi:10.7910/DVN/VF3DIS,2026-09-28
doi:10.7910/DVN/OZAA1N,2026-09-28
doi:10.7910/DVN/OY3CUQ,2026-09-28
doi:10.7910/DVN/UK0LTR,2026-09-28
doi:10.7910/DVN/ESJNW6,2026-09-28
doi:10.7910/DVN/BU4PN6,2026-09-28
doi:10.7910/DVN/SQOADL,2026-09-28
doi:10.7910/DVN/0BLGMS,2026-09-28
doi:10.7910/DVN/8GJ30Z,2026-09-28
doi:10.7910/DVN/28SMGY,2026-09-28
doi:10.7910/DVN/L3F1TK,2026-09-28
doi:10.7910/DVN/BAOB0E,2026-09-28
doi:10.7910/DVN/LDNLOB,2026-09-28
doi:10.7910/DVN/IELPBK,2026-09-28
doi:10.7910/DVN/L8JD68,2026-09-28
doi:10.7910/DVN/4P8LLG,2026-09-28
doi:10.7910/DVN/8SCRDF,2026-09-28
doi:10.7910/DVN/RV3WZ5,2026-09-28
doi:10.7910/DVN/DLIICH,2026-09-28
doi:10.7910/DVN/DLEUSV,2026-09-28
doi:10.7910/DVN/VUBTJL,2026-09-28
doi:10.7910/DVN/DDOFPS,2026-09-28
doi:10.7910/DVN/ZSX9KS,2026-09-28
doi:10.7910/DVN/2J3Q2N,2026-09-28
doi:10.7910/DVN/Y3PDHB,2026-09-28
doi:10.7910/DVN/US51YD,2026-09-28
doi:10.7910/DVN/FD5LGI,2026-09-28
doi:10.7910/DVN/XQXC3P,2026-09-28
doi:10.7910/DVN/JRGOCT,2026-09-28
doi:10.7910/DVN/FR486K,2026-09-28
doi:10.7910/DVN/ULCTNU,2026-09-28
doi:10.7910/DVN/HLQLMZ,2026-09-28
doi:10.7910/DVN/J8CYZX,2026-09-28
doi:10.7910/DVN/X3HNFB,2026-09-28
doi:10.7910/DVN/F4XPMW,2026-09-28
doi:10.7910/DVN/VW1HUF,2026-09-28
doi:10.7910/DVN/6X6GDO,2026-09-28
doi:10.7910/DVN/1TIHLL,2026-09-28
doi:10.7910/DVN/PHYQ6G,2026-09-28
doi:10.7910/DVN/KOIRZM,2026-09-28
doi:10.7910/DVN/I5MVSA,2026-09-28
doi:10.7910/DVN/TGYNNH,2026-09-28
doi:10.7910/DVN/RDR3AK,2026-09-28
doi:10.7910/DVN/QRIBXB,2026-09-28
doi:10.7910/DVN/4JTKTI,2026-09-28
doi:10.7910/DVN/N52XSJ,2026-09-28
doi:10.7910/DVN/HPKYL5,2026-09-28
doi:10.7910/DVN/UAXIJL,2026-09-28
doi:10.7910/DVN/6BBWIX,2026-09-28
doi:10.7910/DVN/4DK5WN,2026-09-28
doi:10.7910/DVN/ENOXOR,2026-09-28
doi:10.7910/DVN/SFT3RT,2026-09-28
doi:10.7910/DVN/RZO69L,2026-09-28
doi:10.7910/DVN/HKSTMU,2026-09-28
doi:10.7910/DVN/PWNHRW,2026-09-28
doi:10.7910/DVN/CKDFB8,2026-09-28
doi:10.7910/DVN/MP2BJR,2026-09-28
doi:10.7910/DVN/T1U0Y6,2026-09-28
doi:10.7910/DVN/PRQYOA,2026-09-28
doi:10.7910/DVN/6384NR,2026-09-28
doi:10.7910/DVN/3NJT6G,2026-09-28
doi:10.7910/DVN/AWMQJL,2026-09-28
doi:10.7910/DVN/HGXYGN,2026-09-28
doi:10.7910/DVN/W3KOQB,2026-09-28
doi:10.7910/DVN/IN4PLE,2026-09-28
doi:10.7910/DVN/HXGAGX,2026-09-28
doi:10.7910/DVN/J5BS27,2026-09-28
doi:10.7910/DVN/UQDNYT,2026-09-28
doi:10.7910/DVN/2KB8AV,2026-09-28
doi:10.7910/DVN/NKTCYA,2026-09-28
doi:10.7910/DVN/KCJFCI,2026-09-28
doi:10.7910/DVN/LUSOIW,2026-09-28
doi:10.7910/DVN/YDDVBA,2026-09-28
doi:10.7910/DVN/BAIJOA,2026-09-28
doi:10.7910/DVN/TSGTQ6,2026-09-28
doi:10.7910/DVN/CA8N4H,2026-09-28
doi:10.7910/DVN/VLLMPY,2026-09-28
doi:10.7910/DVN/MWHAYO,2026-09-28
doi:10.7910/DVN/SAKJNC,2026-09-28
doi:10.7910/DVN/PWJM9E,2026-09-28
doi:10.7910/DVN/HJ9OPE,2026-09-28
doi:10.7910/DVN/VLBWJH,2026-09-28
doi:10.7910/DVN/EXW8VX,2026-09-28
doi:10.7910/DVN/QYG5BI,2026-09-28
doi:10.7910/DVN/FLKNRZ,2026-09-28
doi:10.7910/DVN/GCQXOQ,2026-09-28
doi:10.7910/DVN/VOJUR1,2026-09-28
doi:10.7910/DVN/JIHSNV,2026-09-28
doi:10.7910/DVN/QHOCVE,2026-09-28
doi:10.7910/DVN/XZDXIG,2026-09-28
doi:10.7910/DVN/SSI3GH,2026-09-28
doi:10.7910/DVN/PAK1XV,2026-09-28
doi:10.7910/DVN/UYNUSL,2026-09-28
doi:10.7910/DVN/D7C5Z1,2026-09-28
doi:10.7910/DVN/G4SZXG,2026-09-28
doi:10.7910/DVN/BHT2M2,2026-09-28
doi:10.7910/DVN/5PODHJ,2026-09-28
doi:10.7910/DVN/DPAABY,2026-09-28
doi:10.7910/DVN/GZPO3E,2026-09-28
doi:10.7910/DVN/WQLMAV,2026-09-28
doi:10.7910/DVN/E0GD3U,2026-09-28
doi:10.7910/DVN/LZXHNU,2026-09-28
doi:10.7910/DVN/3UVASF,2026-09-28
doi:10.7910/DVN/F6CGW4,2026-09-28
doi:10.7910/DVN/SCOKXE,2026-09-28
doi:10.7910/DVN/M9WGFD,2026-09-28
doi:10.7910/DVN/LKXVD7,2026-09-28
doi:10.7910/DVN/CDM59A,2026-09-28
doi:10.7910/DVN/C8O5VM,2026-09-28
doi:10.7910/DVN/27TPA1,2026-09-28
doi:10.7910/DVN/VZKEPE,2026-09-28
doi:10.7910/DVN/ER22KF,2026-09-28
doi:10.7910/DVN/XCQMHV,2026-09-28
doi:10.7910/DVN/3IZMIA,2026-09-28
doi:10.7910/DVN/9QQYPB,2026-09-28
doi:10.7910/DVN/ERPTA0,2026-09-28
doi:10.7910/DVN/MXM52I,2026-09-28
doi:10.7910/DVN/AWXIQE,2026-09-28
doi:10.7910/DVN/SJZWGP,2026-09-28
doi:10.7910/DVN/1JRIYC,2026-09-28
doi:10.7910/DVN/FWQAPI,2026-09-28
doi:10.7910/DVN/GXL3VQ,2026-09-28
doi:10.7910/DVN/YKZM4B,2026-09-28
doi:10.7910/DVN/VYGEYO,2026-09-28
doi:10.7910/DVN/XU4L1B,2026-09-28
doi:10.7910/DVN/Z85LLW,2026-09-28
doi:10.7910/DVN/LPJZOL,2026-09-28
doi:10.7910/DVN/RIRZGZ,2026-09-28
doi:10.7910/DVN/SPD5H6,2026-09-28
doi:10.7910/DVN/XNWMRF,2026-09-28
doi:10.7910/DVN/MNZNZY,2026-09-28
doi:10.7910/DVN/XEWHG1,2026-09-28
doi:10.7910/DVN/4CJC6I,2026-09-28
doi:10.7910/DVN/WHLM7L,2026-09-28
doi:10.7910/DVN/JIJRGZ,2026-09-28
doi:10.7910/DVN/T8DAS1,2026-09-28
doi:10.7910/DVN/2RMAPQ,2026-09-28
doi:10.7910/DVN/CBI9ZQ,2026-09-28
doi:10.7910/DVN/XGI9BH,2026-09-28
doi:10.7910/DVN/ZPKQOR,2026-09-28
doi:10.7910/DVN/LPSRSJ,2026-09-28
doi:10.7910/DVN/CCPAHH,2026-09-28
doi:10.7910/DVN/VPFD4V,2026-09-28
doi:10.7910/DVN/RT9VDT,2026-09-28
doi:10.7910/DVN/CJS38E,2026-09-28
doi:10.7910/DVN/EKGRVK,2026-09-28
doi:10.7910/DVN/0QVJFD,2026-09-28
doi:10.7910/DVN/QXFTJF,2026-09-28
doi:10.7910/DVN/DOPWPG,2026-09-28
doi:10.7910/DVN/0UVV8L,2026-09-28
doi:10.7910/DVN/AIDEVP,2026-09-28
doi:10.7910/DVN/YXUTED,2026-09-28
doi:10.7910/DVN/GEV30Y,2026-09-28
doi:10.7910/DVN/GGJEZT,2026-09-28
doi:10.7910/DVN/PTLFRU,2026-09-28
doi:10.7910/DVN/X9XSUI,2026-09-28
doi:10.7910/DVN/QOFRF7,2026-09-28
doi:10.7910/DVN/GXMBCS,2026-09-28
doi:10.7910/DVN/Q5629Q,2026-09-28
doi:10.7910/DVN/AOU2WD,2026-09-28
doi:10.7910/DVN/GXIJJL,2026-09-28
doi:10.7910/DVN/YSZQPF,2026-09-28
doi:10.7910/DVN/DL7HJ7,2026-09-28
doi:10.7910/DVN/T7BSLP,2026-09-28
doi:10.7910/DVN/U9YNEI,2026-09-28
doi:10.7910/DVN/PV9IR0,2026-09-28
doi:10.7910/DVN/6S3SHE,2026-09-28
doi:10.7910/DVN/CAMWO9,2026-09-28
doi:10.7910/DVN/RDJEYQ,2026-09-28
doi:10.7910/DVN/NKOXYH,2026-09-28
doi:10.7910/DVN/MVDDKX,2026-09-28
doi:10.7910/DVN/EKARKX,2026-09-28
doi:10.7910/DVN/LOAUXD,2026-09-28
doi:10.7910/DVN/6LAYEZ,2026-09-28
doi:10.7910/DVN/HY1U8U,2026-09-28
doi:10.7910/DVN/XVEOI5,2026-09-28
doi:10.7910/DVN/4N0RZL,2026-09-28
doi:10.7910/DVN/HJYIYD,2026-09-28
doi:10.7910/DVN/IHA9JD,2026-09-28
doi:10.7910/DVN/JFA8UQ,2026-09-28
doi:10.7910/DVN/ZRYHCL,2026-09-28
doi:10.7910/DVN/LYPEXZ,2026-09-28
doi:10.7910/DVN/UKACZ0,2026-09-28
doi:10.7910/DVN/FHUFAI,2026-09-28
doi:10.7910/DVN/YZHTFV,2026-09-28
doi:10.7910/DVN/TZPPUO,2026-09-28
doi:10.7910/DVN/CJAQZJ,2026-09-28
doi:10.7910/DVN/GFAL4M,2026-09-28
doi:10.7910/DVN/GIQKWQ,2026-09-28
doi:10.7910/DVN/EI0LJF,2026-09-28
doi:10.7910/DVN/PVLAHX,2026-09-28
doi:10.7910/DVN/JKU00J,2026-09-28
doi:10.7910/DVN/QCMOZP,2026-09-28
doi:10.7910/DVN/2MRDOW,2026-09-28
doi:10.7910/DVN/TL56CU,2026-09-28
doi:10.7910/DVN/IXD3DA,2026-09-28
doi:10.7910/DVN/MYRMU7,2026-09-28
doi:10.7910/DVN/LO7A8I,2026-09-28
doi:10.7910/DVN/SIE0LL,2026-09-28
doi:10.7910/DVN/LTIXEY,2026-09-28
doi:10.7910/DVN/BJK60F,2026-09-28
doi:10.7910/DVN/0FNBKQ,2026-09-28
doi:10.7910/DVN/DTBM1U,2026-09-28
doi:10.7910/DVN/EZHYNC,2026-09-28
doi:10.7910/DVN/AYZ23E,2026-09-28
doi:10.7910/DVN/WUMYRW,2026-09-28
doi:10.7910/DVN/6ZIVYL,2026-09-28
doi:10.7910/DVN/FWC1IF,2026-09-28
doi:10.7910/DVN/UKKTIO,2026-09-28
doi:10.7910/DVN/E6MBIE,2026-09-28
doi:10.7910/DVN/6BVYC0,2026-09-28
doi:10.7910/DVN/KZT0KN,2026-09-28
doi:10.7910/DVN/CJJVRA,2026-09-28
doi:10.7910/DVN/KV4GUO,2026-09-28
doi:10.7910/DVN/CUUC5A,2026-09-28
doi:10.7910/DVN/88FKHO,2026-09-28
doi:10.7910/DVN/LAXHS3,2026-09-28
doi:10.7910/DVN/GFQZOL,2026-09-28
doi:10.7910/DVN/4TWFPZ,2026-09-28
doi:10.7910/DVN/96J0CP,2026-09-28
doi:10.7910/DVN/XEI8RP,2026-09-28
doi:10.7910/DVN/DFXUVM,2026-09-28
doi:10.7910/DVN/QHFSO7,2026-09-28
doi:10.7910/DVN/LAI5BC,2026-09-28
doi:10.7910/DVN/XHTKDS,2026-09-28
doi:10.7910/DVN/D0DDVS,2026-09-28
doi:10.7910/DVN/YBXX6C,2026-09-28
doi:10.7910/DVN/CNTS0L,2026-09-28
doi:10.7910/DVN/BA4PNG,2026-09-28
doi:10.7910/DVN/GZAUKL,2026-09-28
doi:10.7910/DVN/7E3O5P,2026-09-28
doi:10.7910/DVN/R5I3LL,2026-09-28
doi:10.7910/DVN/FDJMMP,2026-09-28
doi:10.7910/DVN/JIFRAQ,2026-09-28
doi:10.7910/DVN/P6EKXL,2026-09-28
doi:10.7910/DVN/NO3EAU,2026-09-28
doi:10.7910/DVN/BVJLBH,2026-09-28
doi:10.7910/DVN/PQJ2RX,2026-09-28
doi:10.7910/DVN/J1ORCJ,2026-09-28
doi:10.7910/DVN/KGSGPW,2026-09-28
doi:10.7910/DVN/67VN8O,2026-09-28
doi:10.7910/DVN/U1WZ0E,2026-09-28
doi:10.7910/DVN/ZVQ90X,2026-09-28
doi:10.7910/DVN/XLQYWH,2026-09-28
doi:10.7910/DVN/KHDZND,2026-09-28
doi:10.7910/DVN/UWVQRG,2026-09-28
doi:10.7910/DVN/9GFUX9,2026-09-28
doi:10.7910/DVN/ETEJJF,2026-09-28
doi:10.7910/DVN/KIW6VX,2026-09-28
doi:10.7910/DVN/LHUDKV,2026-09-28
doi:10.7910/DVN/OCGMZV,2026-09-28
doi:10.7910/DVN/VZBJUC,2026-09-28
doi:10.7910/DVN/0TIKAL,2026-09-28
doi:10.7910/DVN/HQBRHO,2026-09-28
doi:10.7910/DVN/GBQS6G,2026-09-28
doi:10.7910/DVN/VUMBKB,2026-09-28
doi:10.7910/DVN/FII5ZL,2026-09-28
doi:10.7910/DVN/HJQKTH,2026-09-28
doi:10.7910/DVN/5SPLEY,2026-09-28
doi:10.7910/DVN/A3HBWB,2026-09-28
doi:10.7910/DVN/VQATCM,2026-09-28
doi:10.7910/DVN/3RPBBT,2026-09-28
doi:10.7910/DVN/EQ1YYY,2026-09-28
doi:10.7910/DVN/A1MXIX,2026-09-28
doi:10.7910/DVN/VOVFDU,2026-09-28
doi:10.7910/DVN/RYPUEF,2026-09-28
doi:10.7910/DVN/4QSK8Z,2026-09-28
doi:10.7910/DVN/3MNPJ1,2026-09-28
doi:10.7910/DVN/HK6PKL,2026-09-28
doi:10.7910/DVN/HAMSQO,2026-09-28
doi:10.7910/DVN/LTQI6R,2026-09-28
doi:10.7910/DVN/JSSREL,2026-09-28
doi:10.7910/DVN/NZFZAW,2026-09-28
doi:10.7910/DVN/LUSKZH,2026-09-28
doi:10.7910/DVN/4UZU8I,2026-09-28
doi:10.7910/DVN/SWPFZA,2026-09-28
doi:10.7910/DVN/2YI6DY,2026-09-28
doi:10.7910/DVN/3AJ7ZX,2026-09-28
doi:10.7910/DVN/GRRBI2,2026-09-28
doi:10.7910/DVN/59HSGE,2026-09-28
doi:10.7910/DVN/DDNLGC,2026-09-28
doi:10.7910/DVN/472BUO,2026-09-28
doi:10.7910/DVN/I3JH3G,2026-09-28
doi:10.7910/DVN/N1MIGD,2026-09-28
doi:10.7910/DVN/SHK9QJ,2026-09-28
doi:10.7910/DVN/UHURK9,2026-09-28
doi:10.7910/DVN/2GKL6J,2026-09-28
doi:10.7910/DVN/BV7YUU,2026-09-28
doi:10.7910/DVN/CFJVVK,2026-09-28
doi:10.7910/DVN/V0MKZR,2026-09-28
doi:10.7910/DVN/BYZDYE,2026-09-28
doi:10.7910/DVN/11SAJZ,2026-09-28
doi:10.7910/DVN/6M4LFJ,2026-09-28
doi:10.7910/DVN/9O0YIO,2026-09-28
doi:10.7910/DVN/T27NQO,2026-09-28
doi:10.7910/DVN/TX160A,2026-09-28
doi:10.7910/DVN/SYACXH,2026-09-28
doi:10.7910/DVN/ZXIDXZ,2026-09-28
doi:10.7910/DVN/BSAARV,2026-09-28
doi:10.7910/DVN/LJXGBB,2026-09-28
doi:10.7910/DVN/EBKYJO,2026-09-28
doi:10.7910/DVN/ELCDQS,2026-09-28
doi:10.7910/DVN/EK1WTZ,2026-09-28
doi:10.7910/DVN/IHQMJP,2026-09-28
doi:10.7910/DVN/HKCRBU,2026-09-28
doi:10.7910/DVN/XQQ23M,2026-09-28
doi:10.7910/DVN/H1B3TJ,2026-09-28
doi:10.7910/DVN/GPJ6MA,2026-09-28
doi:10.7910/DVN/ZTJO4G,2026-09-28
doi:10.7910/DVN/L6T8GD,2026-09-28
doi:10.7910/DVN/WL89Q2,2026-09-28
doi:10.7910/DVN/ZOYYMJ,2026-09-28
doi:10.7910/DVN/YBO9GM,2026-09-28
doi:10.7910/DVN/J3PK3T,2026-09-28
doi:10.7910/DVN/KMLYEY,2026-09-28
doi:10.7910/DVN/YAAUMQ,2026-09-28
doi:10.7910/DVN/9H9ROX,2026-09-28
doi:10.7910/DVN/ZFEBHI,2026-09-28
doi:10.7910/DVN/DX4HLQ,2026-09-28
doi:10.7910/DVN/LOPO9L,2026-09-28
doi:10.7910/DVN/SYWU60,2026-09-28
doi:10.7910/DVN/CSDWHN,2026-09-28
doi:10.7910/DVN/ZZOJQC,2026-09-28
doi:10.7910/DVN/2F3GAT,2026-09-28
doi:10.7910/DVN/3D1GD3,2026-09-28
doi:10.7910/DVN/I3UIG5,2026-09-28
doi:10.7910/DVN/G29DGC,2026-09-28
doi:10.7910/DVN/CUSP4K,2026-09-28
doi:10.7910/DVN/DFQZIZ,2026-09-28
doi:10.7910/DVN/ZBGVYX,2026-09-28
doi:10.7910/DVN/3DVDZV,2026-09-28
doi:10.7910/DVN/VBJNWH,2026-09-28
doi:10.7910/DVN/IGNWOM,2026-09-28
doi:10.7910/DVN/ZRJ95M,2026-09-28
doi:10.7910/DVN/3IOJBC,2026-09-28
doi:10.7910/DVN/LFUAI7,2026-09-28
doi:10.7910/DVN/HQ7QDM,2026-09-28
doi:10.7910/DVN/8VH4GA,2026-09-28
doi:10.7910/DVN/WFL29B,2026-09-28
doi:10.7910/DVN/NUGU4U,2026-09-28
doi:10.7910/DVN/BDCKIW,2026-09-28
doi:10.7910/DVN/WF4KVD,2026-09-28
doi:10.7910/DVN/QMO1ND,2026-09-28
doi:10.7910/DVN/NW6W9Q,2026-09-28
doi:10.7910/DVN/AR7NSR,2026-09-28
doi:10.7910/DVN/FYSCAI,2026-09-28
doi:10.7910/DVN/LHLWDE,2026-09-28
doi:10.7910/DVN/RIOJTE,2026-09-28
doi:10.7910/DVN/Y3BHVZ,2026-09-28
doi:10.7910/DVN/IJLB4R,2026-09-28
doi:10.7910/DVN/ZUCUPI,2026-09-28
doi:10.7910/DVN/KVZ2QI,2026-09-28
doi:10.7910/DVN/FZET5K,2026-09-28
doi:10.7910/DVN/Q41ILE,2026-09-28
doi:10.7910/DVN/IADDS9,2026-09-28
doi:10.7910/DVN/JKLNFT,2026-09-28
doi:10.7910/DVN/L4L5X6,2026-09-28
doi:10.7910/DVN/II7CWO,2026-09-28
doi:10.7910/DVN/GTIS4H,2026-09-28
doi:10.7910/DVN/CYURVN,2026-09-28
doi:10.7910/DVN/L261I4,2026-09-28
doi:10.7910/DVN/HCQ66H,2026-09-28
doi:10.7910/DVN/U8POP4,2026-09-28
doi:10.7910/DVN/HW0FU9,2026-09-28
doi:10.7910/DVN/UKUQ2D,2026-09-28
doi:10.7910/DVN/T09KUG,2026-09-28
doi:10.7910/DVN/LF5HCY,2026-09-28
doi:10.7910/DVN/GDCU0K,2026-09-28
doi:10.7910/DVN/JRTITQ,2026-09-28
doi:10.7910/DVN/RQCG1U,2026-09-28
doi:10.7910/DVN/VVF619,2026-09-28
doi:10.7910/DVN/XCG3OI,2026-09-28
doi:10.7910/DVN/FESGF3,2026-09-28
doi:10.7910/DVN/FDJCJX,2026-09-28
doi:10.7910/DVN/WEMZ8V,2026-09-28
doi:10.7910/DVN/ONX6GB,2026-09-28
doi:10.7910/DVN/VF9X6A,2026-09-28
doi:10.7910/DVN/PDYVY2,2026-09-28
doi:10.7910/DVN/QOZX0G,2026-09-28
doi:10.7910/DVN/FCEXRD,2026-09-28
doi:10.7910/DVN/CKVSTB,2026-09-28
doi:10.7910/DVN/NMOUYF,2026-09-28
doi:10.7910/DVN/WOFWBE,2026-09-28
doi:10.7910/DVN/82RNG7,2026-09-28
doi:10.7910/DVN/BCC6IV,2026-09-28
doi:10.7910/DVN/E8RJDK,2026-09-28
doi:10.7910/DVN/LL9BKX,2026-09-28
doi:10.7910/DVN/OA2MTX,2026-09-28
doi:10.7910/DVN/WGK8A2,2026-09-28
doi:10.7910/DVN/AYU9V4,2026-09-28
doi:10.7910/DVN/WZQKIK,2026-09-28
doi:10.7910/DVN/IZ65MC,2026-09-28
doi:10.7910/DVN/U8LYW1,2026-09-28
doi:10.7910/DVN/U8GLNS,2026-09-28
doi:10.7910/DVN/ZLM9TV,2026-09-28
doi:10.7910/DVN/L3W8XF,2026-09-28
doi:10.7910/DVN/TBIELH,2026-09-28
doi:10.7910/DVN/998QEK,2026-09-28
doi:10.7910/DVN/5EKNJM,2026-09-28
doi:10.7910/DVN/CXOB4K,2026-09-28
doi:10.7910/DVN/CXXSTK,2026-09-28
doi:10.7910/DVN/JIJJYE,2026-09-28
doi:10.7910/DVN/7HTIQ1,2026-09-28
doi:10.7910/DVN/HS2N6A,2026-09-28
doi:10.7910/DVN/70TJHT,2026-09-28
doi:10.7910/DVN/TDWNO9,2026-09-28
doi:10.7910/DVN/EIASGF,2026-09-28
doi:10.7910/DVN/QUKFFH,2026-09-28
doi:10.7910/DVN/58KDCM,2026-09-28
doi:10.7910/DVN/FIKFCQ,2026-09-28
doi:10.7910/DVN/72GCGD,2026-09-28
doi:10.7910/DVN/AGCWUR,2026-09-28
doi:10.7910/DVN/Y6FBSL,2026-09-28
doi:10.7910/DVN/GMYGZT,2026-09-28
doi:10.7910/DVN/JFY5GU,2026-09-28
doi:10.7910/DVN/8EMSFK,2026-09-28
doi:10.7910/DVN/5PZSJZ,2026-09-28
doi:10.7910/DVN/NKZJVT,2026-09-28
doi:10.7910/DVN/7Y4TD8,2026-09-28
doi:10.7910/DVN/GK6PR2,2026-09-28
doi:10.7910/DVN/SKJMLU,2026-09-28
doi:10.7910/DVN/39DFOI,2026-09-28
doi:10.7910/DVN/FFJISL,2026-09-28
doi:10.7910/DVN/LDDARY,2026-09-28
doi:10.7910/DVN/CBED0J,2026-09-28
doi:10.7910/DVN/U16NEI,2026-09-28
doi:10.7910/DVN/29669,2026-09-28
doi:10.7910/DVN/MPNSOR,2026-09-28
doi:10.7910/DVN/TBKC3Z,2026-09-28
doi:10.7910/DVN/CWWTMM,2026-09-28
doi:10.7910/DVN/SHJ7FH,2026-09-28
doi:10.7910/DVN/ANYR4V,2026-09-28
doi:10.7910/DVN/HTM5FT,2026-09-28
doi:10.7910/DVN/V1TH00,2026-09-28
doi:10.7910/DVN/4UUKUQ,2026-09-28
doi:10.7910/DVN/AHISQR,2026-09-28
doi:10.7910/DVN/RDEXKC,2026-09-28
doi:10.7910/DVN/ZYSM0L,2026-09-28
doi:10.7910/DVN/PXCZXT,2026-09-28
doi:10.7910/DVN/OW4TMP,2026-09-28
doi:10.7910/DVN/TCFDIP,2026-09-28
doi:10.7910/DVN/N8AAYN,2026-09-28
doi:10.7910/DVN/M06OWK,2026-09-28
doi:10.7910/DVN/MV6CC3,2026-09-28
doi:10.7910/DVN/PTQFP6,2026-09-28
doi:10.7910/DVN/N9ILJR,2026-09-28
doi:10.7910/DVN/RCKMDA,2026-09-28
doi:10.7910/DVN/4DD9VC,2026-09-28
doi:10.7910/DVN/HAM7MJ,2026-09-28
doi:10.7910/DVN/X8FUK8,2026-09-28
doi:10.7910/DVN/AKDFQF,2026-09-28
doi:10.7910/DVN/BELOTU,2026-09-28
doi:10.7910/DVN/ZTXM6T,2026-09-28
doi:10.7910/DVN/SEEI3Z,2026-09-28
doi:10.7910/DVN/YBFUBN,2026-09-28
doi:10.7910/DVN/PAPXWF,2026-09-28
doi:10.7910/DVN/98CTYF,2026-09-28
doi:10.7910/DVN/DSEECQ,2026-09-28
doi:10.7910/DVN/X3F5ZM,2026-09-28
doi:10.7910/DVN/Z2DPN9,2026-09-28
doi:10.7910/DVN/33BZEQ,2026-09-28
doi:10.7910/DVN/OX77DM,2026-09-28
doi:10.7910/DVN/XQIDHK,2026-09-28
doi:10.7910/DVN/HN3UVR,2026-09-28
doi:10.7910/DVN/8U8S1U,2026-09-28
doi:10.7910/DVN/RQHGEY,2026-09-28
doi:10.7910/DVN/AXF9S3,2026-09-28
doi:10.7910/DVN/BWFXAJ,2026-09-28
doi:10.7910/DVN/EDLVBX,2026-09-28
doi:10.7910/DVN/E6TDZH,2026-09-28
doi:10.7910/DVN/WGTG5X,2026-09-28
doi:10.7910/DVN/3CTXE2,2026-09-28
doi:10.7910/DVN/4VXCKS,2026-09-28
doi:10.7910/DVN/N0YNHG,2026-09-28
doi:10.7910/DVN/N05TBK,2026-09-28
doi:10.7910/DVN/YFGXQ3,2026-09-28
doi:10.7910/DVN/24KLEG,2026-09-28
doi:10.7910/DVN/U4NAJI,2026-09-28
doi:10.7910/DVN/HRN6TP,2026-09-28
doi:10.7910/DVN/JANYF4,2026-09-28
doi:10.7910/DVN/2ICIIT,2026-09-28
doi:10.7910/DVN/CPYQHY,2026-09-28
doi:10.7910/DVN/Y76HUI,2026-09-28
doi:10.7910/DVN/XCKUIF,2026-09-28
doi:10.7910/DVN/RJAVLV,2026-09-28
doi:10.7910/DVN/F00LON,2026-09-28
doi:10.7910/DVN/A8ISOH,2026-09-28
doi:10.7910/DVN/QCJ4IV,2026-09-28
doi:10.7910/DVN/TU2LYM,2026-09-28
doi:10.7910/DVN/MDA5XU,2026-09-28
doi:10.7910/DVN/1ZQYJG,2026-09-28
doi:10.7910/DVN/KDTKC0,2026-09-28
doi:10.7910/DVN/AVDBX0,2026-09-28
doi:10.7910/DVN/ESIQ1N,2026-09-28
doi:10.7910/DVN/AG0JK6,2026-09-28
doi:10.7910/DVN/I7FSYP,2026-09-28
doi:10.7910/DVN/ZZ2OSW,2026-09-28
doi:10.7910/DVN/8SJ7JU,2026-09-28
doi:10.7910/DVN/D2YZHO,2026-09-28
doi:10.7910/DVN/QB3V0K,2026-09-28
doi:10.7910/DVN/FORHNF,2026-09-28
doi:10.7910/DVN/CYZFCC,2026-09-28
doi:10.7910/DVN/QPIUHA,2026-09-28
doi:10.7910/DVN/TO0PWK,2026-09-28
doi:10.7910/DVN/TPRQFR,2026-09-28
doi:10.7910/DVN/K2Y1RM,2026-09-28
doi:10.7910/DVN/Z9UBV0,2026-09-28
doi:10.7910/DVN/GHQXUE,2026-09-28
doi:10.7910/DVN/NV5QWT,2026-09-28
doi:10.7910/DVN/LIU145,2026-09-28
doi:10.7910/DVN/FD9VSO,2026-09-28
doi:10.7910/DVN/8Z68JU,2026-09-28
doi:10.7910/DVN/H0YSHJ,2026-09-28
doi:10.7910/DVN/QBAFIP,2026-09-28
doi:10.7910/DVN/0ZRPLH,2026-09-28
doi:10.7910/DVN/TDMMEX,2026-09-28
doi:10.7910/DVN/XZCUV9,2026-09-28
doi:10.7910/DVN/MAUSTE,2026-09-28
doi:10.7910/DVN/0X41KG,2026-09-28
doi:10.7910/DVN/LBHRJD,2026-09-28
doi:10.7910/DVN/0BQX6X,2026-09-28
doi:10.7910/DVN/EKXRZN,2026-09-28
doi:10.7910/DVN/YLFS09,2026-09-28
doi:10.7910/DVN/YELBKE,2026-09-28
doi:10.7910/DVN/FAH6KL,2026-09-28
doi:10.7910/DVN/N1BGHI,2026-09-28
doi:10.7910/DVN/HOIEOZ,2026-09-28
doi:10.7910/DVN/LF163X,2026-09-28
doi:10.7910/DVN/YUXH4H,2026-09-28
doi:10.7910/DVN/CM0BMK,2026-09-28
doi:10.7910/DVN/YRDS8N,2026-09-28
doi:10.7910/DVN/0LN6PR,2026-09-28
doi:10.7910/DVN/BBVSBU,2026-09-28
doi:10.7910/DVN/XGYF0P,2026-09-28
doi:10.7910/DVN/CPYALE,2026-09-28
doi:10.7910/DVN/E05GUN,2026-09-28
doi:10.7910/DVN/USGOJJ,2026-09-28
doi:10.7910/DVN/SLXFWR,2026-09-28
doi:10.7910/DVN/ITP8S4,2026-09-28
doi:10.7910/DVN/VZLBUZ,2026-09-28
doi:10.7910/DVN/L1C9PY,2026-09-28
doi:10.7910/DVN/ABA9F5,2026-09-28
doi:10.7910/DVN/EXSNA4,2026-09-28
doi:10.7910/DVN/4DNIIJ,2026-09-28
doi:10.7910/DVN/0Y2JRJ,2026-09-28
doi:10.7910/DVN/K3E6O1,2026-09-28
doi:10.7910/DVN/20IR0P,2026-09-28
doi:10.7910/DVN/B6YLAV,2026-09-28
doi:10.7910/DVN/XBXBMG,2026-09-28
doi:10.7910/DVN/N0NVSP,2026-09-28
doi:10.7910/DVN/XR9Q6S,2026-09-28
doi:10.7910/DVN/T86LPW,2026-09-28
doi:10.7910/DVN/RWGETW,2026-09-28
doi:10.7910/DVN/QMYTV9,2026-09-28
doi:10.7910/DVN/BMEFM3,2026-09-28
doi:10.7910/DVN/WDQJCO,2026-09-28
doi:10.7910/DVN/TWA4NM,2026-09-28
doi:10.7910/DVN/AGTZ36,2026-09-28
doi:10.7910/DVN/NJRZ7I,2026-09-28
doi:10.7910/DVN/HTHO4V,2026-09-28
doi:10.7910/DVN/XJ6BXM,2026-09-28
doi:10.7910/DVN/2CJUAX,2026-09-28
doi:10.7910/DVN/3CIIM0,2026-09-28
doi:10.7910/DVN/ZMZDHG,2026-09-28
doi:10.7910/DVN/DMDGA1,2026-09-28
doi:10.7910/DVN/29136,2026-09-28
doi:10.7910/DVN/29133,2026-09-28
doi:10.7910/DVN/29130,2026-09-28
doi:10.7910/DVN/29111,2026-09-28
doi:10.7910/DVN/29110,2026-09-28
doi:10.7910/DVN/28131,2026-09-28
doi:10.7910/DVN/8EOR4A,2026-09-28
doi:10.7910/DVN/XCUJH4,2026-09-28
doi:10.7910/DVN/MOMRVE,2026-09-28
doi:10.7910/DVN/WYUQPS,2026-09-28
doi:10.7910/DVN/IXR2EO,2026-09-28
doi:10.7910/DVN/N1PDOY,2026-09-28
doi:10.7910/DVN/7JVLKN,2026-09-28
doi:10.7910/DVN/AFYKUZ,2026-09-28
doi:10.7910/DVN/5TKO7S,2026-09-28
doi:10.7910/DVN/U4FOPJ,2026-09-28
doi:10.7910/DVN/S6H1BK,2026-09-28
doi:10.7910/DVN/SEFZJR,2026-09-28
doi:10.7910/DVN/VB72M9,2026-09-28
doi:10.7910/DVN/QW6KNR,2026-09-28
doi:10.7910/DVN/8KKSDS,2026-09-28
doi:10.7910/DVN/HDZJKN,2026-09-28
doi:10.7910/DVN/3ZUUBG,2026-09-28
doi:10.7910/DVN/QIGM1P,2026-09-28
doi:10.7910/DVN/87EFYW,2026-09-28
doi:10.7910/DVN/WCZ2FC,2026-09-28
doi:10.7910/DVN/XLRGUI,2026-09-28
doi:10.7910/DVN/GW0AFH,2026-09-28
doi:10.7910/DVN/0CQOI5,2026-09-28
doi:10.7910/DVN/XCM7JT,2026-09-28
doi:10.7910/DVN/GQQ6ZA,2026-09-28
doi:10.7910/DVN/44XLJM,2026-09-28
doi:10.7910/DVN/UTHPN6,2026-09-28
doi:10.7910/DVN/KD9FTN,2026-09-28
doi:10.7910/DVN/Z3S1LY,2026-09-28
doi:10.7910/DVN/GTKZEF,2026-09-28
doi:10.7910/DVN/TCTXOH,2026-09-28
doi:10.7910/DVN/7V3ASC,2026-09-28
doi:10.7910/DVN/NC06SC,2026-09-28
doi:10.7910/DVN/ZTL5AE,2026-09-28
doi:10.7910/DVN/OUQR5V,2026-09-28
doi:10.7910/DVN/LGBONY,2026-09-28
doi:10.7910/DVN/YMYKZZ,2026-09-28
doi:10.7910/DVN/BYYLZB,2026-09-28
doi:10.7910/DVN/B5L9YV,2026-09-28
doi:10.7910/DVN/EYZGYT,2026-09-28
doi:10.7910/DVN/BIBHFZ,2026-09-28
doi:10.7910/DVN/3T0UA5,2026-09-28
doi:10.7910/DVN/HJIDDC,2026-09-28
doi:10.7910/DVN/MBLV59,2026-09-28
doi:10.7910/DVN/TTQWMQ,2026-09-28
doi:10.7910/DVN/YUZSDO,2026-09-28
doi:10.7910/DVN/J1PYTZ,2026-09-28
doi:10.7910/DVN/BYAFJR,2026-09-28
doi:10.7910/DVN/PFUS9M,2026-09-28
doi:10.7910/DVN/BRZ5U7,2026-09-28
doi:10.7910/DVN/TBQMBL,2026-09-28
doi:10.7910/DVN/TBUUDK,2026-09-28
doi:10.7910/DVN/Y9C0QC,2026-09-28
doi:10.7910/DVN/3X74LH,2026-09-28
doi:10.7910/DVN/RRRW5H,2026-09-28
doi:10.7910/DVN/XBX5BJ,2026-09-28
doi:10.7910/DVN/82NHR7,2026-09-28
doi:10.7910/DVN/H6CJHK,2026-09-28
doi:10.7910/DVN/NZRPJH,2026-09-28
doi:10.7910/DVN/AGNOU0,2026-09-28
doi:10.7910/DVN/TSEZGZ,2026-09-28
doi:10.7910/DVN/LNJDVZ,2026-09-28
doi:10.7910/DVN/FZW7DB,2026-09-28
doi:10.7910/DVN/DASEON,2026-09-28
doi:10.7910/DVN/DSWBH0,2026-09-28
doi:10.7910/DVN/P3ORE3,2026-09-28
doi:10.7910/DVN/YYKRSI,2026-09-28
doi:10.7910/DVN/2QJKP1,2026-09-28
doi:10.7910/DVN/IVDSYY,2026-09-28
doi:10.7910/DVN/TMUQHM,2026-09-28
doi:10.7910/DVN/026MZJ,2026-09-28
doi:10.7910/DVN/SUHMDP,2026-09-28
doi:10.7910/DVN/XM8HMI,2026-09-28
doi:10.7910/DVN/ORWDTV,2026-09-28
doi:10.7910/DVN/Y1JLXI,2026-09-28
doi:10.7910/DVN/3QFVIB,2026-09-28
doi:10.7910/DVN/LMBPJR,2026-09-28
doi:10.7910/DVN/K5KITX,2026-09-28
doi:10.7910/DVN/OQBNSK,2026-09-28
doi:10.7910/DVN/CFK8FX,2026-09-28
doi:10.7910/DVN/9SUFRU,2026-09-28
doi:10.7910/DVN/W9DAQM,2026-09-28
doi:10.7910/DVN/KDRRSX,2026-09-28
doi:10.7910/DVN/KRLS8R,2026-09-28
doi:10.7910/DVN/GAWWYW,2026-09-28
doi:10.7910/DVN/ZCLECH,2026-09-28
doi:10.7910/DVN/KJBRQG,2026-09-28
doi:10.7910/DVN/9TULQF,2026-09-28
doi:10.7910/DVN/EW3JWI,2026-09-28
doi:10.7910/DVN/JYKQLH,2026-09-28
doi:10.7910/DVN/UIFNLT,2026-09-28
doi:10.7910/DVN/CK4XM8,2026-09-28
doi:10.7910/DVN/OK1WFZ,2026-09-28
doi:10.7910/DVN/14NNH6,2026-09-28
doi:10.7910/DVN/FFRIEC,2026-09-28
doi:10.7910/DVN/WG2HG7,2026-09-28
doi:10.7910/DVN/FTOZVO,2026-09-28
doi:10.7910/DVN/K27XYA,2026-09-28
doi:10.7910/DVN/5NC2AV,2026-09-28
doi:10.7910/DVN/RTWKRU,2026-09-28
doi:10.7910/DVN/IOUQ5X,2026-09-28
doi:10.7910/DVN/EOWMKM,2026-09-28
doi:10.7910/DVN/DD5IW6,2026-09-28
doi:10.7910/DVN/OJ9QPA,2026-09-28
doi:10.7910/DVN/OMQMHS,2026-09-28
doi:10.7910/DVN/SU0ZL0,2026-09-28
doi:10.7910/DVN/KZK409,2026-09-28
doi:10.7910/DVN/4KRXD3,2026-09-28
doi:10.7910/DVN/LTGH26,2026-09-28
doi:10.7910/DVN/OHF34L,2026-09-28
doi:10.7910/DVN/T2ZVKG,2026-09-28
doi:10.7910/DVN/RKAUZC,2026-09-28
doi:10.7910/DVN/RPN8JF,2026-09-28
doi:10.7910/DVN/KRWG8E,2026-09-28
doi:10.7910/DVN/NNP6JG,2026-09-28
doi:10.7910/DVN/0VBRYQ,2026-09-28
doi:10.7910/DVN/HCYPMB,2026-09-28
doi:10.7910/DVN/K1R14D,2026-09-28
doi:10.7910/DVN/3DWMM6,2026-09-28
doi:10.7910/DVN/KP1MS6,2026-09-28
doi:10.7910/DVN/QJV1PK,2026-09-28
doi:10.7910/DVN/ZZ4P9G,2026-09-28
doi:10.7910/DVN/CDYPRI,2026-09-28
doi:10.7910/DVN/H1AXTM,2026-09-28
doi:10.7910/DVN/LJMSJN,2026-09-28
doi:10.7910/DVN/YGSJLY,2026-09-28
doi:10.7910/DVN/77VVRJ,2026-09-28
doi:10.7910/DVN/KJKXEB,2026-09-28
doi:10.7910/DVN/JCWG2J,2026-09-28
doi:10.7910/DVN/4PW95C,2026-09-28
doi:10.7910/DVN/3MTJWN,2026-09-28
doi:10.7910/DVN/7NDIYC,2026-09-28
doi:10.7910/DVN/RXE1XN,2026-09-28
doi:10.7910/DVN/1P1KR5,2026-09-28
doi:10.7910/DVN/9JR8YO,2026-09-28
doi:10.7910/DVN/SGCWGY,2026-09-28
doi:10.7910/DVN/5W2YFU,2026-09-28
doi:10.7910/DVN/1LIIDV,2026-09-28
doi:10.7910/DVN/GOWG6K,2026-09-28
doi:10.7910/DVN/RF8HKP,2026-09-28
doi:10.7910/DVN/WMGPGZ,2026-09-28
doi:10.7910/DVN/3JLFKI,2026-09-28
doi:10.7910/DVN/PMEJHW,2026-09-28
doi:10.7910/DVN/8HHKGT,2026-09-28
doi:10.7910/DVN/CFIKXQ,2026-09-28
doi:10.7910/DVN/DXYCCF,2026-09-28
doi:10.7910/DVN/KFIZJZ,2026-09-28
doi:10.7910/DVN/BFSGZI,2026-09-28
doi:10.7910/DVN/RYVAL1,2026-09-28
doi:10.7910/DVN/QG1DCI,2026-09-28
doi:10.7910/DVN/A99NUB,2026-09-28
doi:10.7910/DVN/Z5RSKK,2026-09-28
doi:10.7910/DVN/KSUWVV,2026-09-28
doi:10.7910/DVN/XSRNRB,2026-09-28
doi:10.7910/DVN/AT2FEZ,2026-09-28
doi:10.7910/DVN/WD3IUA,2026-09-28
doi:10.7910/DVN/DOA6FC,2026-09-28
doi:10.7910/DVN/SKX9OE,2026-09-28
doi:10.7910/DVN/AIVKJP,2026-09-28
doi:10.7910/DVN/GURSZB,2026-09-28
doi:10.7910/DVN/H9JJQH,2026-09-28
doi:10.7910/DVN/PN4R6I,2026-09-28
doi:10.7910/DVN/AA2TL8,2026-09-28
doi:10.7910/DVN/RBTGJ8,2026-09-28
doi:10.7910/DVN/R9DWGG,2026-09-28
doi:10.7910/DVN/VVXXE8,2026-09-28
doi:10.7910/DVN/BPVMHH,2026-09-28
doi:10.7910/DVN/WEVSMR,2026-09-28
doi:10.7910/DVN/SXDNFJ,2026-09-28
doi:10.7910/DVN/E5U9U3,2026-09-28
doi:10.7910/DVN/O3TBBS,2026-09-28
doi:10.7910/DVN/GMX9XI,2026-09-28
doi:10.7910/DVN/CPU2DU,2026-09-28
doi:10.7910/DVN/BKIHWE,2026-09-28
doi:10.7910/DVN/IYQIPG,2026-09-28
doi:10.7910/DVN/B5LY5N,2026-09-28
doi:10.7910/DVN/OVBVWR,2026-09-28
doi:10.7910/DVN/1UIFQR,2026-09-28
doi:10.7910/DVN/8H2UF9,2026-09-28
doi:10.7910/DVN/SK0ATL,2026-09-28
doi:10.7910/DVN/18AK2W,2026-09-28
doi:10.7910/DVN/HFYUOY,2026-09-28
doi:10.7910/DVN/WSZ167,2026-09-28
doi:10.7910/DVN/97EJBY,2026-09-28
doi:10.7910/DVN/1YZ2EE,2026-09-28
doi:10.7910/DVN/PKLR66,2026-09-28
doi:10.7910/DVN/UXGDHO,2026-09-28
doi:10.7910/DVN/CHGCTD,2026-09-28
doi:10.7910/DVN/OZZTF2,2026-09-28
doi:10.7910/DVN/YRMRE5,2026-09-28
doi:10.7910/DVN/XM4OID,2026-09-28
doi:10.7910/DVN/DRFGZY,2026-09-28
doi:10.7910/DVN/VANXZU,2026-09-28
doi:10.7910/DVN/0JK3TA,2026-09-28
doi:10.7910/DVN/BGMXLN,2026-09-28
doi:10.7910/DVN/DLPL36,2026-09-28
doi:10.7910/DVN/CTYBON,2026-09-28
doi:10.7910/DVN/EDR9MD,2026-09-28
doi:10.7910/DVN/DKWTFD,2026-09-28
doi:10.7910/DVN/Y6NWSJ,2026-09-28
doi:10.7910/DVN/TSC526,2026-09-28
doi:10.7910/DVN/HQ9SDC,2026-09-28
doi:10.7910/DVN/WPSDB6,2026-09-28
doi:10.7910/DVN/OWO4W0,2026-09-28
doi:10.7910/DVN/O8CO9Q,2026-09-28
doi:10.7910/DVN/RBTICL,2026-09-28
doi:10.7910/DVN/SVVTGK,2026-09-28
doi:10.7910/DVN/XFEDED,2026-09-28
doi:10.7910/DVN/ANMQ1U,2026-09-28
doi:10.7910/DVN/TPJTNJ,2026-09-28
doi:10.7910/DVN/OT1AME,2026-09-28
doi:10.7910/DVN/UCGZOO,2026-09-28
doi:10.7910/DVN/I7OQHU,2026-09-28
doi:10.7910/DVN/4QQVT9,2026-09-28
doi:10.7910/DVN/MYWBVF,2026-09-28
doi:10.7910/DVN/EXY2KM,2026-09-28
doi:10.7910/DVN/4YANG7,2026-09-28
doi:10.7910/DVN/N8RD40,2026-09-28
doi:10.7910/DVN/QWOM19,2026-09-28
doi:10.7910/DVN/6SQ98G,2026-09-28
doi:10.7910/DVN/OTC8AV,2026-09-28
doi:10.7910/DVN/LG2RLS,2026-09-28
doi:10.7910/DVN/QHXXXN,2026-09-28
doi:10.7910/DVN/WHCZJR,2026-09-28
doi:10.7910/DVN/JMNXSW,2026-09-28
doi:10.7910/DVN/W4WE3X,2026-09-28
doi:10.7910/DVN/LJVZRA,2026-09-28
doi:10.7910/DVN/9GHQSH,2026-09-28
doi:10.7910/DVN/Q3ILYR,2026-09-28
doi:10.7910/DVN/IANAA8,2026-09-28
doi:10.7910/DVN/CMINUQ,2026-09-28
doi:10.7910/DVN/DAFQ9M,2026-09-28
doi:10.7910/DVN/LN5BK6,2026-09-28
doi:10.7910/DVN/LELNOW,2026-09-28
doi:10.7910/DVN/H8CLAT,2026-09-28
doi:10.7910/DVN/C7RRCX,2026-09-28
doi:10.7910/DVN/UMCCYB,2026-09-28
doi:10.7910/DVN/Y4JATX,2026-09-28
doi:10.7910/DVN/5ZXHV7,2026-09-28
doi:10.7910/DVN/WAQWHC,2026-09-28
doi:10.7910/DVN/LW2KXB,2026-09-28
doi:10.7910/DVN/4OWQTP,2026-09-28
doi:10.7910/DVN/OYZFRY,2026-09-28
doi:10.7910/DVN/FCMOFF,2026-09-28
doi:10.7910/DVN/EJ8MS6,2026-09-28
doi:10.7910/DVN/5GLF9A,2026-09-28
doi:10.7910/DVN/QJGKBT,2026-09-28
doi:10.7910/DVN/TZ5MOZ,2026-09-28
doi:10.7910/DVN/BXFTCZ,2026-09-28
doi:10.7910/DVN/NMIVPK,2026-09-28
doi:10.7910/DVN/28053,2026-09-28
doi:10.7910/DVN/26485,2026-09-28
doi:10.7910/DVN/NWVLLG,2026-09-28
doi:10.7910/DVN/PQ0WUV,2026-09-28
doi:10.7910/DVN/OO7NWE,2026-09-28
doi:10.7910/DVN/HKALSE,2026-09-28
doi:10.7910/DVN/GBUL0K,2026-09-28
doi:10.7910/DVN/0V8S4P,2026-09-28
doi:10.7910/DVN/U5WIHF,2026-09-28
doi:10.7910/DVN/ZQBFXB,2026-09-28
doi:10.7910/DVN/NRWPDC,2026-09-28
doi:10.7910/DVN/Y6TUNX,2026-09-28
doi:10.7910/DVN/PRGICD,2026-09-28
doi:10.7910/DVN/3NXPXN,2026-09-28
doi:10.7910/DVN/VF9YGU,2026-09-28
doi:10.7910/DVN/0YPFCE,2026-09-28
doi:10.7910/DVN/QN71SW,2026-09-28
doi:10.7910/DVN/AVCRSE,2026-09-28
doi:10.7910/DVN/HUSS44,2026-09-28
doi:10.7910/DVN/JMARDN,2026-09-28
doi:10.7910/DVN/C7T9S3,2026-09-28
doi:10.7910/DVN/ZK6GBN,2026-09-28
doi:10.7910/DVN/ZEMUB9,2026-09-28
doi:10.7910/DVN/NXEOFH,2026-09-28
doi:10.7910/DVN/KAKOF8,2026-09-28
doi:10.7910/DVN/VAXQJP,2026-09-28
doi:10.7910/DVN/IIZPY3,2026-09-28
doi:10.7910/DVN/YGH6BL,2026-09-28
doi:10.7910/DVN/8XIBTH,2026-09-28
doi:10.7910/DVN/IBUDGR,2026-09-28
doi:10.7910/DVN/MA90CW,2026-09-28
doi:10.7910/DVN/TWUEDJ,2026-09-28
doi:10.7910/DVN/DIMZHM,2026-09-28
doi:10.7910/DVN/H57QC6,2026-09-28
doi:10.7910/DVN/QNC3ZL,2026-09-28
doi:10.7910/DVN/ZQJULH,2026-09-28
doi:10.7910/DVN/89VEX8,2026-09-28
doi:10.7910/DVN/FUFK7O,2026-09-28
doi:10.7910/DVN/HVPLMI,2026-09-28
doi:10.7910/DVN/JEVOFQ,2026-09-28
doi:10.7910/DVN/YE9CLN,2026-09-28
doi:10.7910/DVN/2NB75D,2026-09-28
doi:10.7910/DVN/MJR3UQ,2026-09-28
doi:10.7910/DVN/WB92V8,2026-09-28
doi:10.7910/DVN/BSTFCT,2026-09-28
doi:10.7910/DVN/VVZDRO,2026-09-28
doi:10.7910/DVN/A06OLV,2026-09-28
doi:10.7910/DVN/DLGKQF,2026-09-28
doi:10.7910/DVN/JWJCYC,2026-09-28
doi:10.7910/DVN/CVICD6,2026-09-28
doi:10.7910/DVN/CJINQH,2026-09-28
doi:10.7910/DVN/QF6ZLE,2026-09-28
doi:10.7910/DVN/CR0AIN,2026-09-28
doi:10.7910/DVN/O1NTKL,2026-09-28
doi:10.7910/DVN/HW0JSP,2026-09-28
doi:10.7910/DVN/BIHTEZ,2026-09-28
doi:10.7910/DVN/JG6C1I,2026-09-28
doi:10.7910/DVN/PTJM8O,2026-09-28
doi:10.7910/DVN/PGPKBE,2026-09-28
doi:10.7910/DVN/YDBXK8,2026-09-28
doi:10.7910/DVN/XAN1Y7,2026-09-28
doi:10.7910/DVN/PPJQSH,2026-09-28
doi:10.7910/DVN/KFU1CS,2026-09-28
doi:10.7910/DVN/V0GLQF,2026-09-28
doi:10.7910/DVN/OXYBS5,2026-09-28
doi:10.7910/DVN/LYNDHP,2026-09-28
doi:10.7910/DVN/XU0BTO,2026-09-28
doi:10.7910/DVN/KXVGOC,2026-09-28
doi:10.7910/DVN/OJFCBB,2026-09-28
doi:10.7910/DVN/2RE2IS,2026-09-28
doi:10.7910/DVN/N8H1IF,2026-09-28
doi:10.7910/DVN/EAM9BK,2026-09-28
doi:10.7910/DVN/PAV3CG,2026-09-28
doi:10.7910/DVN/MU3Z7A,2026-09-28
doi:10.7910/DVN/WL2VZ4,2026-09-28
doi:10.7910/DVN/PVTH3Z,2026-09-28
doi:10.7910/DVN/3NFGLB,2026-09-28
doi:10.7910/DVN/ZO0OOG,2026-09-28
doi:10.7910/DVN/YYPTVM,2026-09-28
doi:10.7910/DVN/Z9XDHT,2026-09-28
doi:10.7910/DVN/STT55X,2026-09-28
doi:10.7910/DVN/OVMN95,2026-09-28
doi:10.7910/DVN/AO7DTP,2026-09-28
doi:10.7910/DVN/QZDXRU,2026-09-28
doi:10.7910/DVN/EELYXZ,2026-09-28
doi:10.7910/DVN/YPTKXK,2026-09-28
doi:10.7910/DVN/LS42EO,2026-09-28
doi:10.7910/DVN/KUVBED,2026-09-28
doi:10.7910/DVN/W1YQBU,2026-09-28
doi:10.7910/DVN/YYCTZE,2026-09-28
doi:10.7910/DVN/GKFNKK,2026-09-28
doi:10.7910/DVN/QSNKSJ,2026-09-28
doi:10.7910/DVN/SRIOV6,2026-09-28
doi:10.7910/DVN/YYU9PG,2026-09-28
doi:10.7910/DVN/TQEAGR,2026-09-28
doi:10.7910/DVN/YWKTL9,2026-09-28
doi:10.7910/DVN/ZHZIGE,2026-09-28
doi:10.7910/DVN/MMBPQP,2026-09-28
doi:10.7910/DVN/J1FIE8,2026-09-28
doi:10.7910/DVN/JC90BR,2026-09-28
doi:10.7910/DVN/SKD1RS,2026-09-28
doi:10.7910/DVN/AUJ90S,2026-09-28
doi:10.7910/DVN/0QL4Y7,2026-09-28
doi:10.7910/DVN/F5LLOQ,2026-09-28
doi:10.7910/DVN/8WYLCG,2026-09-28
doi:10.7910/DVN/EB3KBD,2026-09-28
doi:10.7910/DVN/QYJBDW,2026-09-28
doi:10.7910/DVN/YOPBWG,2026-09-28
doi:10.7910/DVN/HURMWM,2026-09-28
doi:10.7910/DVN/LT8S8J,2026-09-28
doi:10.7910/DVN/L0QWDP,2026-09-28
doi:10.7910/DVN/ACELL2,2026-09-28
doi:10.7910/DVN/SDFOGJ,2026-09-28
doi:10.7910/DVN/YWEIX6,2026-09-28
doi:10.7910/DVN/U7LLAK,2026-09-28
doi:10.7910/DVN/8GBLZV,2026-09-28
doi:10.7910/DVN/OMEQT2,2026-09-28
doi:10.7910/DVN/NDAAFU,2026-09-28
doi:10.7910/DVN/ZSQ6O3,2026-09-28
doi:10.7910/DVN/BVQFPO,2026-09-28
doi:10.7910/DVN/MDHSXP,2026-09-28
doi:10.7910/DVN/LT7EAC,2026-09-28
doi:10.7910/DVN/QY5ZMS,2026-09-28
doi:10.7910/DVN/CNOEJX,2026-09-28
doi:10.7910/DVN/KZEZAV,2026-09-28
doi:10.7910/DVN/NERBWL,2026-09-28
doi:10.7910/DVN/MKQPOI,2026-09-28
doi:10.7910/DVN/LCULHG,2026-09-28
doi:10.7910/DVN/KMRWUS,2026-09-28
doi:10.7910/DVN/2YMJTX,2026-09-28
doi:10.7910/DVN/JJXMZW,2026-09-28
doi:10.7910/DVN/VCQOKM,2026-09-28
doi:10.7910/DVN/WKR2KV,2026-09-28
doi:10.7910/DVN/OEZKW4,2026-09-28
doi:10.7910/DVN/O7KM7E,2026-09-28
doi:10.7910/DVN/NGPLNC,2026-09-28
doi:10.7910/DVN/XOQSS9,2026-09-28
doi:10.7910/DVN/RLVSNF,2026-09-28
doi:10.7910/DVN/FTKSYZ,2026-09-28
doi:10.7910/DVN/XXVI8G,2026-09-28
doi:10.7910/DVN/OBWYRN,2026-09-28
doi:10.7910/DVN/HNOOQP,2026-09-28
doi:10.7910/DVN/3GJUZM,2026-09-28
doi:10.7910/DVN/NZXCT9,2026-09-28
doi:10.7910/DVN/JCKETS,2026-09-28
doi:10.7910/DVN/ES00J3,2026-09-28
doi:10.7910/DVN/9CR6Y9,2026-09-28
doi:10.7910/DVN/CVBBDW,2026-09-28
doi:10.7910/DVN/POOOI2,2026-09-28
doi:10.7910/DVN/ZXWNWY,2026-09-28
doi:10.7910/DVN/WAO50W,2026-09-28
doi:10.7910/DVN/FNZICT,2026-09-28
doi:10.7910/DVN/WHBK7K,2026-09-28
doi:10.7910/DVN/0VIYXT,2026-09-28
doi:10.7910/DVN/WQWUAL,2026-09-28
doi:10.7910/DVN/T6RHOO,2026-09-28
doi:10.7910/DVN/FBP74I,2026-09-28
doi:10.7910/DVN/DZZY7G,2026-09-28
doi:10.7910/DVN/ORDSAZ,2026-09-28
doi:10.7910/DVN/OXIIDD,2026-09-28
doi:10.7910/DVN/FKDGRK,2026-09-28
doi:10.7910/DVN/DYBF2Y,2026-09-28
doi:10.7910/DVN/MJG29U,2026-09-28
doi:10.7910/DVN/0SJ0YM,2026-09-28
doi:10.7910/DVN/UAUEWV,2026-09-28
doi:10.7910/DVN/VFXPQG,2026-09-28
doi:10.7910/DVN/2FM7Z3,2026-09-28
doi:10.7910/DVN/8FIENH,2026-09-28
doi:10.7910/DVN/WZB1EN,2026-09-28
doi:10.7910/DVN/TBOHO2,2026-09-28
doi:10.7910/DVN/QXI3YX,2026-09-28
doi:10.7910/DVN/QUBHXU,2026-09-28
doi:10.7910/DVN/J7ZJFM,2026-09-28
doi:10.7910/DVN/ZHRIYS,2026-09-28
doi:10.7910/DVN/WWITO0,2026-09-28
doi:10.7910/DVN/9ILS3D,2026-09-28
doi:10.7910/DVN/CVYX5O,2026-09-28
doi:10.7910/DVN/Z1F9XE,2026-09-28
doi:10.7910/DVN/F15YQX,2026-09-28
doi:10.7910/DVN/C2MAMT,2026-09-28
doi:10.7910/DVN/FG3CCK,2026-09-28
doi:10.7910/DVN/JJTBAU,2026-09-28
doi:10.7910/DVN/FFTR4S,2026-09-28
doi:10.7910/DVN/EWDWLV,2026-09-28
doi:10.7910/DVN/PALYC3,2026-09-28
doi:10.7910/DVN/GYMHW6,2026-09-28
doi:10.7910/DVN/1YFQ96,2026-09-28
doi:10.7910/DVN/KZNZZC,2026-09-28
doi:10.7910/DVN/IYBJLV,2026-09-28
doi:10.7910/DVN/0ZVQFA,2026-09-28
doi:10.7910/DVN/RVKD4B,2026-09-28
doi:10.7910/DVN/IVGHHA,2026-09-28
doi:10.7910/DVN/HHA3QM,2026-09-28
doi:10.7910/DVN/6PXWSM,2026-09-28
doi:10.7910/DVN/CLUJAW,2026-09-28
doi:10.7910/DVN/YMUVN2,2026-09-28
doi:10.7910/DVN/UKX0AZ,2026-09-28
doi:10.7910/DVN/VF4EVG,2026-09-28
doi:10.7910/DVN/2LCWPI,2026-09-28
doi:10.7910/DVN/NUJNWI,2026-09-28
doi:10.7910/DVN/ZY6DGL,2026-09-28
doi:10.7910/DVN/I40Q2E,2026-09-28
doi:10.7910/DVN/7FPDAJ,2026-09-28
doi:10.7910/DVN/R5SDWN,2026-09-28
doi:10.7910/DVN/WQHAJI,2026-09-28
doi:10.7910/DVN/43ZBKR,2026-09-28
doi:10.7910/DVN/KW6XGL,2026-09-28
doi:10.7910/DVN/DAAKZ5,2026-09-28
doi:10.7910/DVN/ICP1IS,2026-09-28
doi:10.7910/DVN/MVVXPF,2026-09-28
doi:10.7910/DVN/W8OP2J,2026-09-28
doi:10.7910/DVN/3BR5HH,2026-09-28
doi:10.7910/DVN/V9HXLZ,2026-09-28
doi:10.7910/DVN/UDFAJF,2026-09-28
doi:10.7910/DVN/1JSWJQ,2026-09-28
doi:10.7910/DVN/ZFVVKY,2026-09-28
doi:10.7910/DVN/AXEPQE,2026-09-28
doi:10.7910/DVN/BIBHUW,2026-09-28
doi:10.7910/DVN/NEJN1K,2026-09-28
doi:10.7910/DVN/IBIR3T,2026-09-28
doi:10.7910/DVN/9VSJYC,2026-09-28
doi:10.7910/DVN/T4ZEMD,2026-09-28
doi:10.7910/DVN/E7MZQB,2026-09-28
doi:10.7910/DVN/7YF0GD,2026-09-28
doi:10.7910/DVN/VD9NPA,2026-09-28
doi:10.7910/DVN/3KEJCJ,2026-09-28
doi:10.7910/DVN/3YQPYZ,2026-09-28
doi:10.7910/DVN/NWC9CB,2026-09-28
doi:10.7910/DVN/DZ0PR8,2026-09-28
doi:10.7910/DVN/HNCN4X,2026-09-28
doi:10.7910/DVN/L8NNKN,2026-09-28
doi:10.7910/DVN/LF1SIG,2026-09-28
doi:10.7910/DVN/C5P5IB,2026-09-28
doi:10.7910/DVN/SHOGDU,2026-09-28
doi:10.7910/DVN/BDS2RX,2026-09-28
doi:10.7910/DVN/ER67ST,2026-09-28
doi:10.7910/DVN/DOORVS,2026-09-28
doi:10.7910/DVN/Z1BVYB,2026-09-28
doi:10.7910/DVN/MJMC69,2026-09-28
doi:10.7910/DVN/RHB1M9,2026-09-28
doi:10.7910/DVN/CTLGF9,2026-09-28
doi:10.7910/DVN/UL6CNY,2026-09-28
doi:10.7910/DVN/TZ2QKY,2026-09-28
doi:10.7910/DVN/NC5FMP,2026-09-28
doi:10.7910/DVN/QJOZA4,2026-09-28
doi:10.7910/DVN/MJWKVO,2026-09-28
doi:10.7910/DVN/R7N9IU,2026-09-28
doi:10.7910/DVN/0MPVJD,2026-09-28
doi:10.7910/DVN/C4IL6G,2026-09-28
doi:10.7910/DVN/BZXO52,2026-09-28
doi:10.7910/DVN/Y10SQD,2026-09-28
doi:10.7910/DVN/CMKNTE,2026-09-28
doi:10.7910/DVN/KGBCZZ,2026-09-28
doi:10.7910/DVN/HUR5BJ,2026-09-28
doi:10.7910/DVN/VH0HCU,2026-09-28
doi:10.7910/DVN/P5T53G,2026-09-28
doi:10.7910/DVN/ISIXLR,2026-09-28
doi:10.7910/DVN/SZWDDD,2026-09-28
doi:10.7910/DVN/KRLP7H,2026-09-28
doi:10.7910/DVN/VJKD8H,2026-09-28
doi:10.7910/DVN/IU8XCC,2026-09-28
doi:10.7910/DVN/WR4S9I,2026-09-28
doi:10.7910/DVN/KNM2GB,2026-09-28
doi:10.7910/DVN/AF7HMD,2026-09-28
doi:10.7910/DVN/FSRPMX,2026-09-28
doi:10.7910/DVN/A7UTBC,2026-09-28
doi:10.7910/DVN/1VFTDW,2026-09-28
doi:10.7910/DVN/CNWBMY,2026-09-28
doi:10.7910/DVN/EMDNSQ,2026-09-28
doi:10.7910/DVN/HOT20S,2026-09-28
doi:10.7910/DVN/NKAYZV,2026-09-28
doi:10.7910/DVN/WGMQKK,2026-09-28
doi:10.7910/DVN/HQCQWX,2026-09-28
doi:10.7910/DVN/BZYKYV,2026-09-28
doi:10.7910/DVN/56CXO3,2026-09-28
doi:10.7910/DVN/VNU0MX,2026-09-28
doi:10.7910/DVN/Z84HL0,2026-09-28
doi:10.7910/DVN/PQ2GEQ,2026-09-28
doi:10.7910/DVN/LQUPJW,2026-09-28
doi:10.7910/DVN/KLMMZS,2026-09-28
doi:10.7910/DVN/SUPEL1,2026-09-28
doi:10.7910/DVN/V2UDHZ,2026-09-28
doi:10.7910/DVN/5WTSUZ,2026-09-28
doi:10.7910/DVN/4NYZJM,2026-09-28
doi:10.7910/DVN/LLRLQB,2026-09-28
doi:10.7910/DVN/8OU1JI,2026-09-28
doi:10.7910/DVN/QT2RBT,2026-09-28
doi:10.7910/DVN/LQDUK0,2026-09-28
doi:10.7910/DVN/V6MOYT,2026-09-28
doi:10.7910/DVN/FOHJ4D,2026-09-28
doi:10.7910/DVN/6RGQ88,2026-09-28
doi:10.7910/DVN/NO8R83,2026-09-28
doi:10.7910/DVN/UINA0X,2026-09-28
doi:10.7910/DVN/JYNDWX,2026-09-28
doi:10.7910/DVN/WPRN15,2026-09-28
doi:10.7910/DVN/QW1JXG,2026-09-28
doi:10.7910/DVN/S0XVEQ,2026-09-28
doi:10.7910/DVN/I15POM,2026-09-28
doi:10.7910/DVN/DPWXQG,2026-09-28
doi:10.7910/DVN/SRWSDP,2026-09-28
doi:10.7910/DVN/JUVCNJ,2026-09-28
doi:10.7910/DVN/K4AJYW,2026-09-28
doi:10.7910/DVN/LZNMBC,2026-09-28
doi:10.7910/DVN/QX9MPS,2026-09-28
doi:10.7910/DVN/W1OKNR,2026-09-28
doi:10.7910/DVN/N3RPNR,2026-09-28
doi:10.7910/DVN/ESBEU0,2026-09-28
doi:10.7910/DVN/BUXAWS,2026-09-28
doi:10.7910/DVN/JVLKNW,2026-09-28
doi:10.7910/DVN/2MZAL2,2026-09-28
doi:10.7910/DVN/K0HGCE,2026-09-28
doi:10.7910/DVN/UI7OFK,2026-09-28
doi:10.7910/DVN/3DJVQP,2026-09-28
doi:10.7910/DVN/F6CVMG,2026-09-28
doi:10.7910/DVN/KBTHZH,2026-09-28
doi:10.7910/DVN/FYXNIM,2026-09-28
doi:10.7910/DVN/LETUUY,2026-09-28
doi:10.7910/DVN/BQHIOP,2026-09-28
doi:10.7910/DVN/4XWTBK,2026-09-28
doi:10.7910/DVN/LAKSVM,2026-09-28
doi:10.7910/DVN/LUJC8I,2026-09-28
doi:10.7910/DVN/TMO87V,2026-09-28
doi:10.7910/DVN/FW5LNF,2026-09-28
doi:10.7910/DVN/2BBRQ6,2026-09-28
doi:10.7910/DVN/RURFHL,2026-09-28
doi:10.7910/DVN/1VDZE9,2026-09-28
doi:10.7910/DVN/KOP4D7,2026-09-28
doi:10.7910/DVN/HMKHFB,2026-09-28
doi:10.7910/DVN/WFOVZZ,2026-09-28
doi:10.7910/DVN/UCQAVW,2026-09-28
doi:10.7910/DVN/5EZOHY,2026-09-28
doi:10.7910/DVN/DG7QZU,2026-09-28
doi:10.7910/DVN/WKCZ9Z,2026-09-28
doi:10.7910/DVN/RQHRKE,2026-09-28
doi:10.7910/DVN/GCXFYS,2026-09-28
doi:10.7910/DVN/Z6EZG3,2026-09-28
doi:10.7910/DVN/ES9IZ6,2026-09-28
doi:10.7910/DVN/RXMV9W,2026-09-28
doi:10.7910/DVN/DAE3PG,2026-09-28
doi:10.7910/DVN/1WDJVC,2026-09-28
doi:10.7910/DVN/OBMCZJ,2026-09-28
doi:10.7910/DVN/G3BKWG,2026-09-28
doi:10.7910/DVN/SBVFUL,2026-09-28
doi:10.7910/DVN/ELYTJ3,2026-09-28
doi:10.7910/DVN/HKRSBN,2026-09-28
doi:10.7910/DVN/TLNMPB,2026-09-28
doi:10.7910/DVN/SOT2WM,2026-09-28
doi:10.7910/DVN/RDOUJV,2026-09-28
doi:10.7910/DVN/TPIPQK,2026-09-28
doi:10.7910/DVN/W9FU5T,2026-09-28
doi:10.7910/DVN/K8MWBX,2026-09-28
doi:10.7910/DVN/SAKE9D,2026-09-28
doi:10.7910/DVN/JWAWST,2026-09-28
doi:10.7910/DVN/LFFJRV,2026-09-28
doi:10.7910/DVN/RKHLSH,2026-09-28
doi:10.7910/DVN/SX7ESZ,2026-09-28
doi:10.7910/DVN/BG1FEO,2026-09-28
doi:10.7910/DVN/DPHUCO,2026-09-28
doi:10.7910/DVN/1CCXS9,2026-09-28
doi:10.7910/DVN/7WLGSD,2026-09-28
doi:10.7910/DVN/3II9L6,2026-09-28
doi:10.7910/DVN/SH8AFG,2026-09-28
doi:10.7910/DVN/UA2E21,2026-09-28
doi:10.7910/DVN/C79XP7,2026-09-28
doi:10.7910/DVN/PPW3SI,2026-09-28
doi:10.7910/DVN/MLLJ2P,2026-09-28
doi:10.7910/DVN/SLYX0L,2026-09-28
doi:10.7910/DVN/H95OL1,2026-09-28
doi:10.7910/DVN/XZUSNT,2026-09-28
doi:10.7910/DVN/JLL5WU,2026-09-28
doi:10.7910/DVN/N61EAI,2026-09-28
doi:10.7910/DVN/ARVEN3,2026-09-28
doi:10.7910/DVN/0T5AN0,2026-09-28
doi:10.7910/DVN/YJYPFE,2026-09-28
doi:10.7910/DVN/ZYPHVD,2026-09-28
doi:10.7910/DVN/KKQOAS,2026-09-28
doi:10.7910/DVN/7UWPDI,2026-09-28
doi:10.7910/DVN/IBHMKO,2026-09-28
doi:10.7910/DVN/Z2UUBB,2026-09-28
doi:10.7910/DVN/TUIHY0,2026-09-28
doi:10.7910/DVN/KJPMMS,2026-09-28
doi:10.7910/DVN/MZ3CZP,2026-09-28
doi:10.7910/DVN/FCUEYP,2026-09-28
doi:10.7910/DVN/AOAX8J,2026-09-28
doi:10.7910/DVN/N2GX9W,2026-09-28
doi:10.7910/DVN/TJJ84I,2026-09-28
doi:10.7910/DVN/T5BTHU,2026-09-28
doi:10.7910/DVN/RR6N6E,2026-09-28
doi:10.7910/DVN/HFMMFV,2026-09-28
doi:10.7910/DVN/RMNDNA,2026-09-28
doi:10.7910/DVN/8P8YCR,2026-09-28
doi:10.7910/DVN/MQMOTU,2026-09-28
doi:10.7910/DVN/BK7S1G,2026-09-28
doi:10.7910/DVN/WNCKH8,2026-09-28
doi:10.7910/DVN/ONTLTP,2026-09-28
doi:10.7910/DVN/7HCQGO,2026-09-28
doi:10.7910/DVN/6EJRII,2026-09-28
doi:10.7910/DVN/ZXYWCS,2026-09-28
doi:10.7910/DVN/Z5YJ19,2026-09-28
doi:10.7910/DVN/XA7V8W,2026-09-28
doi:10.7910/DVN/ZHMKUB,2026-09-28
doi:10.7910/DVN/OUJXEK,2026-09-28
doi:10.7910/DVN/RNTWBF,2026-09-28
doi:10.7910/DVN/V6GY3U,2026-09-28
doi:10.7910/DVN/0GVFDK,2026-09-28
doi:10.7910/DVN/YQTLLO,2026-09-28
doi:10.7910/DVN/LPTJY1,2026-09-28
doi:10.7910/DVN/GJNY3C,2026-09-28
doi:10.7910/DVN/HY1FFV,2026-09-28
doi:10.7910/DVN/PYQ7T0,2026-09-28
doi:10.7910/DVN/PQHGIJ,2026-09-28
doi:10.7910/DVN/GV6TLT,2026-09-28
doi:10.7910/DVN/P1UXI5,2026-09-28
doi:10.7910/DVN/PU6NFA,2026-09-28
doi:10.7910/DVN/8W0PXP,2026-09-28
doi:10.7910/DVN/YSO4ND,2026-09-28
doi:10.7910/DVN/M4LNCI,2026-09-28
doi:10.7910/DVN/TODMSS,2026-09-28
doi:10.7910/DVN/TKBUIV,2026-09-28
doi:10.7910/DVN/XCRGIK,2026-09-28
doi:10.7910/DVN/7KMZ9W,2026-09-28
doi:10.7910/DVN/X3TNCW,2026-09-28
doi:10.7910/DVN/XGSH1Q,2026-09-28
doi:10.7910/DVN/7UVIFY,2026-09-28
doi:10.7910/DVN/TXQZ4Y,2026-09-28
doi:10.7910/DVN/HGFWYO,2026-09-28
doi:10.7910/DVN/LQAGXI,2026-09-28
doi:10.7910/DVN/LBYTBQ,2026-09-28
doi:10.7910/DVN/ZWXLEO,2026-09-28
doi:10.7910/DVN/MIYFN4,2026-09-28
doi:10.7910/DVN/KGMIB3,2026-09-28
doi:10.7910/DVN/T7QTAY,2026-09-28
doi:10.7910/DVN/BGT4ZB,2026-09-28
doi:10.7910/DVN/5EP8XS,2026-09-28
doi:10.7910/DVN/SSTKS8,2026-09-28
doi:10.7910/DVN/BWYGKL,2026-09-28
doi:10.7910/DVN/DJ989N,2026-09-28
doi:10.7910/DVN/RQQE0O,2026-09-28
doi:10.7910/DVN/JLHLJG,2026-09-28
doi:10.7910/DVN/H7OKEJ,2026-09-28
doi:10.7910/DVN/C5GTZV,2026-09-28
doi:10.7910/DVN/Q2WLFS,2026-09-28
doi:10.7910/DVN/IPRSTZ,2026-09-28
doi:10.7910/DVN/Q05W7G,2026-09-28
doi:10.7910/DVN/OPMHRS,2026-09-28
doi:10.7910/DVN/H6RNW3,2026-09-28
doi:10.7910/DVN/4AACQE,2026-09-28
doi:10.7910/DVN/ZT9R5W,2026-09-28
doi:10.7910/DVN/GJBK15,2026-09-28
doi:10.7910/DVN/TMVUAN,2026-09-28
doi:10.7910/DVN/SQSNFY,2026-09-28
doi:10.7910/DVN/HGYXKL,2026-09-28
doi:10.7910/DVN/ITHPKV,2026-09-28
doi:10.7910/DVN/3MFCSF,2026-09-28
doi:10.7910/DVN/WLPPRE,2026-09-28
doi:10.7910/DVN/XDN7ZU,2026-09-28
doi:10.7910/DVN/9SVDSC,2026-09-28
doi:10.7910/DVN/ON64O7,2026-09-28
doi:10.7910/DVN/UVSSNN,2026-09-28
doi:10.7910/DVN/CA49EU,2026-09-28
doi:10.7910/DVN/WOO84X,2026-09-28
doi:10.7910/DVN/LIGARA,2026-09-28
doi:10.7910/DVN/6ZYXML,2026-09-28
doi:10.7910/DVN/1NQPEZ,2026-09-28
doi:10.7910/DVN/YEUHVM,2026-09-28
doi:10.7910/DVN/06OWUI,2026-09-28
doi:10.7910/DVN/AMYOU7,2026-09-28
doi:10.7910/DVN/CMC00M,2026-09-28
doi:10.7910/DVN/NRQPZX,2026-09-28
doi:10.7910/DVN/HMCRD7,2026-09-28
doi:10.7910/DVN/LTWFAY,2026-09-28
doi:10.7910/DVN/4EWM5K,2026-09-28
doi:10.7910/DVN/YEV2HY,2026-09-28
doi:10.7910/DVN/GDR6R0,2026-09-28
doi:10.7910/DVN/5X0PC4,2026-09-28
doi:10.7910/DVN/CAMRAB,2026-09-28
doi:10.7910/DVN/X4RREW,2026-09-28
doi:10.7910/DVN/FVFOET,2026-09-28
doi:10.7910/DVN/YIXTZF,2026-09-28
doi:10.7910/DVN/FUILWY,2026-09-28
doi:10.7910/DVN/ISIWJR,2026-09-28
doi:10.7910/DVN/1KGHAZ,2026-09-28
doi:10.7910/DVN/YGCPCO,2026-09-28
doi:10.7910/DVN/DO5BLZ,2026-09-28
doi:10.7910/DVN/MJQKMQ,2026-09-28
doi:10.7910/DVN/6W8FZ8,2026-09-28
doi:10.7910/DVN/QGZRIE,2026-09-28
doi:10.7910/DVN/KPGW3O,2026-09-28
doi:10.7910/DVN/TLNM6P,2026-09-28
doi:10.7910/DVN/WZ7CRF,2026-09-28
doi:10.7910/DVN/3OMMOS,2026-09-28
doi:10.7910/DVN/XT5VJ6,2026-09-28
doi:10.7910/DVN/OUFHWL,2026-09-28
doi:10.7910/DVN/FXFGC3,2026-09-28
doi:10.7910/DVN/RVKJQQ,2026-09-28
doi:10.7910/DVN/IIMD2C,2026-09-28
doi:10.7910/DVN/CSUM1I,2026-09-28
doi:10.7910/DVN/IBL4SP,2026-09-28
doi:10.7910/DVN/EQI4MB,2026-09-28
doi:10.7910/DVN/ZMXNER,2026-09-28
doi:10.7910/DVN/TYVTIX,2026-09-28
doi:10.7910/DVN/1AAS5J,2026-09-28
doi:10.7910/DVN/XFDOTX,2026-09-28
doi:10.7910/DVN/HEVWIG,2026-09-28
doi:10.7910/DVN/A1EISC,2026-09-28
doi:10.7910/DVN/2I4ZGP,2026-09-28
doi:10.7910/DVN/RTM48K,2026-09-28
doi:10.7910/DVN/WRMD49,2026-09-28
doi:10.7910/DVN/U0XQRA,2026-09-28
doi:10.7910/DVN/7HBYRL,2026-09-28
doi:10.7910/DVN/FLZUBD,2026-09-28
doi:10.7910/DVN/QZZSKY,2026-09-28
doi:10.7910/DVN/0MUGE6,2026-09-28
doi:10.7910/DVN/XLTVZI,2026-09-28
doi:10.7910/DVN/ZVPACI,2026-09-28
doi:10.7910/DVN/TYHL1Y,2026-09-28
doi:10.7910/DVN/SOWPJM,2026-09-28
doi:10.7910/DVN/MIQWBV,2026-09-28
doi:10.7910/DVN/FCNJAA,2026-09-28
doi:10.7910/DVN/AQYCXH,2026-09-28
doi:10.7910/DVN/IZK5SF,2026-09-28
doi:10.7910/DVN/WL3KLH,2026-09-28
doi:10.7910/DVN/KJYOHA,2026-09-28
doi:10.7910/DVN/KYBYCS,2026-09-28
doi:10.7910/DVN/2YFHSY,2026-09-28
doi:10.7910/DVN/G1JVQ4,2026-09-28
doi:10.7910/DVN/YXC5K5,2026-09-28
doi:10.7910/DVN/CDY3UX,2026-09-28
doi:10.7910/DVN/UBS9MN,2026-09-28
doi:10.7910/DVN/D2HNLU,2026-09-28
doi:10.7910/DVN/OZ26GE,2026-09-28
doi:10.7910/DVN/HP1HFY,2026-09-28
doi:10.7910/DVN/AIVDZL,2026-09-28
doi:10.7910/DVN/D4N9NF,2026-09-28
doi:10.7910/DVN/TM694O,2026-09-28
doi:10.7910/DVN/AEOUXF,2026-09-28
doi:10.7910/DVN/42SIAV,2026-09-28
doi:10.7910/DVN/JVQF3N,2026-09-28
doi:10.7910/DVN/BCWUOV,2026-09-28
doi:10.7910/DVN/RT0ZVP,2026-09-28
doi:10.7910/DVN/TXBB8V,2026-09-28
doi:10.7910/DVN/JOCTDK,2026-09-28
doi:10.7910/DVN/JQOPNW,2026-09-28
doi:10.7910/DVN/CSKHMC,2026-09-28
doi:10.7910/DVN/NP7BZN,2026-09-28
doi:10.7910/DVN/PSPFBC,2026-09-28
doi:10.7910/DVN/DYGPMP,2026-09-28
doi:10.7910/DVN/BGYW08,2026-09-28
doi:10.7910/DVN/I4INTT,2026-09-28
doi:10.7910/DVN/MGAQDT,2026-09-28
doi:10.7910/DVN/NL2V6S,2026-09-28
doi:10.7910/DVN/33F0ZS,2026-09-28
doi:10.7910/DVN/MJ1MLC,2026-09-28
doi:10.7910/DVN/TW4IYA,2026-09-28
doi:10.7910/DVN/BTPAIY,2026-09-28
doi:10.7910/DVN/JCZEQS,2026-09-28
doi:10.7910/DVN/ZFIJNS,2026-09-28
doi:10.7910/DVN/BJN5Z0,2026-09-28
doi:10.7910/DVN/8ENZUC,2026-09-28
doi:10.7910/DVN/2IRERL,2026-09-28
doi:10.7910/DVN/2UZSF9,2026-09-28
doi:10.7910/DVN/X7NAQX,2026-09-28
doi:10.7910/DVN/PSVOF8,2026-09-28
doi:10.7910/DVN/KBPYAM,2026-09-28
doi:10.7910/DVN/R9HXFS,2026-09-28
doi:10.7910/DVN/BYR3VG,2026-09-28
doi:10.7910/DVN/JJ1G3U,2026-09-28
doi:10.7910/DVN/LH8VID,2026-09-28
doi:10.7910/DVN/FO7JBZ,2026-09-28
doi:10.7910/DVN/5SYZRD,2026-09-28
doi:10.7910/DVN/8RUCXT,2026-09-28
doi:10.7910/DVN/8H0WTT,2026-09-28
doi:10.7910/DVN/V2P6YL,2026-09-28
doi:10.7910/DVN/NSHPY9,2026-09-28
doi:10.7910/DVN/YQKLZI,2026-09-28
doi:10.7910/DVN/JSOOGZ,2026-09-28
doi:10.7910/DVN/ABEHSN,2026-09-28
doi:10.7910/DVN/URT9L6,2026-09-28
doi:10.7910/DVN/C0IPXB,2026-09-28
doi:10.7910/DVN/JEJPVM,2026-09-28
doi:10.7910/DVN/7SPPEI,2026-09-28
doi:10.7910/DVN/R7GGHL,2026-09-28
doi:10.7910/DVN/OUSJLH,2026-09-28
doi:10.7910/DVN/RDNCUT,2026-09-28
doi:10.7910/DVN/QSUKIB,2026-09-28
doi:10.7910/DVN/SE79TN,2026-09-28
doi:10.7910/DVN/FR8OCC,2026-09-28
doi:10.7910/DVN/WLKIB6,2026-09-28
doi:10.7910/DVN/7QODL6,2026-09-28
doi:10.7910/DVN/IOZK8X,2026-09-28
doi:10.7910/DVN/R0YFSI,2026-09-28
doi:10.7910/DVN/DCZXXD,2026-09-28
doi:10.7910/DVN/29CDEZ,2026-09-28
doi:10.7910/DVN/RFRCHU,2026-09-28
doi:10.7910/DVN/YPVG03,2026-09-28
doi:10.7910/DVN/S9DRMA,2026-09-28
doi:10.7910/DVN/YCPZSE,2026-09-28
doi:10.7910/DVN/ANUX5A,2026-09-28
doi:10.7910/DVN/MNSPVB,2026-09-28
doi:10.7910/DVN/XWAQCV,2026-09-28
doi:10.7910/DVN/FWWRHQ,2026-09-28
doi:10.7910/DVN/U6XAC3,2026-09-28
doi:10.7910/DVN/1ESM5B,2026-09-28
doi:10.7910/DVN/GAUV14,2026-09-28
doi:10.7910/DVN/1RD4HI,2026-09-28
doi:10.7910/DVN/CC2AU2,2026-09-28
doi:10.7910/DVN/TDSJHE,2026-09-28
doi:10.7910/DVN/1UFRUD,2026-09-28
doi:10.7910/DVN/TIJ1WI,2026-09-28
doi:10.7910/DVN/QZE8RJ,2026-09-28
doi:10.7910/DVN/NAA6XU,2026-09-28
doi:10.7910/DVN/OOKUUH,2026-09-28
doi:10.7910/DVN/DT9YIS,2026-09-28
doi:10.7910/DVN/KLPEGD,2026-09-28
doi:10.7910/DVN/JMZE6G,2026-09-28
doi:10.7910/DVN/YV95EI,2026-09-28
doi:10.7910/DVN/UKFBUQ,2026-09-28
doi:10.7910/DVN/AZNIMG,2026-09-28
doi:10.7910/DVN/ZQX1LJ,2026-09-28
doi:10.7910/DVN/QDHGCI,2026-09-28
doi:10.7910/DVN/UEUB0K,2026-09-28
doi:10.7910/DVN/HGUI9K,2026-09-28
doi:10.7910/DVN/U6NNSY,2026-09-28
doi:10.7910/DVN/LSTJXV,2026-09-28
doi:10.7910/DVN/D652NF,2026-09-28
doi:10.7910/DVN/NZPPLP,2026-09-28
doi:10.7910/DVN/NGNZVD,2026-09-28
doi:10.7910/DVN/WTYVGB,2026-09-28
doi:10.7910/DVN/I70M1L,2026-09-28
doi:10.7910/DVN/QP1OTG,2026-09-28
doi:10.7910/DVN/HXZQMU,2026-09-28
doi:10.7910/DVN/CEIROC,2026-09-28
doi:10.7910/DVN/XOMOMD,2026-09-28
doi:10.7910/DVN/HPO2YS,2026-09-28
doi:10.7910/DVN/QDSQW6,2026-09-28
doi:10.7910/DVN/7E7NAK,2026-09-28
doi:10.7910/DVN/NTFRZV,2026-09-28
doi:10.7910/DVN/TPTA2P,2026-09-28
doi:10.7910/DVN/VXTA6L,2026-09-28
doi:10.7910/DVN/K9JONG,2026-09-28
doi:10.7910/DVN/WOMHFJ,2026-09-28
doi:10.7910/DVN/DCLDOJ,2026-09-28
doi:10.7910/DVN/WZBYZ4,2026-09-28
doi:10.7910/DVN/JGU4AP,2026-09-28
doi:10.7910/DVN/EOSKCF,2026-09-28
doi:10.7910/DVN/ATGZFF,2026-09-28
doi:10.7910/DVN/L9ZXXI,2026-09-28
doi:10.7910/DVN/2OJ2UM,2026-09-28
doi:10.7910/DVN/OG9XTW,2026-09-28
doi:10.7910/DVN/ZO6QEP,2026-09-28
doi:10.7910/DVN/Z8GHAA,2026-09-28
doi:10.7910/DVN/26650,2026-09-28
doi:10.7910/DVN/W3VOOP,2026-09-28
doi:10.7910/DVN/LVQGCL,2026-09-28
doi:10.7910/DVN/YAR9FU,2026-09-28
doi:10.7910/DVN/FJ9UZU,2026-09-28
doi:10.7910/DVN/CJIZGS,2026-09-28
doi:10.7910/DVN/B97TGX,2026-09-28
doi:10.7910/DVN/HLE33Z,2026-09-28
doi:10.7910/DVN/EY5GID,2026-09-28
doi:10.7910/DVN/0AJPWE,2026-09-28
doi:10.7910/DVN/JUMQFN,2026-09-28
doi:10.7910/DVN/OINX7Q,2026-09-28
doi:10.7910/DVN/BLQMYW,2026-09-28
doi:10.7910/DVN/ZR4TWQ,2026-09-28
doi:10.7910/DVN/9KLXLF,2026-09-28
doi:10.7910/DVN/G9QZOU,2026-09-28
doi:10.7910/DVN/XT15Y0,2026-09-28
doi:10.7910/DVN/PA45UO,2026-09-28
doi:10.7910/DVN/UV4VHD,2026-09-28
doi:10.7910/DVN/EHWYBR,2026-09-28
doi:10.7910/DVN/59UCPS,2026-09-28
doi:10.7910/DVN/UOBS9Z,2026-09-28
doi:10.7910/DVN/PGHIF5,2026-09-28
doi:10.7910/DVN/I3NDYW,2026-09-28
doi:10.7910/DVN/EGOLSU,2026-09-28
doi:10.7910/DVN/YMFOSY,2026-09-28
doi:10.7910/DVN/F4WGOY,2026-09-28
doi:10.7910/DVN/M64S2G,2026-09-28
doi:10.7910/DVN/8UPTII,2026-09-28
doi:10.7910/DVN/JQYLDQ,2026-09-28
doi:10.7910/DVN/SYFGL3,2026-09-28
doi:10.7910/DVN/RHAWSC,2026-09-28
doi:10.7910/DVN/74ZPM9,2026-09-28
doi:10.7910/DVN/LRMELD,2026-09-28
doi:10.7910/DVN/QGZAP0,2026-09-28
doi:10.7910/DVN/EJDXHR,2026-09-28
doi:10.7910/DVN/NUTR1M,2026-09-28
doi:10.7910/DVN/WRXN2D,2026-09-28
doi:10.7910/DVN/PKXQDI,2026-09-28
doi:10.7910/DVN/FGDA4J,2026-09-28
doi:10.7910/DVN/FIMJQ1,2026-09-28
doi:10.7910/DVN/HTXY3R,2026-09-28
doi:10.7910/DVN/A5KG4Y,2026-09-28
doi:10.7910/DVN/8YCKWA,2026-09-28
doi:10.7910/DVN/AZKOHZ,2026-09-28
doi:10.7910/DVN/HNO60Z,2026-09-28
doi:10.7910/DVN/LG1LY9,2026-09-28
doi:10.7910/DVN/10QJZV,2026-09-28
doi:10.7910/DVN/CLDBY9,2026-09-28
doi:10.7910/DVN/RUWLHQ,2026-09-28
doi:10.7910/DVN/PLB1B4,2026-09-28
doi:10.7910/DVN/LKMYBQ,2026-09-28
doi:10.7910/DVN/O1AZDL,2026-09-28
doi:10.7910/DVN/UH2NQW,2026-09-28
doi:10.7910/DVN/QMGHDJ,2026-09-28
doi:10.7910/DVN/K86FNS,2026-09-28
doi:10.7910/DVN/S0O9TK,2026-09-28
doi:10.7910/DVN/ZFW6TN,2026-09-28
doi:10.7910/DVN/PTRCHB,2026-09-28
doi:10.7910/DVN/7GIINF,2026-09-28
doi:10.7910/DVN/Y9DBRN,2026-09-28
doi:10.7910/DVN/BOPOZC,2026-09-28
doi:10.7910/DVN/5CPRNM,2026-09-28
doi:10.7910/DVN/CJ5XWZ,2026-09-28
doi:10.7910/DVN/YCRIPD,2026-09-28
doi:10.7910/DVN/E4AJZF,2026-09-28
doi:10.7910/DVN/PC0TLQ,2026-09-28
doi:10.7910/DVN/ATU1XB,2026-09-28
doi:10.7910/DVN/FMQVWD,2026-09-28
doi:10.7910/DVN/OPIPYE,2026-09-28
doi:10.7910/DVN/KVJMEZ,2026-09-28
doi:10.7910/DVN/L0RVXJ,2026-09-28
doi:10.7910/DVN/DT3KUE,2026-09-28
doi:10.7910/DVN/9ZW4CY,2026-09-28
doi:10.7910/DVN/98RISM,2026-09-28
doi:10.7910/DVN/DNHS7F,2026-09-28
doi:10.7910/DVN/LCNABE,2026-09-28
doi:10.7910/DVN/FGDBKR,2026-09-28
doi:10.7910/DVN/YOKCX6,2026-09-28
doi:10.7910/DVN/MTOZSN,2026-09-28
doi:10.7910/DVN/J9BOHR,2026-09-28
doi:10.7910/DVN/FWOATK,2026-09-28
doi:10.7910/DVN/3GFZ9L,2026-09-28
doi:10.7910/DVN/QVMLBY,2026-09-28
doi:10.7910/DVN/VEDYMM,2026-09-28
doi:10.7910/DVN/OH6SXO,2026-09-28
doi:10.7910/DVN/F7CQOM,2026-09-28
doi:10.7910/DVN/PEAVFE,2026-09-28
doi:10.7910/DVN/MP3HQU,2026-09-28
doi:10.7910/DVN/ENEHLE,2026-09-28
doi:10.7910/DVN/CHDGRF,2026-09-28
doi:10.7910/DVN/WEUXB7,2026-09-28
doi:10.7910/DVN/9LWIDA,2026-09-28
doi:10.7910/DVN/QXVYZW,2026-09-28
doi:10.7910/DVN/A9KPUS,2026-09-28
doi:10.7910/DVN/GBLKVP,2026-09-28
doi:10.7910/DVN/B7J76Y,2026-09-28
doi:10.7910/DVN/M2U0KV,2026-09-28
doi:10.7910/DVN/WR7SYV,2026-09-28
doi:10.7910/DVN/85URRX,2026-09-28
doi:10.7910/DVN/6B9C1N,2026-09-28
doi:10.7910/DVN/AZEOHU,2026-09-28
doi:10.7910/DVN/4TKUSP,2026-09-28
doi:10.7910/DVN/JPAP7Z,2026-09-28
doi:10.7910/DVN/GFWQCE,2026-09-28
doi:10.7910/DVN/QTBTB1,2026-09-28
doi:10.7910/DVN/WQRZHS,2026-09-28
doi:10.7910/DVN/U4USLF,2026-09-28
doi:10.7910/DVN/VX6ST9,2026-09-28
doi:10.7910/DVN/KVRVLB,2026-09-28
doi:10.7910/DVN/VSSTTR,2026-09-28
doi:10.7910/DVN/3HDSM8,2026-09-28
doi:10.7910/DVN/LSLVLT,2026-09-28
doi:10.7910/DVN/OQ7EA8,2026-09-28
doi:10.7910/DVN/ED8ZOO,2026-09-28
doi:10.7910/DVN/96DG2V,2026-09-28
doi:10.7910/DVN/LJIO0F,2026-09-28
doi:10.7910/DVN/1EHQQS,2026-09-28
doi:10.7910/DVN/NAKSU2,2026-09-28
doi:10.7910/DVN/7SECSL,2026-09-28
doi:10.7910/DVN/HOSWS7,2026-09-28
doi:10.7910/DVN/MR1QW3,2026-09-28
doi:10.7910/DVN/NMTCUS,2026-09-28
doi:10.7910/DVN/ULLGEK,2026-09-28
doi:10.7910/DVN/UODSVV,2026-09-28
doi:10.7910/DVN/KZWPM5,2026-09-28
doi:10.7910/DVN/8NXK2Y,2026-09-28
doi:10.7910/DVN/XGUAZV,2026-09-28
doi:10.7910/DVN/Z02C8Y,2026-09-28
doi:10.7910/DVN/68HD2N,2026-09-28
doi:10.7910/DVN/XHDOZU,2026-09-28
doi:10.7910/DVN/DDIWGS,2026-09-28
doi:10.7910/DVN/4QCWML,2026-09-28
doi:10.7910/DVN/PQB8F8,2026-09-28
doi:10.7910/DVN/YZJXUH,2026-09-28
doi:10.7910/DVN/7P2GSV,2026-09-28
doi:10.7910/DVN/GJNJZE,2026-09-28
doi:10.7910/DVN/XCKXVZ,2026-09-28
doi:10.7910/DVN/XEE99U,2026-09-28
doi:10.7910/DVN/K37OJN,2026-09-28
doi:10.7910/DVN/FMOSHH,2026-09-28
doi:10.7910/DVN/ZAP6KU,2026-09-28
doi:10.7910/DVN/JSOWUR,2026-09-28
doi:10.7910/DVN/ZAZAD6,2026-09-28
doi:10.7910/DVN/X7NKSL,2026-09-28
doi:10.7910/DVN/R8EJWA,2026-09-28
doi:10.7910/DVN/ZI5VFA,2026-09-28
doi:10.7910/DVN/5GQIVU,2026-09-28
doi:10.7910/DVN/8YWCF9,2026-09-28
doi:10.7910/DVN/GJTFKQ,2026-09-28
doi:10.7910/DVN/XKCSL3,2026-09-28
doi:10.7910/DVN/ZEVYO1,2026-09-28
doi:10.7910/DVN/LKFOMW,2026-09-28
doi:10.7910/DVN/T9BD35,2026-09-28
doi:10.7910/DVN/DEKS5Z,2026-09-28
doi:10.7910/DVN/JQEAG2,2026-09-28
doi:10.7910/DVN/A8WOCU,2026-09-28
doi:10.7910/DVN/FAGL6V,2026-09-28
doi:10.7910/DVN/ZJG8EQ,2026-09-28
doi:10.7910/DVN/ME2W6U,2026-09-28
doi:10.7910/DVN/6DKV0B,2026-09-28
doi:10.7910/DVN/IX6PBW,2026-09-28
doi:10.7910/DVN/K2QBK6,2026-09-28
doi:10.7910/DVN/BE99YA,2026-09-28
doi:10.7910/DVN/MKOBET,2026-09-28
doi:10.7910/DVN/ZP9Y6Q,2026-09-28
doi:10.7910/DVN/V1LMZ5,2026-09-28
doi:10.7910/DVN/MKP7IQ,2026-09-28
doi:10.7910/DVN/BONQSQ,2026-09-28
doi:10.7910/DVN/DDWWJW,2026-09-28
doi:10.7910/DVN/GOYSFK,2026-09-28
doi:10.7910/DVN/VETQG9,2026-09-28
doi:10.7910/DVN/YX4S5X,2026-09-28
doi:10.7910/DVN/JTEHKJ,2026-09-28
doi:10.7910/DVN/KCTYRK,2026-09-28
doi:10.7910/DVN/HREANC,2026-09-28
doi:10.7910/DVN/SMKKMA,2026-09-28
doi:10.7910/DVN/QUJY64,2026-09-28
doi:10.7910/DVN/OJCMX8,2026-09-28
doi:10.7910/DVN/CKENYM,2026-09-28
doi:10.7910/DVN/FMZQMJ,2026-09-28
doi:10.7910/DVN/3WGSR0,2026-09-28
doi:10.7910/DVN/DZT7ZR,2026-09-28
doi:10.7910/DVN/55Y5RU,2026-09-28
doi:10.7910/DVN/X5FLRX,2026-09-28
doi:10.7910/DVN/GDILSM,2026-09-28
doi:10.7910/DVN/ZVQUB2,2026-09-28
doi:10.7910/DVN/22O4DB,2026-09-28
doi:10.7910/DVN/FA6TOE,2026-09-28
doi:10.7910/DVN/E887OL,2026-09-28
doi:10.7910/DVN/GYSP8I,2026-09-28
doi:10.7910/DVN/5EETZA,2026-09-28
doi:10.7910/DVN/AZHTBT,2026-09-28
doi:10.7910/DVN/WMFPW7,2026-09-28
doi:10.7910/DVN/YY2BVS,2026-09-28
doi:10.7910/DVN/6ZBJMW,2026-09-28
doi:10.7910/DVN/AER5QJ,2026-09-28
doi:10.7910/DVN/SDDXRT,2026-09-28
doi:10.7910/DVN/D1TW2Y,2026-09-28
doi:10.7910/DVN/DCIWA5,2026-09-28
doi:10.7910/DVN/DTFRAR,2026-09-28
doi:10.7910/DVN/WOHUFP,2026-09-28
doi:10.7910/DVN/TXY7OY,2026-09-28
doi:10.7910/DVN/ACUCBV,2026-09-28
doi:10.7910/DVN/7WIRJ7,2026-09-28
doi:10.7910/DVN/E2CEP5,2026-09-28
doi:10.7910/DVN/VIIGNZ,2026-09-28
doi:10.7910/DVN/JCXMZD,2026-09-28
doi:10.7910/DVN/ULQCQ6,2026-09-28
doi:10.7910/DVN/IYAX3D,2026-09-28
doi:10.7910/DVN/PBGCOX,2026-09-28
doi:10.7910/DVN/20HOBW,2026-09-28
doi:10.7910/DVN/8K9BBR,2026-09-28
doi:10.7910/DVN/TQYZ4O,2026-09-28
doi:10.7910/DVN/GVNEI2,2026-09-28
doi:10.7910/DVN/IG8JVL,2026-09-28
doi:10.7910/DVN/AUKZLS,2026-09-28
doi:10.7910/DVN/6UHIH3,2026-09-28
doi:10.7910/DVN/IQHZKB,2026-09-28
doi:10.7910/DVN/KAJNYY,2026-09-28
doi:10.7910/DVN/O4WC1N,2026-09-28
doi:10.7910/DVN/I2CZQY,2026-09-28
doi:10.7910/DVN/SAJCVL,2026-09-28
doi:10.7910/DVN/YWO87E,2026-09-28
doi:10.7910/DVN/9D2NAC,2026-09-28
doi:10.7910/DVN/F7JJDP,2026-09-28
doi:10.7910/DVN/A819NG,2026-09-28
doi:10.7910/DVN/2BF2HB,2026-09-28
doi:10.7910/DVN/TX7N7L,2026-09-28
doi:10.7910/DVN/SWCLPU,2026-09-28
doi:10.7910/DVN/5DJLY8,2026-09-28
doi:10.7910/DVN/JTSCJF,2026-09-28
doi:10.7910/DVN/XZ53RA,2026-09-28
doi:10.7910/DVN/ATHARK,2026-09-28
doi:10.7910/DVN/KXMJMZ,2026-09-28
doi:10.7910/DVN/K2KW5C,2026-09-28
doi:10.7910/DVN/ZCBT2N,2026-09-28
doi:10.7910/DVN/87AUMD,2026-09-28
doi:10.7910/DVN/YEXMER,2026-09-28
doi:10.7910/DVN/YGOOUR,2026-09-28
doi:10.7910/DVN/BSSEDQ,2026-09-28
doi:10.7910/DVN/KY3WAE,2026-09-28
doi:10.7910/DVN/SIPXCZ,2026-09-28
doi:10.7910/DVN/GJIBCB,2026-09-28
doi:10.7910/DVN/DWJZIW,2026-09-28
doi:10.7910/DVN/VKLZ2V,2026-09-28
doi:10.7910/DVN/XWQLRU,2026-09-28
doi:10.7910/DVN/QRC2JN,2026-09-28
doi:10.7910/DVN/IEOZOA,2026-09-28
doi:10.7910/DVN/UXSB23,2026-09-28
doi:10.7910/DVN/3IC00L,2026-09-28
doi:10.7910/DVN/9VWAB0,2026-09-28
doi:10.7910/DVN/V5CGTS,2026-09-28
doi:10.7910/DVN/UJE5AS,2026-09-28
doi:10.7910/DVN/VRRYDM,2026-09-28
doi:10.7910/DVN/W3NJYY,2026-09-28
doi:10.7910/DVN/2XSVWA,2026-09-28
doi:10.7910/DVN/6SVJRS,2026-09-28
doi:10.7910/DVN/1R6OOC,2026-09-28
doi:10.7910/DVN/C3OKEJ,2026-09-28
doi:10.7910/DVN/EPJSYS,2026-09-28
doi:10.7910/DVN/UQOMMF,2026-09-28
doi:10.7910/DVN/WKLS8I,2026-09-28
doi:10.7910/DVN/AKN8TY,2026-09-28
doi:10.7910/DVN/5TZWT2,2026-09-28
doi:10.7910/DVN/LVYOKM,2026-09-28
doi:10.7910/DVN/SWTEAN,2026-09-28
doi:10.7910/DVN/SY5NEY,2026-09-28
doi:10.7910/DVN/6LBE2R,2026-09-28
doi:10.7910/DVN/29361,2026-09-28
doi:10.7910/DVN/TNQSVS,2026-09-28
doi:10.7910/DVN/KN0U9W,2026-09-28
doi:10.7910/DVN/29744,2026-09-28
doi:10.7910/DVN/29945,2026-09-28
doi:10.7910/DVN/IMLVVG,2026-09-28
doi:10.7910/DVN/29473,2026-09-28
doi:10.7910/DVN/29501,2026-09-28
doi:10.7910/DVN/29221,2026-09-28
doi:10.7910/DVN/28946,2026-09-28
doi:10.7910/DVN/28493,2026-09-28
doi:10.7910/DVN/28372,2026-09-28
doi:10.7910/DVN/27771,2026-09-28
doi:10.7910/DVN/27841,2026-09-28
doi:10.7910/DVN/27749,2026-09-28
doi:10.7910/DVN/27379,2026-09-28
doi:10.7910/DVN/27676,2026-09-28
doi:10.7910/DVN/27444,2026-09-28
doi:10.7910/DVN/27258,2026-09-28
doi:10.7910/DVN/26655,2026-09-28
doi:10.7910/DVN/26637,2026-09-28
doi:10.7910/DVN/26459,2026-09-28
doi:10.7910/DVN/25879,2026-09-28
doi:10.7910/DVN/25894,2026-09-28
doi:10.7910/DVN/25853,2026-09-28
doi:10.7910/DVN/25637,2026-09-28
doi:10.7910/DVN/24941,2026-09-28
doi:10.7910/DVN/24354,2026-09-28
doi:10.7910/DVN/2B0CFO,2026-09-28
doi:10.7910/DVN/FXO99A,2026-09-28
doi:10.7910/DVN/QNXTKY,2026-09-28
doi:10.7910/DVN/DUC9DF,2026-09-28
doi:10.7910/DVN/DZ8BUS,2026-09-28
doi:10.7910/DVN/FEAZTU,2026-09-28
doi:10.7910/DVN/HHZAQS,2026-09-28
doi:10.7910/DVN/RE9K4C,2026-09-28
doi:10.7910/DVN/RDRPC0,2026-09-28
doi:10.7910/DVN/ZSR0LK,2026-09-28
doi:10.7910/DVN/ENGP1O,2026-09-28
doi:10.7910/DVN/IHXT4Q,2026-09-28
doi:10.7910/DVN/WJHHAU,2026-09-28
doi:10.7910/DVN/CUWQAC,2026-09-28
doi:10.7910/DVN/RM8RTS,2026-09-28
doi:10.7910/DVN/KJGDEW,2026-09-28
doi:10.7910/DVN/VMJLUQ,2026-09-28
doi:10.7910/DVN/ULFOGD,2026-09-28
doi:10.7910/DVN/HGZGCY,2026-09-28
doi:10.7910/DVN/TEB9SH,2026-09-28
doi:10.7910/DVN/GTW8CU,2026-09-28
doi:10.7910/DVN/ZW46YI,2026-09-28
doi:10.7910/DVN/AT0QNG,2026-09-28
doi:10.7910/DVN/MVIVTW,2026-09-28
doi:10.7910/DVN/RONPWR,2026-09-28
doi:10.7910/DVN/WIRMLK,2026-09-28
doi:10.7910/DVN/NHG54V,2026-09-28
doi:10.7910/DVN/8PDOGJ,2026-09-28
doi:10.7910/DVN/PFAGEE,2026-09-28
doi:10.7910/DVN/7OWHLM,2026-09-28
doi:10.7910/DVN/THPBRR,2026-09-28
doi:10.7910/DVN/4RDWYR,2026-09-28
doi:10.7910/DVN/SZPAM7,2026-09-28
doi:10.7910/DVN/9RBEPV,2026-09-28
doi:10.7910/DVN/IYR6QO,2026-09-28
doi:10.7910/DVN/0SHEBT,2026-09-28
doi:10.7910/DVN/ROOSKG,2026-09-28
doi:10.7910/DVN/6FKNJO,2026-09-28
doi:10.7910/DVN/EJM8SW,2026-09-28
doi:10.7910/DVN/HL9K9X,2026-09-28
doi:10.7910/DVN/CCI2ZQ,2026-09-28
doi:10.7910/DVN/XXR0Z2,2026-09-28
doi:10.7910/DVN/XXQX2G,2026-09-28
doi:10.7910/DVN/A3ADH4,2026-09-28
doi:10.7910/DVN/ZXCXNV,2026-09-28
doi:10.7910/DVN/IWXIDL,2026-09-28
doi:10.7910/DVN/T384KW,2026-09-28
doi:10.7910/DVN/PAY8IA,2026-09-28
doi:10.7910/DVN/Z9UB1H,2026-09-28
doi:10.7910/DVN/RSIGIH,2026-09-28
doi:10.7910/DVN/YRT02R,2026-09-28
doi:10.7910/DVN/7PWUFL,2026-09-28
doi:10.7910/DVN/ESQQAG,2026-09-28
doi:10.7910/DVN/V1VESK,2026-09-28
doi:10.7910/DVN/RRTXJJ,2026-09-28
doi:10.7910/DVN/4R486M,2026-09-28
doi:10.7910/DVN/2QRWGO,2026-09-28
doi:10.7910/DVN/6DJFDZ,2026-09-28
doi:10.7910/DVN/L7F1WN,2026-09-28
doi:10.7910/DVN/2MEGEC,2026-09-28
doi:10.7910/DVN/YWWTIJ,2026-09-28
doi:10.7910/DVN/C94PHX,2026-09-28
doi:10.7910/DVN/NZ4C5R,2026-09-28
doi:10.7910/DVN/VHAH07,2026-09-28
doi:10.7910/DVN/YABILJ,2026-09-28
doi:10.7910/DVN/HW1QMT,2026-09-28
doi:10.7910/DVN/ELZ5RT,2026-09-28
doi:10.7910/DVN/3I30Z8,2026-09-28
doi:10.7910/DVN/XQQOTH,2026-09-28
doi:10.7910/DVN/MJC2HA,2026-09-28
doi:10.7910/DVN/QL4HNQ,2026-09-28
doi:10.7910/DVN/4CAPRB,2026-09-28
doi:10.7910/DVN/ABNPV8,2026-09-28
doi:10.7910/DVN/1OFILL,2026-09-28
doi:10.7910/DVN/W7OXER,2026-09-28
doi:10.7910/DVN/Y8W0L4,2026-09-28
doi:10.7910/DVN/NTAMVV,2026-09-28
doi:10.7910/DVN/KOVWWO,2026-09-28
doi:10.7910/DVN/5VUX6O,2026-09-28
doi:10.7910/DVN/DKPWUB,2026-09-28
doi:10.7910/DVN/NERMNN,2026-09-28
doi:10.7910/DVN/JO6ZB5,2026-09-28
doi:10.7910/DVN/VIYZJV,2026-09-28
doi:10.7910/DVN/7TRRDO,2026-09-28
doi:10.7910/DVN/UBHB8R,2026-09-28
doi:10.7910/DVN/OLIG43,2026-09-28
doi:10.7910/DVN/Q7S7H4,2026-09-28
doi:10.7910/DVN/JRUT1X,2026-09-28
doi:10.7910/DVN/MCMMMU,2026-09-28
doi:10.7910/DVN/I5XR0U,2026-09-28
doi:10.7910/DVN/DLORKM,2026-09-28
doi:10.7910/DVN/EYSJGN,2026-09-28
